{
  "type": "FeatureCollection",
  "name": "BinSight representative OSM-road routes",
  "crs_note": "RFC 7946 WGS84 longitude/latitude",
  "attribution": "\u00a9 OpenStreetMap contributors; ODbL",
  "features": [
    {
      "type": "Feature",
      "properties": {
        "policy": "fixed",
        "day": 4,
        "trip": 1,
        "distance_km_for_dispatch": 86.122,
        "unload_destination": "recycling_facility"
      },
      "geometry": {
        "type": "LineString",
        "coordinates": [
          [
            101.552848,
            3.061929
          ],
          [
            101.552803,
            3.062549
          ],
          [
            101.552698,
            3.062811
          ],
          [
            101.552588,
            3.062892
          ],
          [
            101.552408,
            3.062886
          ],
          [
            101.552337,
            3.06288
          ],
          [
            101.550849,
            3.062489
          ],
          [
            101.550912,
            3.062408
          ],
          [
            101.550937,
            3.062311
          ],
          [
            101.551199,
            3.061285
          ],
          [
            101.551416,
            3.060437
          ],
          [
            101.551448,
            3.060312
          ],
          [
            101.551606,
            3.05972
          ],
          [
            101.551628,
            3.059402
          ],
          [
            101.551585,
            3.059182
          ],
          [
            101.551483,
            3.058899
          ],
          [
            101.551385,
            3.058729
          ],
          [
            101.551216,
            3.058547
          ],
          [
            101.550914,
            3.058297
          ],
          [
            101.550406,
            3.057899
          ],
          [
            101.54993,
            3.057536
          ],
          [
            101.549789,
            3.057438
          ],
          [
            101.549666,
            3.057343
          ],
          [
            101.549423,
            3.057164
          ],
          [
            101.548999,
            3.05684
          ],
          [
            101.548842,
            3.056679
          ],
          [
            101.548736,
            3.056508
          ],
          [
            101.548657,
            3.056308
          ],
          [
            101.548449,
            3.055609
          ],
          [
            101.548467,
            3.055467
          ],
          [
            101.548514,
            3.055344
          ],
          [
            101.548604,
            3.055197
          ],
          [
            101.548653,
            3.05516
          ],
          [
            101.548729,
            3.05511
          ],
          [
            101.548812,
            3.05507
          ],
          [
            101.549041,
            3.055014
          ],
          [
            101.549226,
            3.054974
          ],
          [
            101.550239,
            3.054826
          ],
          [
            101.550618,
            3.054776
          ],
          [
            101.550917,
            3.054733
          ],
          [
            101.551468,
            3.054734
          ],
          [
            101.551981,
            3.054763
          ],
          [
            101.552204,
            3.054798
          ],
          [
            101.55247,
            3.054849
          ],
          [
            101.552689,
            3.054919
          ],
          [
            101.553038,
            3.055027
          ],
          [
            101.553168,
            3.055077
          ],
          [
            101.553348,
            3.055158
          ],
          [
            101.553622,
            3.055284
          ],
          [
            101.554236,
            3.055634
          ],
          [
            101.554638,
            3.055874
          ],
          [
            101.554963,
            3.056121
          ],
          [
            101.555319,
            3.05648
          ],
          [
            101.555571,
            3.056783
          ],
          [
            101.555768,
            3.057054
          ],
          [
            101.556026,
            3.057484
          ],
          [
            101.556181,
            3.057801
          ],
          [
            101.556241,
            3.057925
          ],
          [
            101.556266,
            3.057994
          ],
          [
            101.556315,
            3.05813
          ],
          [
            101.556464,
            3.058632
          ],
          [
            101.556532,
            3.058941
          ],
          [
            101.556614,
            3.059315
          ],
          [
            101.556655,
            3.059504
          ],
          [
            101.55669,
            3.059668
          ],
          [
            101.55675,
            3.060127
          ],
          [
            101.556774,
            3.06034
          ],
          [
            101.556795,
            3.060757
          ],
          [
            101.556795,
            3.060841
          ],
          [
            101.556795,
            3.061317
          ],
          [
            101.556754,
            3.062018
          ],
          [
            101.556708,
            3.06224
          ],
          [
            101.556667,
            3.062512
          ],
          [
            101.556591,
            3.062849
          ],
          [
            101.556558,
            3.062996
          ],
          [
            101.556494,
            3.063284
          ],
          [
            101.556407,
            3.063914
          ],
          [
            101.556327,
            3.064615
          ],
          [
            101.556285,
            3.064862
          ],
          [
            101.556204,
            3.065232
          ],
          [
            101.556162,
            3.065421
          ],
          [
            101.55614,
            3.065655
          ],
          [
            101.556011,
            3.066647
          ],
          [
            101.555973,
            3.06756
          ],
          [
            101.555942,
            3.068041
          ],
          [
            101.555921,
            3.068731
          ],
          [
            101.555881,
            3.069792
          ],
          [
            101.55584,
            3.070879
          ],
          [
            101.555668,
            3.07241
          ],
          [
            101.555623,
            3.07285
          ],
          [
            101.555586,
            3.07321
          ],
          [
            101.555531,
            3.073746
          ],
          [
            101.555508,
            3.073946
          ],
          [
            101.555487,
            3.074183
          ],
          [
            101.555423,
            3.074826
          ],
          [
            101.555411,
            3.07495
          ],
          [
            101.555372,
            3.075335
          ],
          [
            101.555367,
            3.075443
          ],
          [
            101.55559,
            3.075504
          ],
          [
            101.55647,
            3.075772
          ],
          [
            101.556691,
            3.075797
          ],
          [
            101.556934,
            3.075823
          ],
          [
            101.557242,
            3.075842
          ],
          [
            101.557598,
            3.075829
          ],
          [
            101.557957,
            3.075844
          ],
          [
            101.558566,
            3.07604
          ],
          [
            101.560959,
            3.076838
          ],
          [
            101.56253,
            3.07741
          ],
          [
            101.565736,
            3.07856
          ],
          [
            101.566258,
            3.07876
          ],
          [
            101.56677,
            3.078975
          ],
          [
            101.567419,
            3.079313
          ],
          [
            101.570665,
            3.081277
          ],
          [
            101.57113,
            3.081534
          ],
          [
            101.571524,
            3.081727
          ],
          [
            101.571826,
            3.081845
          ],
          [
            101.572037,
            3.081919
          ],
          [
            101.572386,
            3.082001
          ],
          [
            101.572679,
            3.082045
          ],
          [
            101.572845,
            3.082065
          ],
          [
            101.573194,
            3.082096
          ],
          [
            101.573698,
            3.082132
          ],
          [
            101.574496,
            3.082183
          ],
          [
            101.576276,
            3.0823
          ],
          [
            101.57718,
            3.082349
          ],
          [
            101.578051,
            3.082404
          ],
          [
            101.579826,
            3.082534
          ],
          [
            101.579921,
            3.082631
          ],
          [
            101.580082,
            3.082722
          ],
          [
            101.580136,
            3.08277
          ],
          [
            101.580173,
            3.082833
          ],
          [
            101.580208,
            3.082896
          ],
          [
            101.580231,
            3.082954
          ],
          [
            101.580248,
            3.083017
          ],
          [
            101.580252,
            3.083086
          ],
          [
            101.580218,
            3.083224
          ],
          [
            101.580153,
            3.083315
          ],
          [
            101.580102,
            3.083371
          ],
          [
            101.58004,
            3.083403
          ],
          [
            101.579978,
            3.08343
          ],
          [
            101.579922,
            3.083443
          ],
          [
            101.57985,
            3.083441
          ],
          [
            101.579753,
            3.083416
          ],
          [
            101.579693,
            3.083382
          ],
          [
            101.579648,
            3.083343
          ],
          [
            101.579574,
            3.083234
          ],
          [
            101.579537,
            3.083139
          ],
          [
            101.579512,
            3.083046
          ],
          [
            101.579499,
            3.082907
          ],
          [
            101.579504,
            3.082755
          ],
          [
            101.579535,
            3.082475
          ],
          [
            101.579582,
            3.082084
          ],
          [
            101.579614,
            3.081904
          ],
          [
            101.579689,
            3.081548
          ],
          [
            101.579717,
            3.081386
          ],
          [
            101.579748,
            3.081083
          ],
          [
            101.579778,
            3.080631
          ],
          [
            101.579813,
            3.080303
          ],
          [
            101.579832,
            3.080201
          ],
          [
            101.579855,
            3.080133
          ],
          [
            101.579893,
            3.080015
          ],
          [
            101.579972,
            3.079849
          ],
          [
            101.580121,
            3.079736
          ],
          [
            101.58037,
            3.079629
          ],
          [
            101.580561,
            3.079583
          ],
          [
            101.580794,
            3.079586
          ],
          [
            101.581429,
            3.079617
          ],
          [
            101.581839,
            3.079722
          ],
          [
            101.582151,
            3.079846
          ],
          [
            101.582842,
            3.080159
          ],
          [
            101.583358,
            3.080393
          ],
          [
            101.583645,
            3.080523
          ],
          [
            101.58429,
            3.080844
          ],
          [
            101.584412,
            3.080911
          ],
          [
            101.584486,
            3.08079
          ],
          [
            101.584677,
            3.08047
          ],
          [
            101.584782,
            3.080288
          ],
          [
            101.585006,
            3.079916
          ],
          [
            101.585059,
            3.079829
          ],
          [
            101.58565,
            3.07885
          ],
          [
            101.585897,
            3.07844
          ],
          [
            101.58606,
            3.078525
          ],
          [
            101.586131,
            3.078543
          ],
          [
            101.586324,
            3.078594
          ],
          [
            101.586414,
            3.078612
          ],
          [
            101.58649,
            3.078623
          ],
          [
            101.586984,
            3.078625
          ],
          [
            101.588166,
            3.078631
          ],
          [
            101.588434,
            3.078632
          ],
          [
            101.589032,
            3.078633
          ],
          [
            101.589139,
            3.078634
          ],
          [
            101.589139,
            3.078415
          ],
          [
            101.589138,
            3.077432
          ],
          [
            101.589138,
            3.077372
          ],
          [
            101.589138,
            3.077027
          ],
          [
            101.589138,
            3.076768
          ],
          [
            101.588903,
            3.076529
          ],
          [
            101.58874,
            3.076363
          ],
          [
            101.588738,
            3.076361
          ],
          [
            101.588498,
            3.076117
          ],
          [
            101.58826,
            3.075876
          ],
          [
            101.588182,
            3.075876
          ],
          [
            101.587433,
            3.075876
          ],
          [
            101.587381,
            3.075876
          ],
          [
            101.586395,
            3.075876
          ],
          [
            101.586396,
            3.075831
          ],
          [
            101.586399,
            3.075528
          ],
          [
            101.58641,
            3.075218
          ],
          [
            101.586412,
            3.075197
          ],
          [
            101.586411,
            3.075113
          ],
          [
            101.586267,
            3.075112
          ],
          [
            101.586176,
            3.075112
          ],
          [
            101.586179,
            3.074203
          ],
          [
            101.586175,
            3.073921
          ],
          [
            101.586174,
            3.073793
          ],
          [
            101.586172,
            3.073466
          ],
          [
            101.586172,
            3.073424
          ],
          [
            101.586173,
            3.073011
          ],
          [
            101.586173,
            3.072982
          ],
          [
            101.586177,
            3.072678
          ],
          [
            101.58619,
            3.071798
          ],
          [
            101.586358,
            3.071805
          ],
          [
            101.586746,
            3.071805
          ],
          [
            101.588739,
            3.071805
          ],
          [
            101.588805,
            3.071805
          ],
          [
            101.588853,
            3.071794
          ],
          [
            101.588894,
            3.071774
          ],
          [
            101.588913,
            3.07174
          ],
          [
            101.588924,
            3.071694
          ],
          [
            101.588931,
            3.071486
          ],
          [
            101.588928,
            3.071247
          ],
          [
            101.588896,
            3.07116
          ],
          [
            101.588788,
            3.071131
          ],
          [
            101.5877,
            3.071135
          ],
          [
            101.586421,
            3.071139
          ],
          [
            101.586358,
            3.07114
          ],
          [
            101.586358,
            3.071805
          ],
          [
            101.586359,
            3.071878
          ],
          [
            101.586359,
            3.072464
          ],
          [
            101.586356,
            3.072561
          ],
          [
            101.586357,
            3.072677
          ],
          [
            101.586416,
            3.072791
          ],
          [
            101.586505,
            3.072876
          ],
          [
            101.586649,
            3.072907
          ],
          [
            101.587103,
            3.072907
          ],
          [
            101.587271,
            3.072908
          ],
          [
            101.587277,
            3.073011
          ],
          [
            101.58649,
            3.073015
          ],
          [
            101.586447,
            3.073015
          ],
          [
            101.586173,
            3.073011
          ],
          [
            101.586063,
            3.07301
          ],
          [
            101.58607,
            3.073424
          ],
          [
            101.58607,
            3.073465
          ],
          [
            101.586067,
            3.073806
          ],
          [
            101.586063,
            3.07417
          ],
          [
            101.586057,
            3.074498
          ],
          [
            101.585873,
            3.074497
          ],
          [
            101.585862,
            3.074884
          ],
          [
            101.585858,
            3.075019
          ],
          [
            101.585866,
            3.075553
          ],
          [
            101.585859,
            3.076116
          ],
          [
            101.58434,
            3.076131
          ],
          [
            101.584349,
            3.076501
          ],
          [
            101.584354,
            3.076737
          ],
          [
            101.584366,
            3.077301
          ],
          [
            101.584378,
            3.077789
          ],
          [
            101.582721,
            3.077805
          ],
          [
            101.582465,
            3.077808
          ],
          [
            101.582082,
            3.077811
          ],
          [
            101.582084,
            3.077403
          ],
          [
            101.581608,
            3.077403
          ],
          [
            101.581293,
            3.077401
          ],
          [
            101.580497,
            3.077389
          ],
          [
            101.580181,
            3.077398
          ],
          [
            101.579843,
            3.077411
          ],
          [
            101.579671,
            3.077461
          ],
          [
            101.579519,
            3.076914
          ],
          [
            101.579282,
            3.076062
          ],
          [
            101.579062,
            3.075269
          ],
          [
            101.578976,
            3.074959
          ],
          [
            101.578872,
            3.074584
          ],
          [
            101.578805,
            3.074338
          ],
          [
            101.578761,
            3.074157
          ],
          [
            101.5787,
            3.073833
          ],
          [
            101.578679,
            3.073483
          ],
          [
            101.578776,
            3.072963
          ],
          [
            101.578848,
            3.072688
          ],
          [
            101.579071,
            3.072217
          ],
          [
            101.579202,
            3.072009
          ],
          [
            101.579668,
            3.071533
          ],
          [
            101.580117,
            3.07114
          ],
          [
            101.580668,
            3.070659
          ],
          [
            101.580831,
            3.070467
          ],
          [
            101.580939,
            3.070301
          ],
          [
            101.581067,
            3.07006
          ],
          [
            101.581119,
            3.069813
          ],
          [
            101.581122,
            3.069548
          ],
          [
            101.581083,
            3.069281
          ],
          [
            101.58101,
            3.069056
          ],
          [
            101.580912,
            3.068862
          ],
          [
            101.580723,
            3.06861
          ],
          [
            101.580528,
            3.068335
          ],
          [
            101.580406,
            3.068107
          ],
          [
            101.580333,
            3.067853
          ],
          [
            101.580268,
            3.067497
          ],
          [
            101.580232,
            3.067084
          ],
          [
            101.58031,
            3.065456
          ],
          [
            101.580315,
            3.065354
          ],
          [
            101.580195,
            3.065349
          ],
          [
            101.57922,
            3.06535
          ],
          [
            101.578758,
            3.06535
          ],
          [
            101.578676,
            3.06535
          ],
          [
            101.578254,
            3.065351
          ],
          [
            101.577316,
            3.065351
          ],
          [
            101.577113,
            3.065351
          ],
          [
            101.576898,
            3.065352
          ],
          [
            101.57675,
            3.065362
          ],
          [
            101.576611,
            3.065391
          ],
          [
            101.576507,
            3.065415
          ],
          [
            101.576251,
            3.065483
          ],
          [
            101.576022,
            3.065544
          ],
          [
            101.575745,
            3.06562
          ],
          [
            101.575694,
            3.065634
          ],
          [
            101.575689,
            3.065755
          ],
          [
            101.575056,
            3.065767
          ],
          [
            101.574433,
            3.065778
          ],
          [
            101.574432,
            3.066033
          ],
          [
            101.574436,
            3.066052
          ],
          [
            101.574445,
            3.066065
          ],
          [
            101.574445,
            3.066065
          ],
          [
            101.575046,
            3.066054
          ],
          [
            101.575056,
            3.065767
          ],
          [
            101.575689,
            3.065755
          ],
          [
            101.576633,
            3.065506
          ],
          [
            101.576666,
            3.065746
          ],
          [
            101.576713,
            3.065764
          ],
          [
            101.577347,
            3.065767
          ],
          [
            101.578029,
            3.065769
          ],
          [
            101.57803,
            3.06588
          ],
          [
            101.578031,
            3.066076
          ],
          [
            101.578032,
            3.066232
          ],
          [
            101.578104,
            3.066303
          ],
          [
            101.578221,
            3.066422
          ],
          [
            101.578519,
            3.066908
          ],
          [
            101.578857,
            3.067433
          ],
          [
            101.578819,
            3.067717
          ],
          [
            101.578797,
            3.067696
          ],
          [
            101.578737,
            3.067641
          ],
          [
            101.578597,
            3.067582
          ],
          [
            101.577004,
            3.067642
          ],
          [
            101.576775,
            3.067679
          ],
          [
            101.576471,
            3.067823
          ],
          [
            101.575678,
            3.068841
          ],
          [
            101.575977,
            3.068984
          ],
          [
            101.576029,
            3.069011
          ],
          [
            101.576082,
            3.069045
          ],
          [
            101.576128,
            3.069102
          ],
          [
            101.576163,
            3.069182
          ],
          [
            101.576177,
            3.069262
          ],
          [
            101.576174,
            3.069329
          ],
          [
            101.57615,
            3.069409
          ],
          [
            101.576106,
            3.06948
          ],
          [
            101.576047,
            3.069537
          ],
          [
            101.575976,
            3.069577
          ],
          [
            101.575913,
            3.069595
          ],
          [
            101.575847,
            3.069601
          ],
          [
            101.575748,
            3.069583
          ],
          [
            101.575679,
            3.069552
          ],
          [
            101.574249,
            3.068856
          ],
          [
            101.573956,
            3.068861
          ],
          [
            101.573823,
            3.068863
          ],
          [
            101.573822,
            3.068965
          ],
          [
            101.573832,
            3.069298
          ],
          [
            101.573838,
            3.069602
          ],
          [
            101.573847,
            3.069716
          ],
          [
            101.574338,
            3.069709
          ],
          [
            101.574472,
            3.069727
          ],
          [
            101.575142,
            3.07009
          ],
          [
            101.575186,
            3.070135
          ],
          [
            101.575352,
            3.070513
          ],
          [
            101.576305,
            3.070492
          ],
          [
            101.576468,
            3.070487
          ],
          [
            101.576714,
            3.070445
          ],
          [
            101.576837,
            3.070402
          ],
          [
            101.576953,
            3.070345
          ],
          [
            101.577019,
            3.070463
          ],
          [
            101.577053,
            3.070587
          ],
          [
            101.577066,
            3.070761
          ],
          [
            101.577113,
            3.071015
          ],
          [
            101.57708,
            3.071253
          ],
          [
            101.576873,
            3.071574
          ],
          [
            101.576647,
            3.071705
          ],
          [
            101.576446,
            3.071887
          ],
          [
            101.576346,
            3.072024
          ],
          [
            101.576268,
            3.072163
          ],
          [
            101.576221,
            3.072262
          ],
          [
            101.576182,
            3.072442
          ],
          [
            101.576169,
            3.07261
          ],
          [
            101.576176,
            3.072772
          ],
          [
            101.575163,
            3.072865
          ],
          [
            101.575014,
            3.072882
          ],
          [
            101.574982,
            3.072901
          ],
          [
            101.574974,
            3.07293
          ],
          [
            101.574974,
            3.073379
          ],
          [
            101.574939,
            3.073706
          ],
          [
            101.574829,
            3.073932
          ],
          [
            101.574215,
            3.074738
          ],
          [
            101.574214,
            3.074749
          ],
          [
            101.574215,
            3.074758
          ],
          [
            101.57427,
            3.074802
          ],
          [
            101.574665,
            3.075078
          ],
          [
            101.575087,
            3.075413
          ],
          [
            101.575182,
            3.075489
          ],
          [
            101.575341,
            3.07528
          ],
          [
            101.575562,
            3.074988
          ],
          [
            101.575651,
            3.074875
          ],
          [
            101.57574,
            3.074763
          ],
          [
            101.57578,
            3.07474
          ],
          [
            101.575836,
            3.07473
          ],
          [
            101.576472,
            3.074824
          ],
          [
            101.577234,
            3.074929
          ],
          [
            101.577257,
            3.074754
          ],
          [
            101.577266,
            3.07468
          ],
          [
            101.577288,
            3.07451
          ],
          [
            101.578209,
            3.074595
          ],
          [
            101.578273,
            3.074595
          ],
          [
            101.578341,
            3.07458
          ],
          [
            101.578535,
            3.074533
          ],
          [
            101.578658,
            3.074506
          ],
          [
            101.579258,
            3.076401
          ],
          [
            101.579465,
            3.0771
          ],
          [
            101.579488,
            3.077203
          ],
          [
            101.579536,
            3.077404
          ],
          [
            101.579573,
            3.077692
          ],
          [
            101.579583,
            3.077848
          ],
          [
            101.579593,
            3.078016
          ],
          [
            101.579594,
            3.078077
          ],
          [
            101.579629,
            3.078174
          ],
          [
            101.579497,
            3.080071
          ],
          [
            101.579434,
            3.080607
          ],
          [
            101.579346,
            3.081268
          ],
          [
            101.579309,
            3.081671
          ],
          [
            101.579284,
            3.081999
          ],
          [
            101.579231,
            3.082692
          ],
          [
            101.57923,
            3.082847
          ],
          [
            101.579242,
            3.08297
          ],
          [
            101.579377,
            3.08327
          ],
          [
            101.579445,
            3.083353
          ],
          [
            101.579516,
            3.083424
          ],
          [
            101.579587,
            3.08348
          ],
          [
            101.579655,
            3.083534
          ],
          [
            101.579722,
            3.083566
          ],
          [
            101.579785,
            3.08358
          ],
          [
            101.579861,
            3.083593
          ],
          [
            101.579931,
            3.083596
          ],
          [
            101.580004,
            3.083591
          ],
          [
            101.58007,
            3.08358
          ],
          [
            101.580166,
            3.083548
          ],
          [
            101.580255,
            3.083511
          ],
          [
            101.580322,
            3.083465
          ],
          [
            101.580437,
            3.08338
          ],
          [
            101.580517,
            3.083322
          ],
          [
            101.580699,
            3.083185
          ],
          [
            101.58088,
            3.083078
          ],
          [
            101.581003,
            3.083023
          ],
          [
            101.581095,
            3.082981
          ],
          [
            101.581206,
            3.082954
          ],
          [
            101.581328,
            3.082942
          ],
          [
            101.581441,
            3.082947
          ],
          [
            101.581545,
            3.082961
          ],
          [
            101.581693,
            3.082992
          ],
          [
            101.581876,
            3.083043
          ],
          [
            101.58201,
            3.083091
          ],
          [
            101.582474,
            3.08332
          ],
          [
            101.583026,
            3.083649
          ],
          [
            101.584321,
            3.084439
          ],
          [
            101.584499,
            3.084546
          ],
          [
            101.584734,
            3.084582
          ],
          [
            101.585078,
            3.084784
          ],
          [
            101.585448,
            3.084976
          ],
          [
            101.58581,
            3.085121
          ],
          [
            101.586166,
            3.085221
          ],
          [
            101.586443,
            3.08527
          ],
          [
            101.586703,
            3.085306
          ],
          [
            101.586877,
            3.085311
          ],
          [
            101.587101,
            3.085311
          ],
          [
            101.587444,
            3.085296
          ],
          [
            101.588871,
            3.085185
          ],
          [
            101.590136,
            3.085126
          ],
          [
            101.591195,
            3.085098
          ],
          [
            101.591604,
            3.085074
          ],
          [
            101.591968,
            3.085032
          ],
          [
            101.592304,
            3.08498
          ],
          [
            101.592702,
            3.084906
          ],
          [
            101.592906,
            3.084862
          ],
          [
            101.594164,
            3.084576
          ],
          [
            101.595388,
            3.084301
          ],
          [
            101.596631,
            3.084057
          ],
          [
            101.597874,
            3.083837
          ],
          [
            101.600522,
            3.083331
          ],
          [
            101.600999,
            3.083273
          ],
          [
            101.601229,
            3.083265
          ],
          [
            101.602161,
            3.083257
          ],
          [
            101.603061,
            3.083278
          ],
          [
            101.603309,
            3.083284
          ],
          [
            101.604879,
            3.083333
          ],
          [
            101.605408,
            3.083339
          ],
          [
            101.605851,
            3.083345
          ],
          [
            101.606202,
            3.083349
          ],
          [
            101.606944,
            3.083364
          ],
          [
            101.607362,
            3.083372
          ],
          [
            101.608583,
            3.083352
          ],
          [
            101.609224,
            3.083384
          ],
          [
            101.609986,
            3.083453
          ],
          [
            101.610651,
            3.083553
          ],
          [
            101.611769,
            3.083891
          ],
          [
            101.611983,
            3.083961
          ],
          [
            101.612149,
            3.084018
          ],
          [
            101.612554,
            3.084151
          ],
          [
            101.6131,
            3.084274
          ],
          [
            101.613208,
            3.084277
          ],
          [
            101.613342,
            3.084278
          ],
          [
            101.613375,
            3.084272
          ],
          [
            101.613397,
            3.084259
          ],
          [
            101.613411,
            3.084244
          ],
          [
            101.613464,
            3.083848
          ],
          [
            101.613476,
            3.083756
          ],
          [
            101.613525,
            3.083724
          ],
          [
            101.61355,
            3.083704
          ],
          [
            101.613597,
            3.083671
          ],
          [
            101.613622,
            3.083647
          ],
          [
            101.61364,
            3.08362
          ],
          [
            101.61365,
            3.083588
          ],
          [
            101.613672,
            3.083421
          ],
          [
            101.613676,
            3.083379
          ],
          [
            101.613697,
            3.083148
          ],
          [
            101.613718,
            3.082845
          ],
          [
            101.613727,
            3.082521
          ],
          [
            101.61372,
            3.081998
          ],
          [
            101.613731,
            3.081501
          ],
          [
            101.61373,
            3.081148
          ],
          [
            101.613717,
            3.080795
          ],
          [
            101.613744,
            3.079206
          ],
          [
            101.613751,
            3.078559
          ],
          [
            101.613756,
            3.078128
          ],
          [
            101.613759,
            3.07776
          ],
          [
            101.613794,
            3.077666
          ],
          [
            101.61381,
            3.0768
          ],
          [
            101.613791,
            3.075713
          ],
          [
            101.613791,
            3.0752
          ],
          [
            101.61378,
            3.074992
          ],
          [
            101.613777,
            3.074754
          ],
          [
            101.61365,
            3.074607
          ],
          [
            101.613588,
            3.074541
          ],
          [
            101.613479,
            3.074419
          ],
          [
            101.613395,
            3.074388
          ],
          [
            101.61321,
            3.074393
          ],
          [
            101.612851,
            3.074392
          ],
          [
            101.61255,
            3.074358
          ],
          [
            101.610929,
            3.074103
          ],
          [
            101.610182,
            3.073964
          ],
          [
            101.609917,
            3.073917
          ],
          [
            101.609691,
            3.073892
          ],
          [
            101.60954,
            3.073883
          ],
          [
            101.609234,
            3.073873
          ],
          [
            101.609143,
            3.07387
          ],
          [
            101.608705,
            3.073866
          ],
          [
            101.608523,
            3.073863
          ],
          [
            101.608206,
            3.073869
          ],
          [
            101.607787,
            3.073872
          ],
          [
            101.6073,
            3.073879
          ],
          [
            101.607153,
            3.073881
          ],
          [
            101.606947,
            3.073875
          ],
          [
            101.60673,
            3.073855
          ],
          [
            101.606657,
            3.073849
          ],
          [
            101.606356,
            3.073804
          ],
          [
            101.606118,
            3.073764
          ],
          [
            101.605893,
            3.073723
          ],
          [
            101.605386,
            3.073736
          ],
          [
            101.604654,
            3.073624
          ],
          [
            101.604418,
            3.073583
          ],
          [
            101.603903,
            3.073484
          ],
          [
            101.603508,
            3.073388
          ],
          [
            101.603002,
            3.073277
          ],
          [
            101.602716,
            3.073217
          ],
          [
            101.602444,
            3.073181
          ],
          [
            101.60166,
            3.073127
          ],
          [
            101.600862,
            3.073116
          ],
          [
            101.60076,
            3.073116
          ],
          [
            101.598828,
            3.0731
          ],
          [
            101.598055,
            3.073093
          ],
          [
            101.597831,
            3.073091
          ],
          [
            101.597803,
            3.073091
          ],
          [
            101.59754,
            3.072993
          ],
          [
            101.597275,
            3.072977
          ],
          [
            101.597028,
            3.072978
          ],
          [
            101.596592,
            3.072982
          ],
          [
            101.595521,
            3.072992
          ],
          [
            101.593884,
            3.073009
          ],
          [
            101.593731,
            3.072958
          ],
          [
            101.593495,
            3.072947
          ],
          [
            101.593419,
            3.072922
          ],
          [
            101.593345,
            3.072874
          ],
          [
            101.593275,
            3.072809
          ],
          [
            101.593206,
            3.072691
          ],
          [
            101.593142,
            3.072461
          ],
          [
            101.593158,
            3.071418
          ],
          [
            101.593199,
            3.069096
          ],
          [
            101.593205,
            3.068771
          ],
          [
            101.593185,
            3.066542
          ],
          [
            101.593108,
            3.066197
          ],
          [
            101.593119,
            3.065572
          ],
          [
            101.593126,
            3.065331
          ],
          [
            101.593131,
            3.065165
          ],
          [
            101.593131,
            3.064561
          ],
          [
            101.593121,
            3.063671
          ],
          [
            101.59312,
            3.063521
          ],
          [
            101.593115,
            3.062286
          ],
          [
            101.593098,
            3.061849
          ],
          [
            101.59308,
            3.061601
          ],
          [
            101.593047,
            3.061402
          ],
          [
            101.592992,
            3.061247
          ],
          [
            101.592947,
            3.061108
          ],
          [
            101.592903,
            3.060984
          ],
          [
            101.592793,
            3.060726
          ],
          [
            101.592647,
            3.060383
          ],
          [
            101.592623,
            3.060325
          ],
          [
            101.592615,
            3.060308
          ],
          [
            101.592606,
            3.060287
          ],
          [
            101.592338,
            3.059594
          ],
          [
            101.592264,
            3.059407
          ],
          [
            101.592213,
            3.059262
          ],
          [
            101.592164,
            3.059134
          ],
          [
            101.59211,
            3.058929
          ],
          [
            101.59209,
            3.058802
          ],
          [
            101.592065,
            3.058569
          ],
          [
            101.592055,
            3.057814
          ],
          [
            101.592087,
            3.057171
          ],
          [
            101.592124,
            3.05708
          ],
          [
            101.592167,
            3.057013
          ],
          [
            101.592208,
            3.056965
          ],
          [
            101.592243,
            3.056931
          ],
          [
            101.59226,
            3.056915
          ],
          [
            101.592288,
            3.056904
          ],
          [
            101.592352,
            3.056875
          ],
          [
            101.592472,
            3.056855
          ],
          [
            101.592603,
            3.056916
          ],
          [
            101.592787,
            3.057047
          ],
          [
            101.592954,
            3.057205
          ],
          [
            101.59353,
            3.057747
          ],
          [
            101.593651,
            3.057845
          ],
          [
            101.593814,
            3.057931
          ],
          [
            101.593891,
            3.057963
          ],
          [
            101.593983,
            3.057982
          ],
          [
            101.594059,
            3.057992
          ],
          [
            101.594147,
            3.058001
          ],
          [
            101.594265,
            3.058001
          ],
          [
            101.595413,
            3.058014
          ],
          [
            101.595557,
            3.058015
          ],
          [
            101.596039,
            3.058008
          ],
          [
            101.596538,
            3.058012
          ],
          [
            101.597,
            3.058016
          ],
          [
            101.597045,
            3.058018
          ],
          [
            101.597119,
            3.058021
          ],
          [
            101.597664,
            3.058025
          ],
          [
            101.598137,
            3.058031
          ],
          [
            101.598217,
            3.05803
          ],
          [
            101.598405,
            3.058037
          ],
          [
            101.598499,
            3.058036
          ],
          [
            101.598704,
            3.058031
          ],
          [
            101.598774,
            3.057978
          ],
          [
            101.598852,
            3.057903
          ],
          [
            101.598708,
            3.057904
          ],
          [
            101.598679,
            3.057905
          ],
          [
            101.598455,
            3.057903
          ],
          [
            101.598213,
            3.0579
          ],
          [
            101.597912,
            3.057901
          ],
          [
            101.597061,
            3.057899
          ],
          [
            101.596462,
            3.057893
          ],
          [
            101.595911,
            3.057896
          ],
          [
            101.595071,
            3.057898
          ],
          [
            101.595036,
            3.057898
          ],
          [
            101.594537,
            3.057897
          ],
          [
            101.594353,
            3.057895
          ],
          [
            101.59427,
            3.057893
          ],
          [
            101.594148,
            3.057891
          ],
          [
            101.594044,
            3.057883
          ],
          [
            101.593953,
            3.05787
          ],
          [
            101.593896,
            3.057855
          ],
          [
            101.593874,
            3.057849
          ],
          [
            101.593798,
            3.057818
          ],
          [
            101.593721,
            3.057778
          ],
          [
            101.593634,
            3.057716
          ],
          [
            101.592867,
            3.056985
          ],
          [
            101.59262,
            3.056825
          ],
          [
            101.592392,
            3.056735
          ],
          [
            101.592254,
            3.056706
          ],
          [
            101.592204,
            3.056698
          ],
          [
            101.592156,
            3.05669
          ],
          [
            101.592079,
            3.056674
          ],
          [
            101.591924,
            3.056676
          ],
          [
            101.591817,
            3.056674
          ],
          [
            101.591588,
            3.056671
          ],
          [
            101.5896,
            3.056681
          ],
          [
            101.589453,
            3.056716
          ],
          [
            101.589388,
            3.056729
          ],
          [
            101.589361,
            3.056743
          ],
          [
            101.589346,
            3.056772
          ],
          [
            101.589348,
            3.056814
          ],
          [
            101.589348,
            3.056944
          ],
          [
            101.588822,
            3.056944
          ],
          [
            101.588822,
            3.057505
          ],
          [
            101.588822,
            3.057746
          ],
          [
            101.588822,
            3.058051
          ],
          [
            101.588821,
            3.058598
          ],
          [
            101.588821,
            3.058638
          ],
          [
            101.588821,
            3.059093
          ],
          [
            101.5887,
            3.059093
          ],
          [
            101.588318,
            3.059093
          ],
          [
            101.587871,
            3.059093
          ],
          [
            101.587833,
            3.059093
          ],
          [
            101.587328,
            3.059093
          ],
          [
            101.586864,
            3.059093
          ],
          [
            101.586867,
            3.058627
          ],
          [
            101.586215,
            3.058623
          ],
          [
            101.585226,
            3.058618
          ],
          [
            101.585226,
            3.058644
          ],
          [
            101.584956,
            3.058642
          ],
          [
            101.584667,
            3.058641
          ],
          [
            101.584667,
            3.058804
          ],
          [
            101.582535,
            3.058809
          ],
          [
            101.582066,
            3.058811
          ],
          [
            101.581779,
            3.058811
          ],
          [
            101.581487,
            3.058812
          ],
          [
            101.581488,
            3.058282
          ],
          [
            101.581488,
            3.058
          ],
          [
            101.581489,
            3.057617
          ],
          [
            101.58149,
            3.056952
          ],
          [
            101.581491,
            3.056811
          ],
          [
            101.583348,
            3.056809
          ],
          [
            101.585087,
            3.056816
          ],
          [
            101.585188,
            3.056817
          ],
          [
            101.585189,
            3.05672
          ],
          [
            101.58519,
            3.056316
          ],
          [
            101.585235,
            3.054579
          ],
          [
            101.585233,
            3.054428
          ],
          [
            101.585225,
            3.054268
          ],
          [
            101.58521,
            3.054151
          ],
          [
            101.585189,
            3.054021
          ],
          [
            101.585155,
            3.05387
          ],
          [
            101.585113,
            3.053747
          ],
          [
            101.585063,
            3.053631
          ],
          [
            101.58499,
            3.053494
          ],
          [
            101.584894,
            3.053349
          ],
          [
            101.584785,
            3.05321
          ],
          [
            101.583949,
            3.0522
          ],
          [
            101.583645,
            3.051859
          ],
          [
            101.583564,
            3.051768
          ],
          [
            101.583367,
            3.051531
          ],
          [
            101.583192,
            3.051324
          ],
          [
            101.583118,
            3.051202
          ],
          [
            101.58304,
            3.051063
          ],
          [
            101.583019,
            3.051022
          ],
          [
            101.582977,
            3.050931
          ],
          [
            101.582954,
            3.05085
          ],
          [
            101.582948,
            3.050772
          ],
          [
            101.582945,
            3.050702
          ],
          [
            101.582946,
            3.050591
          ],
          [
            101.582946,
            3.050526
          ],
          [
            101.582947,
            3.050411
          ],
          [
            101.582832,
            3.050411
          ],
          [
            101.582347,
            3.050413
          ],
          [
            101.582209,
            3.05041
          ],
          [
            101.581876,
            3.050408
          ],
          [
            101.579519,
            3.050407
          ],
          [
            101.579516,
            3.049164
          ],
          [
            101.579514,
            3.04802
          ],
          [
            101.579512,
            3.04739
          ],
          [
            101.579511,
            3.046922
          ],
          [
            101.579677,
            3.046926
          ],
          [
            101.579675,
            3.046622
          ],
          [
            101.579673,
            3.04635
          ],
          [
            101.580712,
            3.046349
          ],
          [
            101.580711,
            3.046615
          ],
          [
            101.57972,
            3.046621
          ],
          [
            101.580001,
            3.046619
          ],
          [
            101.580711,
            3.046615
          ],
          [
            101.580711,
            3.046923
          ],
          [
            101.58082,
            3.046922
          ],
          [
            101.580998,
            3.04692
          ],
          [
            101.581211,
            3.046918
          ],
          [
            101.581612,
            3.046913
          ],
          [
            101.581693,
            3.046915
          ],
          [
            101.581696,
            3.047173
          ],
          [
            101.581699,
            3.047452
          ],
          [
            101.5817,
            3.047551
          ],
          [
            101.581701,
            3.047706
          ],
          [
            101.581705,
            3.048018
          ],
          [
            101.582618,
            3.048016
          ],
          [
            101.582719,
            3.048014
          ],
          [
            101.58282,
            3.048011
          ],
          [
            101.58282,
            3.048161
          ],
          [
            101.582819,
            3.048289
          ],
          [
            101.58293,
            3.048292
          ],
          [
            101.582927,
            3.048162
          ],
          [
            101.582913,
            3.047412
          ],
          [
            101.582985,
            3.04724
          ],
          [
            101.583044,
            3.047161
          ],
          [
            101.583079,
            3.047126
          ],
          [
            101.583118,
            3.047094
          ],
          [
            101.583198,
            3.047043
          ],
          [
            101.583294,
            3.046995
          ],
          [
            101.583749,
            3.046998
          ],
          [
            101.584844,
            3.046995
          ],
          [
            101.585303,
            3.046994
          ],
          [
            101.58554,
            3.046999
          ],
          [
            101.585539,
            3.046873
          ],
          [
            101.58554,
            3.046728
          ],
          [
            101.585539,
            3.046174
          ],
          [
            101.585539,
            3.045649
          ],
          [
            101.585636,
            3.045651
          ],
          [
            101.585973,
            3.045652
          ],
          [
            101.586263,
            3.045654
          ],
          [
            101.586571,
            3.045661
          ],
          [
            101.58689,
            3.045659
          ],
          [
            101.586969,
            3.04566
          ],
          [
            101.587201,
            3.045661
          ],
          [
            101.587488,
            3.045664
          ],
          [
            101.587627,
            3.045665
          ],
          [
            101.588067,
            3.045668
          ],
          [
            101.588153,
            3.045655
          ],
          [
            101.588188,
            3.045647
          ],
          [
            101.588231,
            3.045636
          ],
          [
            101.588268,
            3.045623
          ],
          [
            101.588317,
            3.045595
          ],
          [
            101.588415,
            3.045797
          ],
          [
            101.58843,
            3.045818
          ],
          [
            101.588534,
            3.045967
          ],
          [
            101.588805,
            3.046274
          ],
          [
            101.589116,
            3.046628
          ],
          [
            101.58917,
            3.046694
          ],
          [
            101.589461,
            3.04705
          ],
          [
            101.589883,
            3.047527
          ],
          [
            101.590025,
            3.047693
          ],
          [
            101.591028,
            3.048878
          ],
          [
            101.591394,
            3.049321
          ],
          [
            101.591473,
            3.04944
          ],
          [
            101.591573,
            3.049596
          ],
          [
            101.591667,
            3.04976
          ],
          [
            101.591748,
            3.049959
          ],
          [
            101.5918,
            3.050113
          ],
          [
            101.591838,
            3.050282
          ],
          [
            101.591873,
            3.050464
          ],
          [
            101.591888,
            3.050631
          ],
          [
            101.591893,
            3.05076
          ],
          [
            101.591918,
            3.052667
          ],
          [
            101.591919,
            3.053453
          ],
          [
            101.591921,
            3.054541
          ],
          [
            101.591923,
            3.056299
          ],
          [
            101.591924,
            3.056556
          ],
          [
            101.591924,
            3.056676
          ],
          [
            101.591921,
            3.056776
          ],
          [
            101.591921,
            3.056846
          ],
          [
            101.591917,
            3.057329
          ],
          [
            101.591913,
            3.057738
          ],
          [
            101.591918,
            3.058097
          ],
          [
            101.591927,
            3.058634
          ],
          [
            101.591953,
            3.058851
          ],
          [
            101.592023,
            3.059147
          ],
          [
            101.592086,
            3.059344
          ],
          [
            101.592379,
            3.060086
          ],
          [
            101.592554,
            3.06051
          ],
          [
            101.592674,
            3.060785
          ],
          [
            101.592789,
            3.061035
          ],
          [
            101.592872,
            3.061259
          ],
          [
            101.592919,
            3.061439
          ],
          [
            101.592953,
            3.061625
          ],
          [
            101.592966,
            3.061868
          ],
          [
            101.592966,
            3.06215
          ],
          [
            101.592918,
            3.062267
          ],
          [
            101.592861,
            3.062391
          ],
          [
            101.592798,
            3.06247
          ],
          [
            101.592686,
            3.062541
          ],
          [
            101.592214,
            3.062658
          ],
          [
            101.591362,
            3.062782
          ],
          [
            101.591033,
            3.062814
          ],
          [
            101.589795,
            3.062989
          ],
          [
            101.589461,
            3.063059
          ],
          [
            101.589063,
            3.063061
          ],
          [
            101.586486,
            3.063078
          ],
          [
            101.586012,
            3.063085
          ],
          [
            101.585301,
            3.063079
          ],
          [
            101.579056,
            3.063116
          ],
          [
            101.572824,
            3.063115
          ],
          [
            101.572167,
            3.063086
          ],
          [
            101.571476,
            3.062916
          ],
          [
            101.570846,
            3.062651
          ],
          [
            101.570381,
            3.062364
          ],
          [
            101.569873,
            3.061947
          ],
          [
            101.569486,
            3.06153
          ],
          [
            101.569162,
            3.061041
          ],
          [
            101.568966,
            3.060736
          ],
          [
            101.56875,
            3.060398
          ],
          [
            101.568315,
            3.059645
          ],
          [
            101.567312,
            3.057878
          ],
          [
            101.56624,
            3.055882
          ],
          [
            101.564975,
            3.053688
          ],
          [
            101.564273,
            3.052415
          ],
          [
            101.563705,
            3.051425
          ],
          [
            101.563446,
            3.050993
          ],
          [
            101.561448,
            3.047425
          ],
          [
            101.560695,
            3.04608
          ],
          [
            101.559397,
            3.043737
          ],
          [
            101.559103,
            3.043222
          ],
          [
            101.558857,
            3.042759
          ],
          [
            101.55704,
            3.03963
          ],
          [
            101.557009,
            3.039575
          ],
          [
            101.556807,
            3.038998
          ],
          [
            101.556506,
            3.038261
          ],
          [
            101.556472,
            3.038175
          ],
          [
            101.55635,
            3.037862
          ],
          [
            101.556075,
            3.037219
          ],
          [
            101.555827,
            3.036788
          ],
          [
            101.555465,
            3.036197
          ],
          [
            101.55537,
            3.036029
          ],
          [
            101.554655,
            3.036137
          ],
          [
            101.553991,
            3.036178
          ],
          [
            101.553705,
            3.0362
          ],
          [
            101.552665,
            3.036405
          ],
          [
            101.552053,
            3.036526
          ],
          [
            101.551232,
            3.036687
          ],
          [
            101.550476,
            3.03695
          ],
          [
            101.549233,
            3.037482
          ],
          [
            101.548951,
            3.037615
          ],
          [
            101.548184,
            3.038016
          ],
          [
            101.547902,
            3.038193
          ],
          [
            101.547425,
            3.03861
          ],
          [
            101.547287,
            3.038791
          ],
          [
            101.547205,
            3.038934
          ],
          [
            101.547072,
            3.03913
          ],
          [
            101.546922,
            3.039493
          ],
          [
            101.546733,
            3.040049
          ],
          [
            101.546674,
            3.040415
          ],
          [
            101.546452,
            3.041815
          ],
          [
            101.546338,
            3.042534
          ],
          [
            101.546226,
            3.043166
          ],
          [
            101.546117,
            3.043689
          ],
          [
            101.546005,
            3.044139
          ],
          [
            101.5459,
            3.044482
          ],
          [
            101.545646,
            3.045315
          ],
          [
            101.545432,
            3.046212
          ],
          [
            101.545224,
            3.046965
          ],
          [
            101.544811,
            3.048475
          ],
          [
            101.544428,
            3.049876
          ],
          [
            101.544317,
            3.050015
          ],
          [
            101.543806,
            3.051516
          ],
          [
            101.54374,
            3.051673
          ],
          [
            101.543638,
            3.051918
          ],
          [
            101.543517,
            3.052107
          ],
          [
            101.543367,
            3.052167
          ],
          [
            101.543239,
            3.052266
          ],
          [
            101.543137,
            3.052405
          ],
          [
            101.543078,
            3.052568
          ],
          [
            101.543069,
            3.052741
          ],
          [
            101.543105,
            3.052896
          ],
          [
            101.543181,
            3.053036
          ],
          [
            101.543306,
            3.053163
          ],
          [
            101.543463,
            3.053247
          ],
          [
            101.543638,
            3.053281
          ],
          [
            101.543815,
            3.053262
          ],
          [
            101.543967,
            3.053199
          ],
          [
            101.544095,
            3.053098
          ],
          [
            101.54435,
            3.053095
          ],
          [
            101.544601,
            3.053143
          ],
          [
            101.547233,
            3.05414
          ],
          [
            101.547668,
            3.05429
          ],
          [
            101.547921,
            3.054372
          ],
          [
            101.548149,
            3.054536
          ],
          [
            101.548177,
            3.054619
          ],
          [
            101.548151,
            3.054841
          ],
          [
            101.548173,
            3.055003
          ],
          [
            101.548587,
            3.056272
          ],
          [
            101.548693,
            3.056548
          ],
          [
            101.548754,
            3.056647
          ],
          [
            101.54882,
            3.056749
          ],
          [
            101.54896,
            3.056891
          ],
          [
            101.54975,
            3.057489
          ],
          [
            101.55099,
            3.058444
          ],
          [
            101.551314,
            3.058754
          ],
          [
            101.551465,
            3.059009
          ],
          [
            101.551565,
            3.05941
          ],
          [
            101.551555,
            3.05971
          ],
          [
            101.551398,
            3.060294
          ],
          [
            101.550842,
            3.062384
          ],
          [
            101.550849,
            3.062489
          ],
          [
            101.552337,
            3.06288
          ],
          [
            101.552408,
            3.062886
          ],
          [
            101.552588,
            3.062892
          ],
          [
            101.552698,
            3.062811
          ],
          [
            101.552803,
            3.062549
          ],
          [
            101.552848,
            3.061929
          ]
        ]
      }
    },
    {
      "type": "Feature",
      "properties": {
        "policy": "fixed",
        "day": 4,
        "trip": 2,
        "distance_km_for_dispatch": 86.122,
        "unload_destination": "waste_depot"
      },
      "geometry": {
        "type": "LineString",
        "coordinates": [
          [
            101.552848,
            3.061929
          ],
          [
            101.552803,
            3.062549
          ],
          [
            101.552698,
            3.062811
          ],
          [
            101.552588,
            3.062892
          ],
          [
            101.552408,
            3.062886
          ],
          [
            101.552337,
            3.06288
          ],
          [
            101.550849,
            3.062489
          ],
          [
            101.550912,
            3.062408
          ],
          [
            101.550937,
            3.062311
          ],
          [
            101.551199,
            3.061285
          ],
          [
            101.551416,
            3.060437
          ],
          [
            101.551448,
            3.060312
          ],
          [
            101.551606,
            3.05972
          ],
          [
            101.551628,
            3.059402
          ],
          [
            101.551585,
            3.059182
          ],
          [
            101.551483,
            3.058899
          ],
          [
            101.551385,
            3.058729
          ],
          [
            101.551216,
            3.058547
          ],
          [
            101.550914,
            3.058297
          ],
          [
            101.550406,
            3.057899
          ],
          [
            101.54993,
            3.057536
          ],
          [
            101.549789,
            3.057438
          ],
          [
            101.549666,
            3.057343
          ],
          [
            101.549423,
            3.057164
          ],
          [
            101.548999,
            3.05684
          ],
          [
            101.548842,
            3.056679
          ],
          [
            101.548736,
            3.056508
          ],
          [
            101.548657,
            3.056308
          ],
          [
            101.548449,
            3.055609
          ],
          [
            101.548467,
            3.055467
          ],
          [
            101.548514,
            3.055344
          ],
          [
            101.548604,
            3.055197
          ],
          [
            101.548653,
            3.05516
          ],
          [
            101.548729,
            3.05511
          ],
          [
            101.548812,
            3.05507
          ],
          [
            101.549041,
            3.055014
          ],
          [
            101.549226,
            3.054974
          ],
          [
            101.550239,
            3.054826
          ],
          [
            101.550618,
            3.054776
          ],
          [
            101.550917,
            3.054733
          ],
          [
            101.551468,
            3.054734
          ],
          [
            101.551981,
            3.054763
          ],
          [
            101.552204,
            3.054798
          ],
          [
            101.55247,
            3.054849
          ],
          [
            101.552689,
            3.054919
          ],
          [
            101.553038,
            3.055027
          ],
          [
            101.553168,
            3.055077
          ],
          [
            101.553348,
            3.055158
          ],
          [
            101.553622,
            3.055284
          ],
          [
            101.554236,
            3.055634
          ],
          [
            101.554638,
            3.055874
          ],
          [
            101.554963,
            3.056121
          ],
          [
            101.555319,
            3.05648
          ],
          [
            101.555571,
            3.056783
          ],
          [
            101.555768,
            3.057054
          ],
          [
            101.556026,
            3.057484
          ],
          [
            101.556181,
            3.057801
          ],
          [
            101.556241,
            3.057925
          ],
          [
            101.556266,
            3.057994
          ],
          [
            101.556315,
            3.05813
          ],
          [
            101.556464,
            3.058632
          ],
          [
            101.556532,
            3.058941
          ],
          [
            101.556614,
            3.059315
          ],
          [
            101.556655,
            3.059504
          ],
          [
            101.55669,
            3.059668
          ],
          [
            101.55675,
            3.060127
          ],
          [
            101.556774,
            3.06034
          ],
          [
            101.556795,
            3.060757
          ],
          [
            101.556795,
            3.060841
          ],
          [
            101.556795,
            3.061317
          ],
          [
            101.556754,
            3.062018
          ],
          [
            101.556759,
            3.062236
          ],
          [
            101.556733,
            3.062588
          ],
          [
            101.556643,
            3.063143
          ],
          [
            101.556654,
            3.063225
          ],
          [
            101.55668,
            3.063268
          ],
          [
            101.55671,
            3.063304
          ],
          [
            101.556963,
            3.063356
          ],
          [
            101.557377,
            3.063476
          ],
          [
            101.558114,
            3.063707
          ],
          [
            101.558235,
            3.063759
          ],
          [
            101.558301,
            3.063841
          ],
          [
            101.558329,
            3.063917
          ],
          [
            101.558252,
            3.065445
          ],
          [
            101.558295,
            3.065991
          ],
          [
            101.558351,
            3.066739
          ],
          [
            101.558377,
            3.066813
          ],
          [
            101.558408,
            3.066871
          ],
          [
            101.558445,
            3.066919
          ],
          [
            101.558522,
            3.067003
          ],
          [
            101.558588,
            3.067056
          ],
          [
            101.55867,
            3.067103
          ],
          [
            101.558796,
            3.06713
          ],
          [
            101.55897,
            3.067145
          ],
          [
            101.559738,
            3.067091
          ],
          [
            101.560529,
            3.067067
          ],
          [
            101.561386,
            3.066969
          ],
          [
            101.562815,
            3.066866
          ],
          [
            101.562917,
            3.066858
          ],
          [
            101.563031,
            3.066844
          ],
          [
            101.563067,
            3.066791
          ],
          [
            101.56308,
            3.066733
          ],
          [
            101.563091,
            3.066604
          ],
          [
            101.563044,
            3.066076
          ],
          [
            101.562961,
            3.065037
          ],
          [
            101.562953,
            3.064933
          ],
          [
            101.562945,
            3.064821
          ],
          [
            101.562937,
            3.064722
          ],
          [
            101.562843,
            3.063496
          ],
          [
            101.562855,
            3.063315
          ],
          [
            101.56291,
            3.063118
          ],
          [
            101.563003,
            3.062979
          ],
          [
            101.563041,
            3.062942
          ],
          [
            101.563106,
            3.062881
          ],
          [
            101.56323,
            3.0628
          ],
          [
            101.56344,
            3.062737
          ],
          [
            101.564058,
            3.062683
          ],
          [
            101.56544,
            3.062598
          ],
          [
            101.566236,
            3.062555
          ],
          [
            101.566367,
            3.062547
          ],
          [
            101.566476,
            3.062542
          ],
          [
            101.566651,
            3.0625
          ],
          [
            101.566824,
            3.062438
          ],
          [
            101.567002,
            3.062318
          ],
          [
            101.567127,
            3.062238
          ],
          [
            101.567155,
            3.062221
          ],
          [
            101.567231,
            3.062158
          ],
          [
            101.567281,
            3.062117
          ],
          [
            101.567363,
            3.062049
          ],
          [
            101.567499,
            3.061951
          ],
          [
            101.567847,
            3.061677
          ],
          [
            101.568344,
            3.061317
          ],
          [
            101.569588,
            3.060484
          ],
          [
            101.570194,
            3.060069
          ],
          [
            101.570392,
            3.059932
          ],
          [
            101.570584,
            3.059801
          ],
          [
            101.570832,
            3.059627
          ],
          [
            101.571167,
            3.059386
          ],
          [
            101.571367,
            3.059208
          ],
          [
            101.571541,
            3.058969
          ],
          [
            101.571588,
            3.058853
          ],
          [
            101.571624,
            3.058744
          ],
          [
            101.571647,
            3.058633
          ],
          [
            101.571659,
            3.058523
          ],
          [
            101.571659,
            3.058354
          ],
          [
            101.57161,
            3.057427
          ],
          [
            101.571595,
            3.057178
          ],
          [
            101.57157,
            3.056437
          ],
          [
            101.571531,
            3.055638
          ],
          [
            101.571492,
            3.055006
          ],
          [
            101.571447,
            3.05476
          ],
          [
            101.571333,
            3.054488
          ],
          [
            101.571209,
            3.054311
          ],
          [
            101.571045,
            3.054045
          ],
          [
            101.571021,
            3.053966
          ],
          [
            101.570949,
            3.053731
          ],
          [
            101.570805,
            3.05311
          ],
          [
            101.57074,
            3.05274
          ],
          [
            101.570628,
            3.051948
          ],
          [
            101.570598,
            3.051755
          ],
          [
            101.570553,
            3.051553
          ],
          [
            101.570441,
            3.051005
          ],
          [
            101.570325,
            3.050261
          ],
          [
            101.57029,
            3.050041
          ],
          [
            101.570265,
            3.049831
          ],
          [
            101.570167,
            3.04935
          ],
          [
            101.570142,
            3.049245
          ],
          [
            101.570094,
            3.049117
          ],
          [
            101.569981,
            3.048903
          ],
          [
            101.56972,
            3.048616
          ],
          [
            101.569488,
            3.048346
          ],
          [
            101.56937,
            3.048149
          ],
          [
            101.569324,
            3.047955
          ],
          [
            101.569296,
            3.047734
          ],
          [
            101.569357,
            3.047293
          ],
          [
            101.569447,
            3.04684
          ],
          [
            101.569581,
            3.04646
          ],
          [
            101.5697,
            3.046208
          ],
          [
            101.569753,
            3.046134
          ],
          [
            101.569935,
            3.045911
          ],
          [
            101.570163,
            3.045675
          ],
          [
            101.570396,
            3.045511
          ],
          [
            101.570444,
            3.045477
          ],
          [
            101.570619,
            3.045347
          ],
          [
            101.570779,
            3.045246
          ],
          [
            101.570966,
            3.045155
          ],
          [
            101.571204,
            3.045062
          ],
          [
            101.571406,
            3.045009
          ],
          [
            101.571642,
            3.044957
          ],
          [
            101.571847,
            3.044934
          ],
          [
            101.57219,
            3.044926
          ],
          [
            101.573159,
            3.044934
          ],
          [
            101.573911,
            3.04494
          ],
          [
            101.574696,
            3.044947
          ],
          [
            101.575388,
            3.044952
          ],
          [
            101.575778,
            3.044955
          ],
          [
            101.575911,
            3.044956
          ],
          [
            101.57589,
            3.044849
          ],
          [
            101.57565,
            3.043913
          ],
          [
            101.57583,
            3.043914
          ],
          [
            101.577765,
            3.043915
          ],
          [
            101.577922,
            3.043915
          ],
          [
            101.578455,
            3.043915
          ],
          [
            101.579505,
            3.043915
          ],
          [
            101.579509,
            3.045704
          ],
          [
            101.579511,
            3.046922
          ],
          [
            101.579677,
            3.046926
          ],
          [
            101.579675,
            3.046622
          ],
          [
            101.579673,
            3.04635
          ],
          [
            101.580712,
            3.046349
          ],
          [
            101.580711,
            3.046615
          ],
          [
            101.57972,
            3.046621
          ],
          [
            101.580001,
            3.046619
          ],
          [
            101.580711,
            3.046615
          ],
          [
            101.580712,
            3.046349
          ],
          [
            101.579673,
            3.04635
          ],
          [
            101.579675,
            3.046622
          ],
          [
            101.579677,
            3.046926
          ],
          [
            101.579511,
            3.046922
          ],
          [
            101.579512,
            3.04739
          ],
          [
            101.579514,
            3.04802
          ],
          [
            101.579516,
            3.049164
          ],
          [
            101.579519,
            3.050407
          ],
          [
            101.577288,
            3.050436
          ],
          [
            101.577024,
            3.050439
          ],
          [
            101.576629,
            3.050444
          ],
          [
            101.576505,
            3.050445
          ],
          [
            101.576507,
            3.050559
          ],
          [
            101.576496,
            3.05194
          ],
          [
            101.576483,
            3.054357
          ],
          [
            101.576505,
            3.054637
          ],
          [
            101.576533,
            3.054822
          ],
          [
            101.576624,
            3.055135
          ],
          [
            101.57673,
            3.05537
          ],
          [
            101.576888,
            3.055711
          ],
          [
            101.57705,
            3.055988
          ],
          [
            101.578082,
            3.05747
          ],
          [
            101.578162,
            3.057573
          ],
          [
            101.578304,
            3.057471
          ],
          [
            101.578696,
            3.057199
          ],
          [
            101.578881,
            3.057076
          ],
          [
            101.579108,
            3.056961
          ],
          [
            101.579323,
            3.056887
          ],
          [
            101.579546,
            3.056835
          ],
          [
            101.579794,
            3.056817
          ],
          [
            101.581491,
            3.056811
          ],
          [
            101.58149,
            3.056952
          ],
          [
            101.581489,
            3.057617
          ],
          [
            101.581488,
            3.058
          ],
          [
            101.581488,
            3.058282
          ],
          [
            101.581487,
            3.058812
          ],
          [
            101.581779,
            3.058811
          ],
          [
            101.582066,
            3.058811
          ],
          [
            101.582535,
            3.058809
          ],
          [
            101.584667,
            3.058804
          ],
          [
            101.584667,
            3.058641
          ],
          [
            101.584956,
            3.058642
          ],
          [
            101.585226,
            3.058644
          ],
          [
            101.585226,
            3.058618
          ],
          [
            101.586215,
            3.058623
          ],
          [
            101.586867,
            3.058627
          ],
          [
            101.586864,
            3.059093
          ],
          [
            101.587328,
            3.059093
          ],
          [
            101.587833,
            3.059093
          ],
          [
            101.587871,
            3.059093
          ],
          [
            101.588318,
            3.059093
          ],
          [
            101.5887,
            3.059093
          ],
          [
            101.588821,
            3.059093
          ],
          [
            101.588821,
            3.058638
          ],
          [
            101.588821,
            3.058598
          ],
          [
            101.588822,
            3.058051
          ],
          [
            101.588822,
            3.057746
          ],
          [
            101.588822,
            3.057505
          ],
          [
            101.588822,
            3.056944
          ],
          [
            101.589348,
            3.056944
          ],
          [
            101.589348,
            3.056814
          ],
          [
            101.590755,
            3.056786
          ],
          [
            101.591245,
            3.056777
          ],
          [
            101.591496,
            3.056835
          ],
          [
            101.591595,
            3.056874
          ],
          [
            101.591678,
            3.056925
          ],
          [
            101.591726,
            3.05696
          ],
          [
            101.591748,
            3.056977
          ],
          [
            101.591807,
            3.057042
          ],
          [
            101.591844,
            3.057103
          ],
          [
            101.59188,
            3.057191
          ],
          [
            101.591917,
            3.057329
          ],
          [
            101.591913,
            3.057738
          ],
          [
            101.591918,
            3.058097
          ],
          [
            101.591927,
            3.058634
          ],
          [
            101.591953,
            3.058851
          ],
          [
            101.592023,
            3.059147
          ],
          [
            101.592086,
            3.059344
          ],
          [
            101.592379,
            3.060086
          ],
          [
            101.592554,
            3.06051
          ],
          [
            101.592674,
            3.060785
          ],
          [
            101.592789,
            3.061035
          ],
          [
            101.592872,
            3.061259
          ],
          [
            101.592919,
            3.061439
          ],
          [
            101.592953,
            3.061625
          ],
          [
            101.592966,
            3.061868
          ],
          [
            101.592966,
            3.06215
          ],
          [
            101.593001,
            3.063569
          ],
          [
            101.593007,
            3.065723
          ],
          [
            101.593007,
            3.065764
          ],
          [
            101.592924,
            3.065977
          ],
          [
            101.592917,
            3.066289
          ],
          [
            101.59289,
            3.067461
          ],
          [
            101.592913,
            3.068942
          ],
          [
            101.592918,
            3.06936
          ],
          [
            101.59293,
            3.070486
          ],
          [
            101.59295,
            3.071789
          ],
          [
            101.592965,
            3.072541
          ],
          [
            101.592966,
            3.072607
          ],
          [
            101.592969,
            3.072717
          ],
          [
            101.592963,
            3.072756
          ],
          [
            101.592953,
            3.072803
          ],
          [
            101.592928,
            3.07286
          ],
          [
            101.592896,
            3.072875
          ],
          [
            101.592842,
            3.072907
          ],
          [
            101.592808,
            3.072945
          ],
          [
            101.592782,
            3.072983
          ],
          [
            101.592766,
            3.073033
          ],
          [
            101.592754,
            3.073093
          ],
          [
            101.592745,
            3.073183
          ],
          [
            101.592747,
            3.07328
          ],
          [
            101.592758,
            3.073345
          ],
          [
            101.592767,
            3.073386
          ],
          [
            101.592784,
            3.073428
          ],
          [
            101.592807,
            3.073474
          ],
          [
            101.592823,
            3.0735
          ],
          [
            101.592845,
            3.073526
          ],
          [
            101.592869,
            3.073546
          ],
          [
            101.592897,
            3.073562
          ],
          [
            101.592929,
            3.073582
          ],
          [
            101.593054,
            3.073583
          ],
          [
            101.593116,
            3.073577
          ],
          [
            101.593197,
            3.073557
          ],
          [
            101.593225,
            3.073541
          ],
          [
            101.593266,
            3.073503
          ],
          [
            101.593308,
            3.073452
          ],
          [
            101.593393,
            3.073413
          ],
          [
            101.593477,
            3.073399
          ],
          [
            101.593607,
            3.07339
          ],
          [
            101.593749,
            3.073387
          ],
          [
            101.593967,
            3.073381
          ],
          [
            101.594059,
            3.073388
          ],
          [
            101.594196,
            3.073426
          ],
          [
            101.594302,
            3.073451
          ],
          [
            101.59439,
            3.073467
          ],
          [
            101.595153,
            3.073463
          ],
          [
            101.595912,
            3.073475
          ],
          [
            101.596468,
            3.073425
          ],
          [
            101.597132,
            3.073413
          ],
          [
            101.597603,
            3.073394
          ],
          [
            101.597669,
            3.073382
          ],
          [
            101.597776,
            3.073331
          ],
          [
            101.597912,
            3.073319
          ],
          [
            101.598028,
            3.073309
          ],
          [
            101.598672,
            3.07323
          ],
          [
            101.598867,
            3.073216
          ],
          [
            101.599631,
            3.073232
          ],
          [
            101.600279,
            3.073232
          ],
          [
            101.600704,
            3.073232
          ],
          [
            101.601162,
            3.073242
          ],
          [
            101.601318,
            3.073257
          ],
          [
            101.60241,
            3.073428
          ],
          [
            101.602721,
            3.073481
          ],
          [
            101.603549,
            3.073625
          ],
          [
            101.603687,
            3.073652
          ],
          [
            101.60374,
            3.073663
          ],
          [
            101.604382,
            3.073789
          ],
          [
            101.604625,
            3.073832
          ],
          [
            101.605336,
            3.073943
          ],
          [
            101.606251,
            3.074053
          ],
          [
            101.606831,
            3.074102
          ],
          [
            101.606931,
            3.074108
          ],
          [
            101.608698,
            3.074108
          ],
          [
            101.608745,
            3.074109
          ],
          [
            101.609163,
            3.074105
          ],
          [
            101.609486,
            3.074111
          ],
          [
            101.609817,
            3.074137
          ],
          [
            101.609936,
            3.074204
          ],
          [
            101.609984,
            3.074233
          ],
          [
            101.61004,
            3.074248
          ],
          [
            101.610072,
            3.074254
          ],
          [
            101.610375,
            3.074318
          ],
          [
            101.611916,
            3.074572
          ],
          [
            101.612475,
            3.074658
          ],
          [
            101.61294,
            3.07469
          ],
          [
            101.61319,
            3.074707
          ],
          [
            101.613246,
            3.074685
          ],
          [
            101.613279,
            3.07465
          ],
          [
            101.613296,
            3.074608
          ],
          [
            101.613302,
            3.074553
          ],
          [
            101.613295,
            3.074502
          ],
          [
            101.613272,
            3.074455
          ],
          [
            101.613244,
            3.074424
          ],
          [
            101.61321,
            3.074393
          ],
          [
            101.612851,
            3.074392
          ],
          [
            101.61255,
            3.074358
          ],
          [
            101.610929,
            3.074103
          ],
          [
            101.610182,
            3.073964
          ],
          [
            101.609917,
            3.073917
          ],
          [
            101.609691,
            3.073892
          ],
          [
            101.60954,
            3.073883
          ],
          [
            101.609234,
            3.073873
          ],
          [
            101.609143,
            3.07387
          ],
          [
            101.608705,
            3.073866
          ],
          [
            101.608523,
            3.073863
          ],
          [
            101.608206,
            3.073869
          ],
          [
            101.607787,
            3.073872
          ],
          [
            101.6073,
            3.073879
          ],
          [
            101.607153,
            3.073881
          ],
          [
            101.606947,
            3.073875
          ],
          [
            101.60673,
            3.073855
          ],
          [
            101.606657,
            3.073849
          ],
          [
            101.606356,
            3.073804
          ],
          [
            101.606118,
            3.073764
          ],
          [
            101.605893,
            3.073723
          ],
          [
            101.605386,
            3.073736
          ],
          [
            101.604654,
            3.073624
          ],
          [
            101.604418,
            3.073583
          ],
          [
            101.603903,
            3.073484
          ],
          [
            101.603508,
            3.073388
          ],
          [
            101.603002,
            3.073277
          ],
          [
            101.602716,
            3.073217
          ],
          [
            101.602444,
            3.073181
          ],
          [
            101.60166,
            3.073127
          ],
          [
            101.600862,
            3.073116
          ],
          [
            101.60076,
            3.073116
          ],
          [
            101.598828,
            3.0731
          ],
          [
            101.598055,
            3.073093
          ],
          [
            101.597831,
            3.073091
          ],
          [
            101.597803,
            3.073091
          ],
          [
            101.59754,
            3.072993
          ],
          [
            101.597275,
            3.072977
          ],
          [
            101.597028,
            3.072978
          ],
          [
            101.596592,
            3.072982
          ],
          [
            101.595521,
            3.072992
          ],
          [
            101.593884,
            3.073009
          ],
          [
            101.593705,
            3.073012
          ],
          [
            101.593498,
            3.073015
          ],
          [
            101.593391,
            3.073001
          ],
          [
            101.593282,
            3.072944
          ],
          [
            101.593252,
            3.072911
          ],
          [
            101.593225,
            3.072891
          ],
          [
            101.593188,
            3.072871
          ],
          [
            101.593112,
            3.07285
          ],
          [
            101.593039,
            3.072847
          ],
          [
            101.592928,
            3.07286
          ],
          [
            101.592896,
            3.072875
          ],
          [
            101.592842,
            3.072907
          ],
          [
            101.592808,
            3.072945
          ],
          [
            101.592782,
            3.072983
          ],
          [
            101.592766,
            3.073033
          ],
          [
            101.592754,
            3.073093
          ],
          [
            101.592745,
            3.073183
          ],
          [
            101.592747,
            3.07328
          ],
          [
            101.592758,
            3.073345
          ],
          [
            101.592767,
            3.073386
          ],
          [
            101.592784,
            3.073428
          ],
          [
            101.592807,
            3.073474
          ],
          [
            101.592823,
            3.0735
          ],
          [
            101.592845,
            3.073526
          ],
          [
            101.592869,
            3.073546
          ],
          [
            101.592897,
            3.073562
          ],
          [
            101.592929,
            3.073582
          ],
          [
            101.592945,
            3.073603
          ],
          [
            101.592965,
            3.073625
          ],
          [
            101.592975,
            3.07366
          ],
          [
            101.592977,
            3.073759
          ],
          [
            101.592975,
            3.073858
          ],
          [
            101.592979,
            3.074355
          ],
          [
            101.59298,
            3.074583
          ],
          [
            101.592974,
            3.075484
          ],
          [
            101.592976,
            3.075708
          ],
          [
            101.593001,
            3.078303
          ],
          [
            101.593003,
            3.078471
          ],
          [
            101.592959,
            3.078547
          ],
          [
            101.592921,
            3.078599
          ],
          [
            101.592865,
            3.078645
          ],
          [
            101.592789,
            3.078645
          ],
          [
            101.592468,
            3.078644
          ],
          [
            101.592147,
            3.078644
          ],
          [
            101.591641,
            3.078643
          ],
          [
            101.591385,
            3.078642
          ],
          [
            101.591157,
            3.078642
          ],
          [
            101.590169,
            3.078636
          ],
          [
            101.590072,
            3.078636
          ],
          [
            101.589793,
            3.078635
          ],
          [
            101.589766,
            3.078635
          ],
          [
            101.589139,
            3.078634
          ],
          [
            101.589139,
            3.078415
          ],
          [
            101.589138,
            3.077432
          ],
          [
            101.589138,
            3.077372
          ],
          [
            101.589138,
            3.077027
          ],
          [
            101.589138,
            3.076768
          ],
          [
            101.588903,
            3.076529
          ],
          [
            101.58874,
            3.076363
          ],
          [
            101.588738,
            3.076361
          ],
          [
            101.588498,
            3.076117
          ],
          [
            101.58826,
            3.075876
          ],
          [
            101.588182,
            3.075876
          ],
          [
            101.587433,
            3.075876
          ],
          [
            101.587381,
            3.075876
          ],
          [
            101.586395,
            3.075876
          ],
          [
            101.586396,
            3.075831
          ],
          [
            101.586399,
            3.075528
          ],
          [
            101.58641,
            3.075218
          ],
          [
            101.586412,
            3.075197
          ],
          [
            101.586411,
            3.075113
          ],
          [
            101.586267,
            3.075112
          ],
          [
            101.586176,
            3.075112
          ],
          [
            101.586179,
            3.074203
          ],
          [
            101.586175,
            3.073921
          ],
          [
            101.586174,
            3.073793
          ],
          [
            101.586172,
            3.073466
          ],
          [
            101.586172,
            3.073424
          ],
          [
            101.586173,
            3.073011
          ],
          [
            101.586173,
            3.072982
          ],
          [
            101.586177,
            3.072678
          ],
          [
            101.58619,
            3.071798
          ],
          [
            101.586358,
            3.071805
          ],
          [
            101.586746,
            3.071805
          ],
          [
            101.588739,
            3.071805
          ],
          [
            101.588805,
            3.071805
          ],
          [
            101.588853,
            3.071794
          ],
          [
            101.588894,
            3.071774
          ],
          [
            101.588913,
            3.07174
          ],
          [
            101.588924,
            3.071694
          ],
          [
            101.588931,
            3.071486
          ],
          [
            101.588928,
            3.071247
          ],
          [
            101.588896,
            3.07116
          ],
          [
            101.588788,
            3.071131
          ],
          [
            101.5877,
            3.071135
          ],
          [
            101.586421,
            3.071139
          ],
          [
            101.586358,
            3.07114
          ],
          [
            101.586358,
            3.071805
          ],
          [
            101.586359,
            3.071878
          ],
          [
            101.586359,
            3.072464
          ],
          [
            101.586356,
            3.072561
          ],
          [
            101.586357,
            3.072677
          ],
          [
            101.586416,
            3.072791
          ],
          [
            101.586505,
            3.072876
          ],
          [
            101.586649,
            3.072907
          ],
          [
            101.587103,
            3.072907
          ],
          [
            101.587271,
            3.072908
          ],
          [
            101.587277,
            3.073011
          ],
          [
            101.58649,
            3.073015
          ],
          [
            101.586447,
            3.073015
          ],
          [
            101.586173,
            3.073011
          ],
          [
            101.586063,
            3.07301
          ],
          [
            101.58607,
            3.073424
          ],
          [
            101.58607,
            3.073465
          ],
          [
            101.586067,
            3.073806
          ],
          [
            101.586063,
            3.07417
          ],
          [
            101.586057,
            3.074498
          ],
          [
            101.585873,
            3.074497
          ],
          [
            101.585862,
            3.074884
          ],
          [
            101.585858,
            3.075019
          ],
          [
            101.585866,
            3.075553
          ],
          [
            101.585859,
            3.076116
          ],
          [
            101.58434,
            3.076131
          ],
          [
            101.584349,
            3.076501
          ],
          [
            101.584354,
            3.076737
          ],
          [
            101.584366,
            3.077301
          ],
          [
            101.584378,
            3.077789
          ],
          [
            101.582721,
            3.077805
          ],
          [
            101.582465,
            3.077808
          ],
          [
            101.582082,
            3.077811
          ],
          [
            101.582084,
            3.077403
          ],
          [
            101.581608,
            3.077403
          ],
          [
            101.581293,
            3.077401
          ],
          [
            101.580497,
            3.077389
          ],
          [
            101.580181,
            3.077398
          ],
          [
            101.579843,
            3.077411
          ],
          [
            101.579671,
            3.077461
          ],
          [
            101.579519,
            3.076914
          ],
          [
            101.579282,
            3.076062
          ],
          [
            101.579062,
            3.075269
          ],
          [
            101.578976,
            3.074959
          ],
          [
            101.578872,
            3.074584
          ],
          [
            101.578805,
            3.074338
          ],
          [
            101.578761,
            3.074157
          ],
          [
            101.5787,
            3.073833
          ],
          [
            101.578679,
            3.073483
          ],
          [
            101.578776,
            3.072963
          ],
          [
            101.578848,
            3.072688
          ],
          [
            101.579071,
            3.072217
          ],
          [
            101.579202,
            3.072009
          ],
          [
            101.579668,
            3.071533
          ],
          [
            101.580117,
            3.07114
          ],
          [
            101.580668,
            3.070659
          ],
          [
            101.580831,
            3.070467
          ],
          [
            101.580939,
            3.070301
          ],
          [
            101.581067,
            3.07006
          ],
          [
            101.581119,
            3.069813
          ],
          [
            101.581122,
            3.069548
          ],
          [
            101.581083,
            3.069281
          ],
          [
            101.58101,
            3.069056
          ],
          [
            101.580912,
            3.068862
          ],
          [
            101.580723,
            3.06861
          ],
          [
            101.580528,
            3.068335
          ],
          [
            101.580406,
            3.068107
          ],
          [
            101.580333,
            3.067853
          ],
          [
            101.580268,
            3.067497
          ],
          [
            101.580232,
            3.067084
          ],
          [
            101.58031,
            3.065456
          ],
          [
            101.580315,
            3.065354
          ],
          [
            101.580195,
            3.065349
          ],
          [
            101.57922,
            3.06535
          ],
          [
            101.578758,
            3.06535
          ],
          [
            101.578676,
            3.06535
          ],
          [
            101.578254,
            3.065351
          ],
          [
            101.577316,
            3.065351
          ],
          [
            101.577113,
            3.065351
          ],
          [
            101.576898,
            3.065352
          ],
          [
            101.57675,
            3.065362
          ],
          [
            101.576611,
            3.065391
          ],
          [
            101.576507,
            3.065415
          ],
          [
            101.576251,
            3.065483
          ],
          [
            101.576022,
            3.065544
          ],
          [
            101.575745,
            3.06562
          ],
          [
            101.575694,
            3.065634
          ],
          [
            101.575689,
            3.065755
          ],
          [
            101.575056,
            3.065767
          ],
          [
            101.574433,
            3.065778
          ],
          [
            101.574432,
            3.066033
          ],
          [
            101.574436,
            3.066052
          ],
          [
            101.574445,
            3.066065
          ],
          [
            101.574445,
            3.066065
          ],
          [
            101.575046,
            3.066054
          ],
          [
            101.575056,
            3.065767
          ],
          [
            101.575689,
            3.065755
          ],
          [
            101.576633,
            3.065506
          ],
          [
            101.576666,
            3.065746
          ],
          [
            101.576713,
            3.065764
          ],
          [
            101.577347,
            3.065767
          ],
          [
            101.578029,
            3.065769
          ],
          [
            101.57803,
            3.06588
          ],
          [
            101.578031,
            3.066076
          ],
          [
            101.578032,
            3.066232
          ],
          [
            101.578104,
            3.066303
          ],
          [
            101.578221,
            3.066422
          ],
          [
            101.578519,
            3.066908
          ],
          [
            101.578857,
            3.067433
          ],
          [
            101.578819,
            3.067717
          ],
          [
            101.578797,
            3.067696
          ],
          [
            101.578737,
            3.067641
          ],
          [
            101.578597,
            3.067582
          ],
          [
            101.577004,
            3.067642
          ],
          [
            101.576775,
            3.067679
          ],
          [
            101.576471,
            3.067823
          ],
          [
            101.575678,
            3.068841
          ],
          [
            101.575977,
            3.068984
          ],
          [
            101.576029,
            3.069011
          ],
          [
            101.576082,
            3.069045
          ],
          [
            101.576128,
            3.069102
          ],
          [
            101.576163,
            3.069182
          ],
          [
            101.576177,
            3.069262
          ],
          [
            101.576174,
            3.069329
          ],
          [
            101.57615,
            3.069409
          ],
          [
            101.576106,
            3.06948
          ],
          [
            101.576047,
            3.069537
          ],
          [
            101.575976,
            3.069577
          ],
          [
            101.575913,
            3.069595
          ],
          [
            101.575847,
            3.069601
          ],
          [
            101.575748,
            3.069583
          ],
          [
            101.575679,
            3.069552
          ],
          [
            101.574249,
            3.068856
          ],
          [
            101.573956,
            3.068861
          ],
          [
            101.573823,
            3.068863
          ],
          [
            101.573822,
            3.068965
          ],
          [
            101.573832,
            3.069298
          ],
          [
            101.573838,
            3.069602
          ],
          [
            101.573847,
            3.069716
          ],
          [
            101.574338,
            3.069709
          ],
          [
            101.574472,
            3.069727
          ],
          [
            101.575142,
            3.07009
          ],
          [
            101.575186,
            3.070135
          ],
          [
            101.575352,
            3.070513
          ],
          [
            101.576305,
            3.070492
          ],
          [
            101.576468,
            3.070487
          ],
          [
            101.576714,
            3.070445
          ],
          [
            101.576837,
            3.070402
          ],
          [
            101.576953,
            3.070345
          ],
          [
            101.577019,
            3.070463
          ],
          [
            101.577053,
            3.070587
          ],
          [
            101.577066,
            3.070761
          ],
          [
            101.577113,
            3.071015
          ],
          [
            101.57708,
            3.071253
          ],
          [
            101.576873,
            3.071574
          ],
          [
            101.576647,
            3.071705
          ],
          [
            101.576446,
            3.071887
          ],
          [
            101.576346,
            3.072024
          ],
          [
            101.576268,
            3.072163
          ],
          [
            101.576221,
            3.072262
          ],
          [
            101.576182,
            3.072442
          ],
          [
            101.576169,
            3.07261
          ],
          [
            101.576176,
            3.072772
          ],
          [
            101.575163,
            3.072865
          ],
          [
            101.575014,
            3.072882
          ],
          [
            101.574982,
            3.072901
          ],
          [
            101.574974,
            3.07293
          ],
          [
            101.574974,
            3.073379
          ],
          [
            101.574939,
            3.073706
          ],
          [
            101.574829,
            3.073932
          ],
          [
            101.574215,
            3.074738
          ],
          [
            101.574214,
            3.074749
          ],
          [
            101.574215,
            3.074758
          ],
          [
            101.57427,
            3.074802
          ],
          [
            101.574665,
            3.075078
          ],
          [
            101.575087,
            3.075413
          ],
          [
            101.575182,
            3.075489
          ],
          [
            101.575341,
            3.07528
          ],
          [
            101.575562,
            3.074988
          ],
          [
            101.575651,
            3.074875
          ],
          [
            101.57574,
            3.074763
          ],
          [
            101.57578,
            3.07474
          ],
          [
            101.575836,
            3.07473
          ],
          [
            101.576472,
            3.074824
          ],
          [
            101.577234,
            3.074929
          ],
          [
            101.577257,
            3.074754
          ],
          [
            101.577266,
            3.07468
          ],
          [
            101.577288,
            3.07451
          ],
          [
            101.578209,
            3.074595
          ],
          [
            101.578273,
            3.074595
          ],
          [
            101.578341,
            3.07458
          ],
          [
            101.578535,
            3.074533
          ],
          [
            101.578658,
            3.074506
          ],
          [
            101.579258,
            3.076401
          ],
          [
            101.579465,
            3.0771
          ],
          [
            101.579488,
            3.077203
          ],
          [
            101.579536,
            3.077404
          ],
          [
            101.579573,
            3.077692
          ],
          [
            101.579583,
            3.077848
          ],
          [
            101.579593,
            3.078016
          ],
          [
            101.579594,
            3.078077
          ],
          [
            101.579629,
            3.078174
          ],
          [
            101.579497,
            3.080071
          ],
          [
            101.579434,
            3.080607
          ],
          [
            101.579346,
            3.081268
          ],
          [
            101.579309,
            3.081671
          ],
          [
            101.579284,
            3.081999
          ],
          [
            101.579231,
            3.082692
          ],
          [
            101.57923,
            3.082847
          ],
          [
            101.579242,
            3.08297
          ],
          [
            101.57927,
            3.083165
          ],
          [
            101.579284,
            3.083441
          ],
          [
            101.57927,
            3.083729
          ],
          [
            101.579241,
            3.084068
          ],
          [
            101.579225,
            3.08424
          ],
          [
            101.579185,
            3.08442
          ],
          [
            101.579061,
            3.084787
          ],
          [
            101.579005,
            3.084953
          ],
          [
            101.578647,
            3.085968
          ],
          [
            101.578312,
            3.086765
          ],
          [
            101.578182,
            3.087089
          ],
          [
            101.577442,
            3.089053
          ],
          [
            101.577037,
            3.090072
          ],
          [
            101.576922,
            3.090146
          ],
          [
            101.576847,
            3.090172
          ],
          [
            101.576751,
            3.090169
          ],
          [
            101.576516,
            3.090049
          ],
          [
            101.576172,
            3.089842
          ],
          [
            101.575935,
            3.0897
          ],
          [
            101.575277,
            3.089308
          ],
          [
            101.574205,
            3.088636
          ],
          [
            101.573458,
            3.088218
          ],
          [
            101.572652,
            3.087685
          ],
          [
            101.572398,
            3.087416
          ],
          [
            101.572233,
            3.087199
          ],
          [
            101.571779,
            3.086577
          ],
          [
            101.571682,
            3.086443
          ],
          [
            101.571553,
            3.086218
          ],
          [
            101.571467,
            3.086004
          ],
          [
            101.571443,
            3.085941
          ],
          [
            101.57106,
            3.084927
          ],
          [
            101.570802,
            3.084311
          ],
          [
            101.570727,
            3.084186
          ],
          [
            101.570572,
            3.083919
          ],
          [
            101.570475,
            3.083745
          ],
          [
            101.57032,
            3.083556
          ],
          [
            101.570235,
            3.083475
          ],
          [
            101.570085,
            3.083349
          ],
          [
            101.569946,
            3.083312
          ],
          [
            101.56975,
            3.083277
          ],
          [
            101.569263,
            3.083285
          ],
          [
            101.569068,
            3.083272
          ],
          [
            101.568899,
            3.083228
          ],
          [
            101.56874,
            3.083174
          ],
          [
            101.568525,
            3.083026
          ],
          [
            101.568218,
            3.082716
          ],
          [
            101.567984,
            3.082551
          ],
          [
            101.567866,
            3.082467
          ],
          [
            101.567756,
            3.082395
          ],
          [
            101.567507,
            3.082253
          ],
          [
            101.56717,
            3.082138
          ],
          [
            101.56688,
            3.08209
          ],
          [
            101.566614,
            3.082095
          ],
          [
            101.566174,
            3.082149
          ],
          [
            101.565474,
            3.082258
          ],
          [
            101.564473,
            3.08225
          ],
          [
            101.564371,
            3.082249
          ],
          [
            101.564309,
            3.082249
          ],
          [
            101.5642,
            3.082246
          ],
          [
            101.564147,
            3.082247
          ],
          [
            101.563993,
            3.082248
          ],
          [
            101.563819,
            3.082253
          ],
          [
            101.563607,
            3.082253
          ],
          [
            101.563353,
            3.082253
          ],
          [
            101.563248,
            3.082254
          ],
          [
            101.561487,
            3.082254
          ],
          [
            101.561006,
            3.082259
          ],
          [
            101.560426,
            3.082258
          ],
          [
            101.560224,
            3.082258
          ],
          [
            101.560098,
            3.082257
          ],
          [
            101.560022,
            3.082257
          ],
          [
            101.559197,
            3.082256
          ],
          [
            101.558909,
            3.082255
          ],
          [
            101.558304,
            3.082255
          ],
          [
            101.557522,
            3.082253
          ],
          [
            101.555465,
            3.082226
          ],
          [
            101.555329,
            3.08219
          ],
          [
            101.555197,
            3.082083
          ],
          [
            101.55511,
            3.081923
          ],
          [
            101.555093,
            3.081779
          ],
          [
            101.555132,
            3.081084
          ],
          [
            101.555079,
            3.080969
          ],
          [
            101.555027,
            3.080915
          ],
          [
            101.555037,
            3.080794
          ],
          [
            101.555076,
            3.080368
          ],
          [
            101.555246,
            3.078985
          ],
          [
            101.555296,
            3.078318
          ],
          [
            101.555302,
            3.078253
          ],
          [
            101.555362,
            3.077613
          ],
          [
            101.555506,
            3.07631
          ],
          [
            101.555524,
            3.076153
          ],
          [
            101.55559,
            3.075504
          ],
          [
            101.555603,
            3.075375
          ],
          [
            101.555642,
            3.074985
          ],
          [
            101.555655,
            3.074862
          ],
          [
            101.555423,
            3.074826
          ],
          [
            101.554925,
            3.074655
          ],
          [
            101.554787,
            3.074614
          ],
          [
            101.554482,
            3.07453
          ],
          [
            101.554161,
            3.074459
          ],
          [
            101.553808,
            3.074445
          ],
          [
            101.553554,
            3.074422
          ],
          [
            101.553366,
            3.074419
          ],
          [
            101.553133,
            3.074445
          ],
          [
            101.551318,
            3.073961
          ],
          [
            101.550819,
            3.073736
          ],
          [
            101.550546,
            3.073614
          ],
          [
            101.550216,
            3.073459
          ],
          [
            101.549915,
            3.073284
          ],
          [
            101.549692,
            3.073117
          ],
          [
            101.549434,
            3.07292
          ],
          [
            101.54913,
            3.072713
          ],
          [
            101.549098,
            3.072692
          ],
          [
            101.548186,
            3.072102
          ],
          [
            101.547987,
            3.071963
          ],
          [
            101.547637,
            3.071692
          ],
          [
            101.547502,
            3.071518
          ],
          [
            101.547379,
            3.071359
          ],
          [
            101.54728,
            3.071228
          ],
          [
            101.547066,
            3.070897
          ],
          [
            101.547011,
            3.070802
          ],
          [
            101.546112,
            3.069266
          ],
          [
            101.545651,
            3.068519
          ],
          [
            101.545343,
            3.068108
          ],
          [
            101.54504,
            3.06773
          ],
          [
            101.544755,
            3.067397
          ],
          [
            101.544599,
            3.067254
          ],
          [
            101.544373,
            3.067093
          ],
          [
            101.543889,
            3.066747
          ],
          [
            101.543164,
            3.06623
          ],
          [
            101.542393,
            3.065744
          ],
          [
            101.541936,
            3.065518
          ],
          [
            101.541045,
            3.06519
          ],
          [
            101.540878,
            3.065063
          ],
          [
            101.5408,
            3.064988
          ],
          [
            101.540783,
            3.064902
          ],
          [
            101.540749,
            3.064822
          ],
          [
            101.540658,
            3.064594
          ],
          [
            101.540657,
            3.064478
          ],
          [
            101.540674,
            3.064363
          ],
          [
            101.540803,
            3.063992
          ],
          [
            101.540917,
            3.063701
          ],
          [
            101.540967,
            3.063508
          ],
          [
            101.541098,
            3.062623
          ],
          [
            101.541275,
            3.061426
          ],
          [
            101.541334,
            3.060951
          ],
          [
            101.541565,
            3.059642
          ],
          [
            101.541935,
            3.058419
          ],
          [
            101.542067,
            3.058244
          ],
          [
            101.542131,
            3.058202
          ],
          [
            101.54219,
            3.058199
          ],
          [
            101.542264,
            3.05821
          ],
          [
            101.544293,
            3.058933
          ],
          [
            101.544876,
            3.059136
          ],
          [
            101.545017,
            3.059171
          ],
          [
            101.545254,
            3.059203
          ],
          [
            101.545397,
            3.05917
          ],
          [
            101.545512,
            3.059126
          ],
          [
            101.545667,
            3.059009
          ],
          [
            101.545806,
            3.058878
          ],
          [
            101.54589,
            3.058699
          ],
          [
            101.546281,
            3.057596
          ],
          [
            101.546489,
            3.057028
          ],
          [
            101.546988,
            3.055711
          ],
          [
            101.547431,
            3.054445
          ],
          [
            101.547488,
            3.054361
          ],
          [
            101.54752,
            3.054329
          ],
          [
            101.547552,
            3.054314
          ],
          [
            101.547668,
            3.05429
          ],
          [
            101.547921,
            3.054372
          ],
          [
            101.548149,
            3.054536
          ],
          [
            101.548177,
            3.054619
          ],
          [
            101.548151,
            3.054841
          ],
          [
            101.548173,
            3.055003
          ],
          [
            101.548587,
            3.056272
          ],
          [
            101.548693,
            3.056548
          ],
          [
            101.548754,
            3.056647
          ],
          [
            101.54882,
            3.056749
          ],
          [
            101.54896,
            3.056891
          ],
          [
            101.54975,
            3.057489
          ],
          [
            101.55099,
            3.058444
          ],
          [
            101.551314,
            3.058754
          ],
          [
            101.551465,
            3.059009
          ],
          [
            101.551565,
            3.05941
          ],
          [
            101.551555,
            3.05971
          ],
          [
            101.551398,
            3.060294
          ],
          [
            101.550842,
            3.062384
          ],
          [
            101.550849,
            3.062489
          ],
          [
            101.552337,
            3.06288
          ],
          [
            101.552408,
            3.062886
          ],
          [
            101.552588,
            3.062892
          ],
          [
            101.552698,
            3.062811
          ],
          [
            101.552803,
            3.062549
          ],
          [
            101.552848,
            3.061929
          ]
        ]
      }
    },
    {
      "type": "Feature",
      "properties": {
        "policy": "smart",
        "day": 4,
        "trip": 1,
        "distance_km_for_dispatch": 85.934,
        "unload_destination": "recycling_facility"
      },
      "geometry": {
        "type": "LineString",
        "coordinates": [
          [
            101.552848,
            3.061929
          ],
          [
            101.552803,
            3.062549
          ],
          [
            101.552698,
            3.062811
          ],
          [
            101.552588,
            3.062892
          ],
          [
            101.552408,
            3.062886
          ],
          [
            101.552337,
            3.06288
          ],
          [
            101.550849,
            3.062489
          ],
          [
            101.550912,
            3.062408
          ],
          [
            101.550937,
            3.062311
          ],
          [
            101.551199,
            3.061285
          ],
          [
            101.551416,
            3.060437
          ],
          [
            101.551448,
            3.060312
          ],
          [
            101.551606,
            3.05972
          ],
          [
            101.551628,
            3.059402
          ],
          [
            101.551585,
            3.059182
          ],
          [
            101.551483,
            3.058899
          ],
          [
            101.551385,
            3.058729
          ],
          [
            101.551216,
            3.058547
          ],
          [
            101.550914,
            3.058297
          ],
          [
            101.550406,
            3.057899
          ],
          [
            101.54993,
            3.057536
          ],
          [
            101.549789,
            3.057438
          ],
          [
            101.549666,
            3.057343
          ],
          [
            101.549423,
            3.057164
          ],
          [
            101.548999,
            3.05684
          ],
          [
            101.548842,
            3.056679
          ],
          [
            101.548736,
            3.056508
          ],
          [
            101.548657,
            3.056308
          ],
          [
            101.548449,
            3.055609
          ],
          [
            101.548467,
            3.055467
          ],
          [
            101.548514,
            3.055344
          ],
          [
            101.548604,
            3.055197
          ],
          [
            101.548653,
            3.05516
          ],
          [
            101.548729,
            3.05511
          ],
          [
            101.548812,
            3.05507
          ],
          [
            101.549041,
            3.055014
          ],
          [
            101.549226,
            3.054974
          ],
          [
            101.550239,
            3.054826
          ],
          [
            101.550618,
            3.054776
          ],
          [
            101.550917,
            3.054733
          ],
          [
            101.551468,
            3.054734
          ],
          [
            101.551981,
            3.054763
          ],
          [
            101.552204,
            3.054798
          ],
          [
            101.55247,
            3.054849
          ],
          [
            101.552689,
            3.054919
          ],
          [
            101.553038,
            3.055027
          ],
          [
            101.553168,
            3.055077
          ],
          [
            101.553348,
            3.055158
          ],
          [
            101.553622,
            3.055284
          ],
          [
            101.554236,
            3.055634
          ],
          [
            101.554638,
            3.055874
          ],
          [
            101.554963,
            3.056121
          ],
          [
            101.555319,
            3.05648
          ],
          [
            101.555571,
            3.056783
          ],
          [
            101.555768,
            3.057054
          ],
          [
            101.556026,
            3.057484
          ],
          [
            101.556181,
            3.057801
          ],
          [
            101.556241,
            3.057925
          ],
          [
            101.556266,
            3.057994
          ],
          [
            101.556315,
            3.05813
          ],
          [
            101.556464,
            3.058632
          ],
          [
            101.556532,
            3.058941
          ],
          [
            101.556614,
            3.059315
          ],
          [
            101.556655,
            3.059504
          ],
          [
            101.55669,
            3.059668
          ],
          [
            101.55675,
            3.060127
          ],
          [
            101.556774,
            3.06034
          ],
          [
            101.556795,
            3.060757
          ],
          [
            101.556795,
            3.060841
          ],
          [
            101.556795,
            3.061317
          ],
          [
            101.556754,
            3.062018
          ],
          [
            101.556759,
            3.062236
          ],
          [
            101.556733,
            3.062588
          ],
          [
            101.556643,
            3.063143
          ],
          [
            101.556654,
            3.063225
          ],
          [
            101.55668,
            3.063268
          ],
          [
            101.55671,
            3.063304
          ],
          [
            101.556963,
            3.063356
          ],
          [
            101.557377,
            3.063476
          ],
          [
            101.558114,
            3.063707
          ],
          [
            101.558235,
            3.063759
          ],
          [
            101.558301,
            3.063841
          ],
          [
            101.558329,
            3.063917
          ],
          [
            101.558252,
            3.065445
          ],
          [
            101.558295,
            3.065991
          ],
          [
            101.558351,
            3.066739
          ],
          [
            101.558377,
            3.066813
          ],
          [
            101.558408,
            3.066871
          ],
          [
            101.558445,
            3.066919
          ],
          [
            101.558522,
            3.067003
          ],
          [
            101.558588,
            3.067056
          ],
          [
            101.55867,
            3.067103
          ],
          [
            101.558796,
            3.06713
          ],
          [
            101.55897,
            3.067145
          ],
          [
            101.559738,
            3.067091
          ],
          [
            101.560529,
            3.067067
          ],
          [
            101.561386,
            3.066969
          ],
          [
            101.562815,
            3.066866
          ],
          [
            101.562917,
            3.066858
          ],
          [
            101.563031,
            3.066844
          ],
          [
            101.563067,
            3.066791
          ],
          [
            101.56308,
            3.066733
          ],
          [
            101.563091,
            3.066604
          ],
          [
            101.563044,
            3.066076
          ],
          [
            101.562961,
            3.065037
          ],
          [
            101.562953,
            3.064933
          ],
          [
            101.562945,
            3.064821
          ],
          [
            101.562937,
            3.064722
          ],
          [
            101.562843,
            3.063496
          ],
          [
            101.562855,
            3.063315
          ],
          [
            101.56291,
            3.063118
          ],
          [
            101.563003,
            3.062979
          ],
          [
            101.563041,
            3.062942
          ],
          [
            101.563106,
            3.062881
          ],
          [
            101.56323,
            3.0628
          ],
          [
            101.56344,
            3.062737
          ],
          [
            101.564058,
            3.062683
          ],
          [
            101.56544,
            3.062598
          ],
          [
            101.566236,
            3.062555
          ],
          [
            101.566367,
            3.062547
          ],
          [
            101.566476,
            3.062542
          ],
          [
            101.566651,
            3.0625
          ],
          [
            101.566824,
            3.062438
          ],
          [
            101.567002,
            3.062318
          ],
          [
            101.567127,
            3.062238
          ],
          [
            101.567155,
            3.062221
          ],
          [
            101.567231,
            3.062158
          ],
          [
            101.567281,
            3.062117
          ],
          [
            101.567363,
            3.062049
          ],
          [
            101.567499,
            3.061951
          ],
          [
            101.567847,
            3.061677
          ],
          [
            101.568344,
            3.061317
          ],
          [
            101.569588,
            3.060484
          ],
          [
            101.570194,
            3.060069
          ],
          [
            101.570392,
            3.059932
          ],
          [
            101.570584,
            3.059801
          ],
          [
            101.570832,
            3.059627
          ],
          [
            101.571167,
            3.059386
          ],
          [
            101.571367,
            3.059208
          ],
          [
            101.571541,
            3.058969
          ],
          [
            101.571588,
            3.058853
          ],
          [
            101.571624,
            3.058744
          ],
          [
            101.571647,
            3.058633
          ],
          [
            101.571659,
            3.058523
          ],
          [
            101.571659,
            3.058354
          ],
          [
            101.57161,
            3.057427
          ],
          [
            101.571595,
            3.057178
          ],
          [
            101.57157,
            3.056437
          ],
          [
            101.571531,
            3.055638
          ],
          [
            101.571492,
            3.055006
          ],
          [
            101.571447,
            3.05476
          ],
          [
            101.571333,
            3.054488
          ],
          [
            101.571209,
            3.054311
          ],
          [
            101.571045,
            3.054045
          ],
          [
            101.571021,
            3.053966
          ],
          [
            101.570949,
            3.053731
          ],
          [
            101.570805,
            3.05311
          ],
          [
            101.57074,
            3.05274
          ],
          [
            101.570628,
            3.051948
          ],
          [
            101.570598,
            3.051755
          ],
          [
            101.570553,
            3.051553
          ],
          [
            101.570441,
            3.051005
          ],
          [
            101.570325,
            3.050261
          ],
          [
            101.57029,
            3.050041
          ],
          [
            101.570265,
            3.049831
          ],
          [
            101.570167,
            3.04935
          ],
          [
            101.570142,
            3.049245
          ],
          [
            101.570094,
            3.049117
          ],
          [
            101.569981,
            3.048903
          ],
          [
            101.56972,
            3.048616
          ],
          [
            101.569488,
            3.048346
          ],
          [
            101.56937,
            3.048149
          ],
          [
            101.569324,
            3.047955
          ],
          [
            101.569296,
            3.047734
          ],
          [
            101.569357,
            3.047293
          ],
          [
            101.569447,
            3.04684
          ],
          [
            101.569581,
            3.04646
          ],
          [
            101.5697,
            3.046208
          ],
          [
            101.569753,
            3.046134
          ],
          [
            101.569935,
            3.045911
          ],
          [
            101.570163,
            3.045675
          ],
          [
            101.570396,
            3.045511
          ],
          [
            101.570444,
            3.045477
          ],
          [
            101.570619,
            3.045347
          ],
          [
            101.570779,
            3.045246
          ],
          [
            101.570966,
            3.045155
          ],
          [
            101.571204,
            3.045062
          ],
          [
            101.571406,
            3.045009
          ],
          [
            101.571642,
            3.044957
          ],
          [
            101.571847,
            3.044934
          ],
          [
            101.57219,
            3.044926
          ],
          [
            101.573159,
            3.044934
          ],
          [
            101.573911,
            3.04494
          ],
          [
            101.574696,
            3.044947
          ],
          [
            101.575388,
            3.044952
          ],
          [
            101.575778,
            3.044955
          ],
          [
            101.575911,
            3.044956
          ],
          [
            101.57589,
            3.044849
          ],
          [
            101.57565,
            3.043913
          ],
          [
            101.57583,
            3.043914
          ],
          [
            101.577765,
            3.043915
          ],
          [
            101.577922,
            3.043915
          ],
          [
            101.578455,
            3.043915
          ],
          [
            101.579505,
            3.043915
          ],
          [
            101.579509,
            3.045704
          ],
          [
            101.579511,
            3.046922
          ],
          [
            101.579677,
            3.046926
          ],
          [
            101.579675,
            3.046622
          ],
          [
            101.579673,
            3.04635
          ],
          [
            101.580712,
            3.046349
          ],
          [
            101.580711,
            3.046615
          ],
          [
            101.57972,
            3.046621
          ],
          [
            101.580001,
            3.046619
          ],
          [
            101.580711,
            3.046615
          ],
          [
            101.580711,
            3.046923
          ],
          [
            101.58082,
            3.046922
          ],
          [
            101.580998,
            3.04692
          ],
          [
            101.581211,
            3.046918
          ],
          [
            101.581612,
            3.046913
          ],
          [
            101.581693,
            3.046915
          ],
          [
            101.581696,
            3.047173
          ],
          [
            101.581699,
            3.047452
          ],
          [
            101.5817,
            3.047551
          ],
          [
            101.581701,
            3.047706
          ],
          [
            101.581705,
            3.048018
          ],
          [
            101.582618,
            3.048016
          ],
          [
            101.582719,
            3.048014
          ],
          [
            101.58282,
            3.048011
          ],
          [
            101.58282,
            3.048161
          ],
          [
            101.582819,
            3.048289
          ],
          [
            101.582827,
            3.049979
          ],
          [
            101.582832,
            3.050411
          ],
          [
            101.582833,
            3.050528
          ],
          [
            101.582832,
            3.050595
          ],
          [
            101.58283,
            3.050631
          ],
          [
            101.582832,
            3.050705
          ],
          [
            101.582843,
            3.050797
          ],
          [
            101.58286,
            3.05091
          ],
          [
            101.582881,
            3.050997
          ],
          [
            101.582924,
            3.051099
          ],
          [
            101.582984,
            3.051191
          ],
          [
            101.583061,
            3.051294
          ],
          [
            101.583192,
            3.051472
          ],
          [
            101.583414,
            3.051752
          ],
          [
            101.583562,
            3.051932
          ],
          [
            101.583823,
            3.052234
          ],
          [
            101.584085,
            3.052538
          ],
          [
            101.584498,
            3.053031
          ],
          [
            101.584725,
            3.053306
          ],
          [
            101.584822,
            3.053447
          ],
          [
            101.584913,
            3.053601
          ],
          [
            101.584991,
            3.053755
          ],
          [
            101.585047,
            3.053933
          ],
          [
            101.58509,
            3.054108
          ],
          [
            101.585114,
            3.054234
          ],
          [
            101.585126,
            3.054347
          ],
          [
            101.585126,
            3.054485
          ],
          [
            101.585125,
            3.05458
          ],
          [
            101.585085,
            3.056323
          ],
          [
            101.585084,
            3.056715
          ],
          [
            101.585087,
            3.056816
          ],
          [
            101.585188,
            3.056817
          ],
          [
            101.588071,
            3.056815
          ],
          [
            101.589348,
            3.056814
          ],
          [
            101.589348,
            3.056944
          ],
          [
            101.588822,
            3.056944
          ],
          [
            101.588822,
            3.057505
          ],
          [
            101.588822,
            3.057746
          ],
          [
            101.588822,
            3.058051
          ],
          [
            101.588821,
            3.058598
          ],
          [
            101.588821,
            3.058638
          ],
          [
            101.588821,
            3.059093
          ],
          [
            101.5887,
            3.059093
          ],
          [
            101.588318,
            3.059093
          ],
          [
            101.587871,
            3.059093
          ],
          [
            101.587833,
            3.059093
          ],
          [
            101.587328,
            3.059093
          ],
          [
            101.586864,
            3.059093
          ],
          [
            101.586867,
            3.058627
          ],
          [
            101.586215,
            3.058623
          ],
          [
            101.585226,
            3.058618
          ],
          [
            101.585226,
            3.058644
          ],
          [
            101.584956,
            3.058642
          ],
          [
            101.584667,
            3.058641
          ],
          [
            101.584667,
            3.058804
          ],
          [
            101.582535,
            3.058809
          ],
          [
            101.582066,
            3.058811
          ],
          [
            101.581779,
            3.058811
          ],
          [
            101.581487,
            3.058812
          ],
          [
            101.581488,
            3.058282
          ],
          [
            101.581488,
            3.058
          ],
          [
            101.581489,
            3.057617
          ],
          [
            101.58149,
            3.056952
          ],
          [
            101.581491,
            3.056811
          ],
          [
            101.583348,
            3.056809
          ],
          [
            101.585087,
            3.056816
          ],
          [
            101.585188,
            3.056817
          ],
          [
            101.585189,
            3.05672
          ],
          [
            101.585084,
            3.056715
          ],
          [
            101.584809,
            3.056708
          ],
          [
            101.584574,
            3.056706
          ],
          [
            101.581941,
            3.056694
          ],
          [
            101.579952,
            3.056703
          ],
          [
            101.579746,
            3.056707
          ],
          [
            101.579456,
            3.056728
          ],
          [
            101.579161,
            3.056811
          ],
          [
            101.57896,
            3.0569
          ],
          [
            101.578799,
            3.056995
          ],
          [
            101.578239,
            3.057371
          ],
          [
            101.578082,
            3.05747
          ],
          [
            101.578162,
            3.057573
          ],
          [
            101.579163,
            3.058995
          ],
          [
            101.580016,
            3.060216
          ],
          [
            101.580152,
            3.060436
          ],
          [
            101.580213,
            3.060565
          ],
          [
            101.58025,
            3.060672
          ],
          [
            101.580272,
            3.06082
          ],
          [
            101.580289,
            3.061011
          ],
          [
            101.580282,
            3.062759
          ],
          [
            101.580281,
            3.063509
          ],
          [
            101.580195,
            3.065349
          ],
          [
            101.57922,
            3.06535
          ],
          [
            101.578758,
            3.06535
          ],
          [
            101.578676,
            3.06535
          ],
          [
            101.578254,
            3.065351
          ],
          [
            101.577316,
            3.065351
          ],
          [
            101.577113,
            3.065351
          ],
          [
            101.576898,
            3.065352
          ],
          [
            101.57675,
            3.065362
          ],
          [
            101.576611,
            3.065391
          ],
          [
            101.576507,
            3.065415
          ],
          [
            101.576251,
            3.065483
          ],
          [
            101.576022,
            3.065544
          ],
          [
            101.575745,
            3.06562
          ],
          [
            101.575694,
            3.065634
          ],
          [
            101.575689,
            3.065755
          ],
          [
            101.575056,
            3.065767
          ],
          [
            101.574433,
            3.065778
          ],
          [
            101.574432,
            3.066033
          ],
          [
            101.574436,
            3.066052
          ],
          [
            101.574445,
            3.066065
          ],
          [
            101.574445,
            3.066065
          ],
          [
            101.575046,
            3.066054
          ],
          [
            101.575056,
            3.065767
          ],
          [
            101.575689,
            3.065755
          ],
          [
            101.576633,
            3.065506
          ],
          [
            101.576666,
            3.065746
          ],
          [
            101.576713,
            3.065764
          ],
          [
            101.577347,
            3.065767
          ],
          [
            101.578029,
            3.065769
          ],
          [
            101.57803,
            3.06588
          ],
          [
            101.578031,
            3.066076
          ],
          [
            101.578032,
            3.066232
          ],
          [
            101.578104,
            3.066303
          ],
          [
            101.578221,
            3.066422
          ],
          [
            101.578519,
            3.066908
          ],
          [
            101.578857,
            3.067433
          ],
          [
            101.578819,
            3.067717
          ],
          [
            101.578797,
            3.067696
          ],
          [
            101.578737,
            3.067641
          ],
          [
            101.578597,
            3.067582
          ],
          [
            101.577004,
            3.067642
          ],
          [
            101.576775,
            3.067679
          ],
          [
            101.576471,
            3.067823
          ],
          [
            101.575678,
            3.068841
          ],
          [
            101.575977,
            3.068984
          ],
          [
            101.576029,
            3.069011
          ],
          [
            101.576082,
            3.069045
          ],
          [
            101.576128,
            3.069102
          ],
          [
            101.576163,
            3.069182
          ],
          [
            101.576177,
            3.069262
          ],
          [
            101.576174,
            3.069329
          ],
          [
            101.57615,
            3.069409
          ],
          [
            101.576106,
            3.06948
          ],
          [
            101.576047,
            3.069537
          ],
          [
            101.575976,
            3.069577
          ],
          [
            101.575913,
            3.069595
          ],
          [
            101.575847,
            3.069601
          ],
          [
            101.575748,
            3.069583
          ],
          [
            101.575679,
            3.069552
          ],
          [
            101.574249,
            3.068856
          ],
          [
            101.573956,
            3.068861
          ],
          [
            101.573823,
            3.068863
          ],
          [
            101.573822,
            3.068965
          ],
          [
            101.573832,
            3.069298
          ],
          [
            101.573838,
            3.069602
          ],
          [
            101.573847,
            3.069716
          ],
          [
            101.574338,
            3.069709
          ],
          [
            101.574472,
            3.069727
          ],
          [
            101.575142,
            3.07009
          ],
          [
            101.575186,
            3.070135
          ],
          [
            101.575352,
            3.070513
          ],
          [
            101.576305,
            3.070492
          ],
          [
            101.576468,
            3.070487
          ],
          [
            101.576714,
            3.070445
          ],
          [
            101.576837,
            3.070402
          ],
          [
            101.576953,
            3.070345
          ],
          [
            101.577019,
            3.070463
          ],
          [
            101.577053,
            3.070587
          ],
          [
            101.577066,
            3.070761
          ],
          [
            101.577113,
            3.071015
          ],
          [
            101.57708,
            3.071253
          ],
          [
            101.576873,
            3.071574
          ],
          [
            101.576647,
            3.071705
          ],
          [
            101.576446,
            3.071887
          ],
          [
            101.576346,
            3.072024
          ],
          [
            101.576268,
            3.072163
          ],
          [
            101.576221,
            3.072262
          ],
          [
            101.576182,
            3.072442
          ],
          [
            101.576169,
            3.07261
          ],
          [
            101.576176,
            3.072772
          ],
          [
            101.575163,
            3.072865
          ],
          [
            101.575014,
            3.072882
          ],
          [
            101.574982,
            3.072901
          ],
          [
            101.574974,
            3.07293
          ],
          [
            101.574974,
            3.073379
          ],
          [
            101.574939,
            3.073706
          ],
          [
            101.574829,
            3.073932
          ],
          [
            101.574215,
            3.074738
          ],
          [
            101.574214,
            3.074749
          ],
          [
            101.574215,
            3.074758
          ],
          [
            101.57427,
            3.074802
          ],
          [
            101.574665,
            3.075078
          ],
          [
            101.575087,
            3.075413
          ],
          [
            101.575182,
            3.075489
          ],
          [
            101.575341,
            3.07528
          ],
          [
            101.575562,
            3.074988
          ],
          [
            101.575651,
            3.074875
          ],
          [
            101.57574,
            3.074763
          ],
          [
            101.57578,
            3.07474
          ],
          [
            101.575836,
            3.07473
          ],
          [
            101.576472,
            3.074824
          ],
          [
            101.577234,
            3.074929
          ],
          [
            101.577257,
            3.074754
          ],
          [
            101.577266,
            3.07468
          ],
          [
            101.577288,
            3.07451
          ],
          [
            101.578209,
            3.074595
          ],
          [
            101.578273,
            3.074595
          ],
          [
            101.578341,
            3.07458
          ],
          [
            101.578535,
            3.074533
          ],
          [
            101.578658,
            3.074506
          ],
          [
            101.579258,
            3.076401
          ],
          [
            101.579465,
            3.0771
          ],
          [
            101.579488,
            3.077203
          ],
          [
            101.579536,
            3.077404
          ],
          [
            101.579573,
            3.077692
          ],
          [
            101.579583,
            3.077848
          ],
          [
            101.579593,
            3.078016
          ],
          [
            101.579594,
            3.078077
          ],
          [
            101.579629,
            3.078174
          ],
          [
            101.579497,
            3.080071
          ],
          [
            101.579434,
            3.080607
          ],
          [
            101.579346,
            3.081268
          ],
          [
            101.579309,
            3.081671
          ],
          [
            101.579284,
            3.081999
          ],
          [
            101.579231,
            3.082692
          ],
          [
            101.57923,
            3.082847
          ],
          [
            101.579242,
            3.08297
          ],
          [
            101.57927,
            3.083165
          ],
          [
            101.579284,
            3.083441
          ],
          [
            101.57927,
            3.083729
          ],
          [
            101.579241,
            3.084068
          ],
          [
            101.579225,
            3.08424
          ],
          [
            101.579185,
            3.08442
          ],
          [
            101.579061,
            3.084787
          ],
          [
            101.579005,
            3.084953
          ],
          [
            101.578647,
            3.085968
          ],
          [
            101.578312,
            3.086765
          ],
          [
            101.578321,
            3.086894
          ],
          [
            101.578337,
            3.086953
          ],
          [
            101.578359,
            3.08701
          ],
          [
            101.578438,
            3.08704
          ],
          [
            101.578785,
            3.087173
          ],
          [
            101.578715,
            3.087358
          ],
          [
            101.578749,
            3.087371
          ],
          [
            101.578794,
            3.087387
          ],
          [
            101.578977,
            3.087455
          ],
          [
            101.579003,
            3.087488
          ],
          [
            101.579013,
            3.087524
          ],
          [
            101.579011,
            3.087593
          ],
          [
            101.578775,
            3.0882
          ],
          [
            101.578525,
            3.088845
          ],
          [
            101.578502,
            3.088868
          ],
          [
            101.578468,
            3.088874
          ],
          [
            101.578231,
            3.088789
          ],
          [
            101.578195,
            3.088776
          ],
          [
            101.578163,
            3.088764
          ],
          [
            101.578073,
            3.088991
          ],
          [
            101.577835,
            3.088898
          ],
          [
            101.57777,
            3.088872
          ],
          [
            101.577732,
            3.088819
          ],
          [
            101.577708,
            3.088785
          ],
          [
            101.577692,
            3.088739
          ],
          [
            101.577685,
            3.088673
          ],
          [
            101.57832,
            3.087109
          ],
          [
            101.578359,
            3.08701
          ],
          [
            101.578389,
            3.086927
          ],
          [
            101.579006,
            3.085242
          ],
          [
            101.579292,
            3.084431
          ],
          [
            101.579357,
            3.084345
          ],
          [
            101.579475,
            3.084213
          ],
          [
            101.579593,
            3.084108
          ],
          [
            101.579648,
            3.084065
          ],
          [
            101.579696,
            3.084005
          ],
          [
            101.579774,
            3.08384
          ],
          [
            101.579799,
            3.083675
          ],
          [
            101.579801,
            3.083506
          ],
          [
            101.579771,
            3.083353
          ],
          [
            101.579718,
            3.083203
          ],
          [
            101.579653,
            3.08302
          ],
          [
            101.579581,
            3.08279
          ],
          [
            101.579535,
            3.082475
          ],
          [
            101.579582,
            3.082084
          ],
          [
            101.579614,
            3.081904
          ],
          [
            101.579689,
            3.081548
          ],
          [
            101.579717,
            3.081386
          ],
          [
            101.579748,
            3.081083
          ],
          [
            101.579778,
            3.080631
          ],
          [
            101.579813,
            3.080303
          ],
          [
            101.579832,
            3.080201
          ],
          [
            101.579855,
            3.080133
          ],
          [
            101.579893,
            3.080015
          ],
          [
            101.579972,
            3.079849
          ],
          [
            101.580121,
            3.079736
          ],
          [
            101.58037,
            3.079629
          ],
          [
            101.580561,
            3.079583
          ],
          [
            101.580794,
            3.079586
          ],
          [
            101.581429,
            3.079617
          ],
          [
            101.581839,
            3.079722
          ],
          [
            101.582151,
            3.079846
          ],
          [
            101.582842,
            3.080159
          ],
          [
            101.583358,
            3.080393
          ],
          [
            101.583645,
            3.080523
          ],
          [
            101.58429,
            3.080844
          ],
          [
            101.584412,
            3.080911
          ],
          [
            101.584486,
            3.08079
          ],
          [
            101.584677,
            3.08047
          ],
          [
            101.584782,
            3.080288
          ],
          [
            101.585006,
            3.079916
          ],
          [
            101.585059,
            3.079829
          ],
          [
            101.58565,
            3.07885
          ],
          [
            101.585897,
            3.07844
          ],
          [
            101.58606,
            3.078525
          ],
          [
            101.586131,
            3.078543
          ],
          [
            101.586324,
            3.078594
          ],
          [
            101.586414,
            3.078612
          ],
          [
            101.58649,
            3.078623
          ],
          [
            101.586984,
            3.078625
          ],
          [
            101.588166,
            3.078631
          ],
          [
            101.588434,
            3.078632
          ],
          [
            101.589032,
            3.078633
          ],
          [
            101.589139,
            3.078634
          ],
          [
            101.589139,
            3.078415
          ],
          [
            101.589138,
            3.077432
          ],
          [
            101.589138,
            3.077372
          ],
          [
            101.589138,
            3.077027
          ],
          [
            101.589138,
            3.076768
          ],
          [
            101.588903,
            3.076529
          ],
          [
            101.58874,
            3.076363
          ],
          [
            101.588738,
            3.076361
          ],
          [
            101.588498,
            3.076117
          ],
          [
            101.58826,
            3.075876
          ],
          [
            101.588182,
            3.075876
          ],
          [
            101.587433,
            3.075876
          ],
          [
            101.587381,
            3.075876
          ],
          [
            101.586395,
            3.075876
          ],
          [
            101.586396,
            3.075831
          ],
          [
            101.586399,
            3.075528
          ],
          [
            101.58641,
            3.075218
          ],
          [
            101.586412,
            3.075197
          ],
          [
            101.586411,
            3.075113
          ],
          [
            101.586267,
            3.075112
          ],
          [
            101.586176,
            3.075112
          ],
          [
            101.586179,
            3.074203
          ],
          [
            101.586175,
            3.073921
          ],
          [
            101.586174,
            3.073793
          ],
          [
            101.586172,
            3.073466
          ],
          [
            101.586172,
            3.073424
          ],
          [
            101.586173,
            3.073011
          ],
          [
            101.586173,
            3.072982
          ],
          [
            101.586177,
            3.072678
          ],
          [
            101.58619,
            3.071798
          ],
          [
            101.586358,
            3.071805
          ],
          [
            101.586746,
            3.071805
          ],
          [
            101.588739,
            3.071805
          ],
          [
            101.588805,
            3.071805
          ],
          [
            101.588853,
            3.071794
          ],
          [
            101.588894,
            3.071774
          ],
          [
            101.588913,
            3.07174
          ],
          [
            101.588924,
            3.071694
          ],
          [
            101.588931,
            3.071486
          ],
          [
            101.588928,
            3.071247
          ],
          [
            101.588896,
            3.07116
          ],
          [
            101.588788,
            3.071131
          ],
          [
            101.5877,
            3.071135
          ],
          [
            101.586421,
            3.071139
          ],
          [
            101.586358,
            3.07114
          ],
          [
            101.586358,
            3.071805
          ],
          [
            101.586359,
            3.071878
          ],
          [
            101.586359,
            3.072464
          ],
          [
            101.586356,
            3.072561
          ],
          [
            101.586357,
            3.072677
          ],
          [
            101.586416,
            3.072791
          ],
          [
            101.586505,
            3.072876
          ],
          [
            101.586649,
            3.072907
          ],
          [
            101.587103,
            3.072907
          ],
          [
            101.587271,
            3.072908
          ],
          [
            101.587277,
            3.073011
          ],
          [
            101.58649,
            3.073015
          ],
          [
            101.586447,
            3.073015
          ],
          [
            101.586173,
            3.073011
          ],
          [
            101.586063,
            3.07301
          ],
          [
            101.58607,
            3.073424
          ],
          [
            101.58607,
            3.073465
          ],
          [
            101.586067,
            3.073806
          ],
          [
            101.586063,
            3.07417
          ],
          [
            101.586057,
            3.074498
          ],
          [
            101.586014,
            3.077301
          ],
          [
            101.586013,
            3.077359
          ],
          [
            101.585859,
            3.077311
          ],
          [
            101.585005,
            3.077296
          ],
          [
            101.584694,
            3.077298
          ],
          [
            101.584366,
            3.077301
          ],
          [
            101.584354,
            3.076737
          ],
          [
            101.584349,
            3.076501
          ],
          [
            101.58434,
            3.076131
          ],
          [
            101.58348,
            3.07614
          ],
          [
            101.583337,
            3.076131
          ],
          [
            101.583278,
            3.076097
          ],
          [
            101.582917,
            3.075553
          ],
          [
            101.582502,
            3.074928
          ],
          [
            101.582323,
            3.074658
          ],
          [
            101.581775,
            3.073691
          ],
          [
            101.58174,
            3.073592
          ],
          [
            101.581637,
            3.073586
          ],
          [
            101.581644,
            3.07337
          ],
          [
            101.581879,
            3.073368
          ],
          [
            101.582073,
            3.073314
          ],
          [
            101.583091,
            3.073306
          ],
          [
            101.584275,
            3.073322
          ],
          [
            101.58611,
            3.073326
          ],
          [
            101.587323,
            3.073339
          ],
          [
            101.588705,
            3.073332
          ],
          [
            101.589301,
            3.073328
          ],
          [
            101.589758,
            3.07331
          ],
          [
            101.590364,
            3.073287
          ],
          [
            101.590691,
            3.073283
          ],
          [
            101.590891,
            3.073281
          ],
          [
            101.594598,
            3.073312
          ],
          [
            101.595845,
            3.073336
          ],
          [
            101.597776,
            3.073331
          ],
          [
            101.597912,
            3.073319
          ],
          [
            101.598028,
            3.073309
          ],
          [
            101.598672,
            3.07323
          ],
          [
            101.598867,
            3.073216
          ],
          [
            101.599631,
            3.073232
          ],
          [
            101.600279,
            3.073232
          ],
          [
            101.600704,
            3.073232
          ],
          [
            101.601162,
            3.073242
          ],
          [
            101.601318,
            3.073257
          ],
          [
            101.60241,
            3.073428
          ],
          [
            101.602721,
            3.073481
          ],
          [
            101.603549,
            3.073625
          ],
          [
            101.603687,
            3.073652
          ],
          [
            101.60374,
            3.073663
          ],
          [
            101.604382,
            3.073789
          ],
          [
            101.604625,
            3.073832
          ],
          [
            101.605336,
            3.073943
          ],
          [
            101.606251,
            3.074053
          ],
          [
            101.606831,
            3.074102
          ],
          [
            101.606931,
            3.074108
          ],
          [
            101.608698,
            3.074108
          ],
          [
            101.608745,
            3.074109
          ],
          [
            101.609163,
            3.074105
          ],
          [
            101.609486,
            3.074111
          ],
          [
            101.609817,
            3.074137
          ],
          [
            101.609936,
            3.074204
          ],
          [
            101.609984,
            3.074233
          ],
          [
            101.61004,
            3.074248
          ],
          [
            101.610072,
            3.074254
          ],
          [
            101.610375,
            3.074318
          ],
          [
            101.611916,
            3.074572
          ],
          [
            101.612475,
            3.074658
          ],
          [
            101.61294,
            3.07469
          ],
          [
            101.61319,
            3.074707
          ],
          [
            101.613246,
            3.074685
          ],
          [
            101.613279,
            3.07465
          ],
          [
            101.613296,
            3.074608
          ],
          [
            101.613302,
            3.074553
          ],
          [
            101.613295,
            3.074502
          ],
          [
            101.613272,
            3.074455
          ],
          [
            101.613244,
            3.074424
          ],
          [
            101.61321,
            3.074393
          ],
          [
            101.612851,
            3.074392
          ],
          [
            101.61255,
            3.074358
          ],
          [
            101.610929,
            3.074103
          ],
          [
            101.610182,
            3.073964
          ],
          [
            101.609917,
            3.073917
          ],
          [
            101.609691,
            3.073892
          ],
          [
            101.60954,
            3.073883
          ],
          [
            101.609234,
            3.073873
          ],
          [
            101.609143,
            3.07387
          ],
          [
            101.608705,
            3.073866
          ],
          [
            101.608523,
            3.073863
          ],
          [
            101.608206,
            3.073869
          ],
          [
            101.607787,
            3.073872
          ],
          [
            101.6073,
            3.073879
          ],
          [
            101.607153,
            3.073881
          ],
          [
            101.606947,
            3.073875
          ],
          [
            101.60673,
            3.073855
          ],
          [
            101.606657,
            3.073849
          ],
          [
            101.606356,
            3.073804
          ],
          [
            101.606118,
            3.073764
          ],
          [
            101.605893,
            3.073723
          ],
          [
            101.605386,
            3.073736
          ],
          [
            101.604654,
            3.073624
          ],
          [
            101.604418,
            3.073583
          ],
          [
            101.603903,
            3.073484
          ],
          [
            101.603508,
            3.073388
          ],
          [
            101.603002,
            3.073277
          ],
          [
            101.602716,
            3.073217
          ],
          [
            101.602444,
            3.073181
          ],
          [
            101.60166,
            3.073127
          ],
          [
            101.600862,
            3.073116
          ],
          [
            101.60076,
            3.073116
          ],
          [
            101.598828,
            3.0731
          ],
          [
            101.598055,
            3.073093
          ],
          [
            101.597831,
            3.073091
          ],
          [
            101.597803,
            3.073091
          ],
          [
            101.59754,
            3.072993
          ],
          [
            101.597275,
            3.072977
          ],
          [
            101.597028,
            3.072978
          ],
          [
            101.596592,
            3.072982
          ],
          [
            101.595521,
            3.072992
          ],
          [
            101.593884,
            3.073009
          ],
          [
            101.593731,
            3.072958
          ],
          [
            101.593495,
            3.072947
          ],
          [
            101.593419,
            3.072922
          ],
          [
            101.593345,
            3.072874
          ],
          [
            101.593275,
            3.072809
          ],
          [
            101.593206,
            3.072691
          ],
          [
            101.593142,
            3.072461
          ],
          [
            101.593158,
            3.071418
          ],
          [
            101.593199,
            3.069096
          ],
          [
            101.593205,
            3.068771
          ],
          [
            101.593185,
            3.066542
          ],
          [
            101.593108,
            3.066197
          ],
          [
            101.593119,
            3.065572
          ],
          [
            101.593126,
            3.065331
          ],
          [
            101.593131,
            3.065165
          ],
          [
            101.593131,
            3.064561
          ],
          [
            101.593121,
            3.063671
          ],
          [
            101.59312,
            3.063521
          ],
          [
            101.593115,
            3.062286
          ],
          [
            101.593098,
            3.061849
          ],
          [
            101.59308,
            3.061601
          ],
          [
            101.593047,
            3.061402
          ],
          [
            101.592992,
            3.061247
          ],
          [
            101.592947,
            3.061108
          ],
          [
            101.592903,
            3.060984
          ],
          [
            101.592793,
            3.060726
          ],
          [
            101.592647,
            3.060383
          ],
          [
            101.592623,
            3.060325
          ],
          [
            101.592615,
            3.060308
          ],
          [
            101.592606,
            3.060287
          ],
          [
            101.592338,
            3.059594
          ],
          [
            101.592264,
            3.059407
          ],
          [
            101.592213,
            3.059262
          ],
          [
            101.592164,
            3.059134
          ],
          [
            101.59211,
            3.058929
          ],
          [
            101.59209,
            3.058802
          ],
          [
            101.592065,
            3.058569
          ],
          [
            101.592055,
            3.057814
          ],
          [
            101.592087,
            3.057171
          ],
          [
            101.592082,
            3.056846
          ],
          [
            101.592081,
            3.056778
          ],
          [
            101.592079,
            3.056674
          ],
          [
            101.592079,
            3.056555
          ],
          [
            101.592079,
            3.056304
          ],
          [
            101.592079,
            3.055899
          ],
          [
            101.592078,
            3.055299
          ],
          [
            101.592078,
            3.055233
          ],
          [
            101.592078,
            3.054908
          ],
          [
            101.592077,
            3.054332
          ],
          [
            101.592077,
            3.054031
          ],
          [
            101.592071,
            3.05357
          ],
          [
            101.592067,
            3.051372
          ],
          [
            101.592071,
            3.050827
          ],
          [
            101.592062,
            3.050654
          ],
          [
            101.592047,
            3.050555
          ],
          [
            101.592015,
            3.050361
          ],
          [
            101.591975,
            3.050165
          ],
          [
            101.591913,
            3.04996
          ],
          [
            101.591901,
            3.049929
          ],
          [
            101.591839,
            3.049766
          ],
          [
            101.591749,
            3.04958
          ],
          [
            101.591614,
            3.049356
          ],
          [
            101.591592,
            3.049327
          ],
          [
            101.591262,
            3.048914
          ],
          [
            101.591156,
            3.048782
          ],
          [
            101.591057,
            3.048677
          ],
          [
            101.59068,
            3.048253
          ],
          [
            101.589894,
            3.047344
          ],
          [
            101.589781,
            3.047213
          ],
          [
            101.589727,
            3.047148
          ],
          [
            101.589271,
            3.046605
          ],
          [
            101.589217,
            3.046542
          ],
          [
            101.589116,
            3.046628
          ],
          [
            101.588812,
            3.046888
          ],
          [
            101.588046,
            3.047535
          ],
          [
            101.587937,
            3.047633
          ],
          [
            101.587664,
            3.047879
          ],
          [
            101.587615,
            3.047891
          ],
          [
            101.587553,
            3.047906
          ],
          [
            101.587491,
            3.047916
          ],
          [
            101.587388,
            3.047922
          ],
          [
            101.587341,
            3.04792
          ],
          [
            101.587274,
            3.04791
          ],
          [
            101.587208,
            3.047897
          ],
          [
            101.58714,
            3.047865
          ],
          [
            101.586744,
            3.047423
          ],
          [
            101.586669,
            3.04734
          ],
          [
            101.586572,
            3.047252
          ],
          [
            101.586451,
            3.047167
          ],
          [
            101.586346,
            3.047106
          ],
          [
            101.586292,
            3.047035
          ],
          [
            101.586271,
            3.046985
          ],
          [
            101.586251,
            3.046904
          ],
          [
            101.586263,
            3.046485
          ],
          [
            101.586263,
            3.045654
          ],
          [
            101.586571,
            3.045661
          ],
          [
            101.58689,
            3.045659
          ],
          [
            101.586969,
            3.04566
          ],
          [
            101.587201,
            3.045661
          ],
          [
            101.587488,
            3.045664
          ],
          [
            101.587627,
            3.045665
          ],
          [
            101.588067,
            3.045668
          ],
          [
            101.588153,
            3.045655
          ],
          [
            101.588188,
            3.045647
          ],
          [
            101.588231,
            3.045636
          ],
          [
            101.588268,
            3.045623
          ],
          [
            101.588317,
            3.045595
          ],
          [
            101.588415,
            3.045797
          ],
          [
            101.58843,
            3.045818
          ],
          [
            101.588534,
            3.045967
          ],
          [
            101.588805,
            3.046274
          ],
          [
            101.589116,
            3.046628
          ],
          [
            101.58917,
            3.046694
          ],
          [
            101.589461,
            3.04705
          ],
          [
            101.589883,
            3.047527
          ],
          [
            101.590025,
            3.047693
          ],
          [
            101.591028,
            3.048878
          ],
          [
            101.591394,
            3.049321
          ],
          [
            101.591473,
            3.04944
          ],
          [
            101.591573,
            3.049596
          ],
          [
            101.591667,
            3.04976
          ],
          [
            101.591748,
            3.049959
          ],
          [
            101.5918,
            3.050113
          ],
          [
            101.591838,
            3.050282
          ],
          [
            101.591873,
            3.050464
          ],
          [
            101.591888,
            3.050631
          ],
          [
            101.591893,
            3.05076
          ],
          [
            101.591918,
            3.052667
          ],
          [
            101.591919,
            3.053453
          ],
          [
            101.591921,
            3.054541
          ],
          [
            101.591923,
            3.056299
          ],
          [
            101.591924,
            3.056556
          ],
          [
            101.591924,
            3.056676
          ],
          [
            101.591921,
            3.056776
          ],
          [
            101.591921,
            3.056846
          ],
          [
            101.591917,
            3.057329
          ],
          [
            101.591913,
            3.057738
          ],
          [
            101.591918,
            3.058097
          ],
          [
            101.591927,
            3.058634
          ],
          [
            101.591953,
            3.058851
          ],
          [
            101.592023,
            3.059147
          ],
          [
            101.592086,
            3.059344
          ],
          [
            101.592379,
            3.060086
          ],
          [
            101.592554,
            3.06051
          ],
          [
            101.592674,
            3.060785
          ],
          [
            101.592789,
            3.061035
          ],
          [
            101.592872,
            3.061259
          ],
          [
            101.592919,
            3.061439
          ],
          [
            101.592953,
            3.061625
          ],
          [
            101.592966,
            3.061868
          ],
          [
            101.592966,
            3.06215
          ],
          [
            101.592918,
            3.062267
          ],
          [
            101.592861,
            3.062391
          ],
          [
            101.592798,
            3.06247
          ],
          [
            101.592686,
            3.062541
          ],
          [
            101.592214,
            3.062658
          ],
          [
            101.591362,
            3.062782
          ],
          [
            101.591033,
            3.062814
          ],
          [
            101.589795,
            3.062989
          ],
          [
            101.589461,
            3.063059
          ],
          [
            101.589063,
            3.063061
          ],
          [
            101.586486,
            3.063078
          ],
          [
            101.586012,
            3.063085
          ],
          [
            101.585301,
            3.063079
          ],
          [
            101.579056,
            3.063116
          ],
          [
            101.572824,
            3.063115
          ],
          [
            101.572167,
            3.063086
          ],
          [
            101.571476,
            3.062916
          ],
          [
            101.570846,
            3.062651
          ],
          [
            101.570381,
            3.062364
          ],
          [
            101.569873,
            3.061947
          ],
          [
            101.569486,
            3.06153
          ],
          [
            101.569162,
            3.061041
          ],
          [
            101.568966,
            3.060736
          ],
          [
            101.56875,
            3.060398
          ],
          [
            101.568315,
            3.059645
          ],
          [
            101.567312,
            3.057878
          ],
          [
            101.56624,
            3.055882
          ],
          [
            101.564975,
            3.053688
          ],
          [
            101.564273,
            3.052415
          ],
          [
            101.563705,
            3.051425
          ],
          [
            101.563446,
            3.050993
          ],
          [
            101.561448,
            3.047425
          ],
          [
            101.560695,
            3.04608
          ],
          [
            101.559397,
            3.043737
          ],
          [
            101.559103,
            3.043222
          ],
          [
            101.558857,
            3.042759
          ],
          [
            101.55704,
            3.03963
          ],
          [
            101.557009,
            3.039575
          ],
          [
            101.556807,
            3.038998
          ],
          [
            101.556506,
            3.038261
          ],
          [
            101.556472,
            3.038175
          ],
          [
            101.55635,
            3.037862
          ],
          [
            101.556075,
            3.037219
          ],
          [
            101.555827,
            3.036788
          ],
          [
            101.555465,
            3.036197
          ],
          [
            101.55537,
            3.036029
          ],
          [
            101.554655,
            3.036137
          ],
          [
            101.553991,
            3.036178
          ],
          [
            101.553705,
            3.0362
          ],
          [
            101.552665,
            3.036405
          ],
          [
            101.552053,
            3.036526
          ],
          [
            101.551232,
            3.036687
          ],
          [
            101.550476,
            3.03695
          ],
          [
            101.549233,
            3.037482
          ],
          [
            101.548951,
            3.037615
          ],
          [
            101.548184,
            3.038016
          ],
          [
            101.547902,
            3.038193
          ],
          [
            101.547425,
            3.03861
          ],
          [
            101.547287,
            3.038791
          ],
          [
            101.547205,
            3.038934
          ],
          [
            101.547072,
            3.03913
          ],
          [
            101.546922,
            3.039493
          ],
          [
            101.546733,
            3.040049
          ],
          [
            101.546674,
            3.040415
          ],
          [
            101.546452,
            3.041815
          ],
          [
            101.546338,
            3.042534
          ],
          [
            101.546226,
            3.043166
          ],
          [
            101.546117,
            3.043689
          ],
          [
            101.546005,
            3.044139
          ],
          [
            101.5459,
            3.044482
          ],
          [
            101.545646,
            3.045315
          ],
          [
            101.545432,
            3.046212
          ],
          [
            101.545224,
            3.046965
          ],
          [
            101.544811,
            3.048475
          ],
          [
            101.544428,
            3.049876
          ],
          [
            101.544317,
            3.050015
          ],
          [
            101.543806,
            3.051516
          ],
          [
            101.54374,
            3.051673
          ],
          [
            101.543638,
            3.051918
          ],
          [
            101.543517,
            3.052107
          ],
          [
            101.543367,
            3.052167
          ],
          [
            101.543239,
            3.052266
          ],
          [
            101.543137,
            3.052405
          ],
          [
            101.543078,
            3.052568
          ],
          [
            101.543069,
            3.052741
          ],
          [
            101.543105,
            3.052896
          ],
          [
            101.543181,
            3.053036
          ],
          [
            101.543306,
            3.053163
          ],
          [
            101.543463,
            3.053247
          ],
          [
            101.543638,
            3.053281
          ],
          [
            101.543815,
            3.053262
          ],
          [
            101.543967,
            3.053199
          ],
          [
            101.544095,
            3.053098
          ],
          [
            101.54435,
            3.053095
          ],
          [
            101.544601,
            3.053143
          ],
          [
            101.547233,
            3.05414
          ],
          [
            101.547668,
            3.05429
          ],
          [
            101.547921,
            3.054372
          ],
          [
            101.548149,
            3.054536
          ],
          [
            101.548177,
            3.054619
          ],
          [
            101.548151,
            3.054841
          ],
          [
            101.548173,
            3.055003
          ],
          [
            101.548587,
            3.056272
          ],
          [
            101.548693,
            3.056548
          ],
          [
            101.548754,
            3.056647
          ],
          [
            101.54882,
            3.056749
          ],
          [
            101.54896,
            3.056891
          ],
          [
            101.54975,
            3.057489
          ],
          [
            101.55099,
            3.058444
          ],
          [
            101.551314,
            3.058754
          ],
          [
            101.551465,
            3.059009
          ],
          [
            101.551565,
            3.05941
          ],
          [
            101.551555,
            3.05971
          ],
          [
            101.551398,
            3.060294
          ],
          [
            101.550842,
            3.062384
          ],
          [
            101.550849,
            3.062489
          ],
          [
            101.552337,
            3.06288
          ],
          [
            101.552408,
            3.062886
          ],
          [
            101.552588,
            3.062892
          ],
          [
            101.552698,
            3.062811
          ],
          [
            101.552803,
            3.062549
          ],
          [
            101.552848,
            3.061929
          ]
        ]
      }
    },
    {
      "type": "Feature",
      "properties": {
        "policy": "smart",
        "day": 4,
        "trip": 2,
        "distance_km_for_dispatch": 85.934,
        "unload_destination": "waste_depot"
      },
      "geometry": {
        "type": "LineString",
        "coordinates": [
          [
            101.552848,
            3.061929
          ],
          [
            101.552803,
            3.062549
          ],
          [
            101.552698,
            3.062811
          ],
          [
            101.552588,
            3.062892
          ],
          [
            101.552408,
            3.062886
          ],
          [
            101.552337,
            3.06288
          ],
          [
            101.550849,
            3.062489
          ],
          [
            101.550912,
            3.062408
          ],
          [
            101.550937,
            3.062311
          ],
          [
            101.551199,
            3.061285
          ],
          [
            101.551416,
            3.060437
          ],
          [
            101.551448,
            3.060312
          ],
          [
            101.551606,
            3.05972
          ],
          [
            101.551628,
            3.059402
          ],
          [
            101.551585,
            3.059182
          ],
          [
            101.551483,
            3.058899
          ],
          [
            101.551385,
            3.058729
          ],
          [
            101.551216,
            3.058547
          ],
          [
            101.550914,
            3.058297
          ],
          [
            101.550406,
            3.057899
          ],
          [
            101.54993,
            3.057536
          ],
          [
            101.549789,
            3.057438
          ],
          [
            101.549666,
            3.057343
          ],
          [
            101.549423,
            3.057164
          ],
          [
            101.548999,
            3.05684
          ],
          [
            101.548842,
            3.056679
          ],
          [
            101.548736,
            3.056508
          ],
          [
            101.548657,
            3.056308
          ],
          [
            101.548449,
            3.055609
          ],
          [
            101.548467,
            3.055467
          ],
          [
            101.548514,
            3.055344
          ],
          [
            101.548604,
            3.055197
          ],
          [
            101.548653,
            3.05516
          ],
          [
            101.548729,
            3.05511
          ],
          [
            101.548812,
            3.05507
          ],
          [
            101.549041,
            3.055014
          ],
          [
            101.549226,
            3.054974
          ],
          [
            101.550239,
            3.054826
          ],
          [
            101.550618,
            3.054776
          ],
          [
            101.550917,
            3.054733
          ],
          [
            101.551468,
            3.054734
          ],
          [
            101.551981,
            3.054763
          ],
          [
            101.552204,
            3.054798
          ],
          [
            101.55247,
            3.054849
          ],
          [
            101.552689,
            3.054919
          ],
          [
            101.553038,
            3.055027
          ],
          [
            101.553168,
            3.055077
          ],
          [
            101.553348,
            3.055158
          ],
          [
            101.553622,
            3.055284
          ],
          [
            101.554236,
            3.055634
          ],
          [
            101.554638,
            3.055874
          ],
          [
            101.554963,
            3.056121
          ],
          [
            101.555319,
            3.05648
          ],
          [
            101.555571,
            3.056783
          ],
          [
            101.555768,
            3.057054
          ],
          [
            101.556026,
            3.057484
          ],
          [
            101.556181,
            3.057801
          ],
          [
            101.556241,
            3.057925
          ],
          [
            101.556266,
            3.057994
          ],
          [
            101.556315,
            3.05813
          ],
          [
            101.556464,
            3.058632
          ],
          [
            101.556532,
            3.058941
          ],
          [
            101.556614,
            3.059315
          ],
          [
            101.556655,
            3.059504
          ],
          [
            101.55669,
            3.059668
          ],
          [
            101.55675,
            3.060127
          ],
          [
            101.556774,
            3.06034
          ],
          [
            101.556795,
            3.060757
          ],
          [
            101.556795,
            3.060841
          ],
          [
            101.556795,
            3.061317
          ],
          [
            101.556754,
            3.062018
          ],
          [
            101.556759,
            3.062236
          ],
          [
            101.556733,
            3.062588
          ],
          [
            101.556643,
            3.063143
          ],
          [
            101.556654,
            3.063225
          ],
          [
            101.55668,
            3.063268
          ],
          [
            101.55671,
            3.063304
          ],
          [
            101.556963,
            3.063356
          ],
          [
            101.557377,
            3.063476
          ],
          [
            101.558114,
            3.063707
          ],
          [
            101.558235,
            3.063759
          ],
          [
            101.558301,
            3.063841
          ],
          [
            101.558329,
            3.063917
          ],
          [
            101.558252,
            3.065445
          ],
          [
            101.558295,
            3.065991
          ],
          [
            101.558351,
            3.066739
          ],
          [
            101.558377,
            3.066813
          ],
          [
            101.558408,
            3.066871
          ],
          [
            101.558445,
            3.066919
          ],
          [
            101.558522,
            3.067003
          ],
          [
            101.558588,
            3.067056
          ],
          [
            101.55867,
            3.067103
          ],
          [
            101.558796,
            3.06713
          ],
          [
            101.55897,
            3.067145
          ],
          [
            101.559738,
            3.067091
          ],
          [
            101.560529,
            3.067067
          ],
          [
            101.561386,
            3.066969
          ],
          [
            101.562815,
            3.066866
          ],
          [
            101.562917,
            3.066858
          ],
          [
            101.563031,
            3.066844
          ],
          [
            101.563067,
            3.066791
          ],
          [
            101.56308,
            3.066733
          ],
          [
            101.563091,
            3.066604
          ],
          [
            101.563044,
            3.066076
          ],
          [
            101.562961,
            3.065037
          ],
          [
            101.562953,
            3.064933
          ],
          [
            101.562945,
            3.064821
          ],
          [
            101.562937,
            3.064722
          ],
          [
            101.562843,
            3.063496
          ],
          [
            101.562855,
            3.063315
          ],
          [
            101.56291,
            3.063118
          ],
          [
            101.563003,
            3.062979
          ],
          [
            101.563041,
            3.062942
          ],
          [
            101.563106,
            3.062881
          ],
          [
            101.56323,
            3.0628
          ],
          [
            101.56344,
            3.062737
          ],
          [
            101.564058,
            3.062683
          ],
          [
            101.56544,
            3.062598
          ],
          [
            101.566236,
            3.062555
          ],
          [
            101.566367,
            3.062547
          ],
          [
            101.566476,
            3.062542
          ],
          [
            101.566651,
            3.0625
          ],
          [
            101.566824,
            3.062438
          ],
          [
            101.567002,
            3.062318
          ],
          [
            101.567127,
            3.062238
          ],
          [
            101.567155,
            3.062221
          ],
          [
            101.567231,
            3.062158
          ],
          [
            101.567281,
            3.062117
          ],
          [
            101.567363,
            3.062049
          ],
          [
            101.567499,
            3.061951
          ],
          [
            101.567847,
            3.061677
          ],
          [
            101.568344,
            3.061317
          ],
          [
            101.569588,
            3.060484
          ],
          [
            101.570194,
            3.060069
          ],
          [
            101.570392,
            3.059932
          ],
          [
            101.570584,
            3.059801
          ],
          [
            101.570832,
            3.059627
          ],
          [
            101.571167,
            3.059386
          ],
          [
            101.571367,
            3.059208
          ],
          [
            101.571541,
            3.058969
          ],
          [
            101.571588,
            3.058853
          ],
          [
            101.571624,
            3.058744
          ],
          [
            101.571647,
            3.058633
          ],
          [
            101.571659,
            3.058523
          ],
          [
            101.571659,
            3.058354
          ],
          [
            101.57161,
            3.057427
          ],
          [
            101.571595,
            3.057178
          ],
          [
            101.57157,
            3.056437
          ],
          [
            101.571531,
            3.055638
          ],
          [
            101.571492,
            3.055006
          ],
          [
            101.571447,
            3.05476
          ],
          [
            101.571333,
            3.054488
          ],
          [
            101.571209,
            3.054311
          ],
          [
            101.571045,
            3.054045
          ],
          [
            101.571021,
            3.053966
          ],
          [
            101.570949,
            3.053731
          ],
          [
            101.570805,
            3.05311
          ],
          [
            101.57074,
            3.05274
          ],
          [
            101.570628,
            3.051948
          ],
          [
            101.570598,
            3.051755
          ],
          [
            101.570553,
            3.051553
          ],
          [
            101.570441,
            3.051005
          ],
          [
            101.570325,
            3.050261
          ],
          [
            101.57029,
            3.050041
          ],
          [
            101.570265,
            3.049831
          ],
          [
            101.570167,
            3.04935
          ],
          [
            101.570142,
            3.049245
          ],
          [
            101.570094,
            3.049117
          ],
          [
            101.569981,
            3.048903
          ],
          [
            101.56972,
            3.048616
          ],
          [
            101.569488,
            3.048346
          ],
          [
            101.56937,
            3.048149
          ],
          [
            101.569324,
            3.047955
          ],
          [
            101.569296,
            3.047734
          ],
          [
            101.569357,
            3.047293
          ],
          [
            101.569447,
            3.04684
          ],
          [
            101.569581,
            3.04646
          ],
          [
            101.5697,
            3.046208
          ],
          [
            101.569753,
            3.046134
          ],
          [
            101.569935,
            3.045911
          ],
          [
            101.570163,
            3.045675
          ],
          [
            101.570396,
            3.045511
          ],
          [
            101.570444,
            3.045477
          ],
          [
            101.570619,
            3.045347
          ],
          [
            101.570779,
            3.045246
          ],
          [
            101.570966,
            3.045155
          ],
          [
            101.571204,
            3.045062
          ],
          [
            101.571406,
            3.045009
          ],
          [
            101.571642,
            3.044957
          ],
          [
            101.571847,
            3.044934
          ],
          [
            101.57219,
            3.044926
          ],
          [
            101.573159,
            3.044934
          ],
          [
            101.573911,
            3.04494
          ],
          [
            101.574696,
            3.044947
          ],
          [
            101.575388,
            3.044952
          ],
          [
            101.575778,
            3.044955
          ],
          [
            101.575911,
            3.044956
          ],
          [
            101.57589,
            3.044849
          ],
          [
            101.57565,
            3.043913
          ],
          [
            101.57583,
            3.043914
          ],
          [
            101.577765,
            3.043915
          ],
          [
            101.577922,
            3.043915
          ],
          [
            101.578455,
            3.043915
          ],
          [
            101.579505,
            3.043915
          ],
          [
            101.579509,
            3.045704
          ],
          [
            101.579511,
            3.046922
          ],
          [
            101.579677,
            3.046926
          ],
          [
            101.579675,
            3.046622
          ],
          [
            101.579673,
            3.04635
          ],
          [
            101.580712,
            3.046349
          ],
          [
            101.580711,
            3.046615
          ],
          [
            101.57972,
            3.046621
          ],
          [
            101.580001,
            3.046619
          ],
          [
            101.580711,
            3.046615
          ],
          [
            101.580712,
            3.046349
          ],
          [
            101.579673,
            3.04635
          ],
          [
            101.579675,
            3.046622
          ],
          [
            101.579677,
            3.046926
          ],
          [
            101.579511,
            3.046922
          ],
          [
            101.579512,
            3.04739
          ],
          [
            101.579514,
            3.04802
          ],
          [
            101.579516,
            3.049164
          ],
          [
            101.579519,
            3.050407
          ],
          [
            101.577288,
            3.050436
          ],
          [
            101.577024,
            3.050439
          ],
          [
            101.576629,
            3.050444
          ],
          [
            101.576505,
            3.050445
          ],
          [
            101.576507,
            3.050559
          ],
          [
            101.576496,
            3.05194
          ],
          [
            101.576483,
            3.054357
          ],
          [
            101.576505,
            3.054637
          ],
          [
            101.576533,
            3.054822
          ],
          [
            101.576624,
            3.055135
          ],
          [
            101.57673,
            3.05537
          ],
          [
            101.576888,
            3.055711
          ],
          [
            101.57705,
            3.055988
          ],
          [
            101.578082,
            3.05747
          ],
          [
            101.578162,
            3.057573
          ],
          [
            101.578304,
            3.057471
          ],
          [
            101.578696,
            3.057199
          ],
          [
            101.578881,
            3.057076
          ],
          [
            101.579108,
            3.056961
          ],
          [
            101.579323,
            3.056887
          ],
          [
            101.579546,
            3.056835
          ],
          [
            101.579794,
            3.056817
          ],
          [
            101.581491,
            3.056811
          ],
          [
            101.58149,
            3.056952
          ],
          [
            101.581489,
            3.057617
          ],
          [
            101.581488,
            3.058
          ],
          [
            101.581488,
            3.058282
          ],
          [
            101.581487,
            3.058812
          ],
          [
            101.581779,
            3.058811
          ],
          [
            101.582066,
            3.058811
          ],
          [
            101.582535,
            3.058809
          ],
          [
            101.584667,
            3.058804
          ],
          [
            101.584667,
            3.058641
          ],
          [
            101.584956,
            3.058642
          ],
          [
            101.585226,
            3.058644
          ],
          [
            101.585226,
            3.058618
          ],
          [
            101.586215,
            3.058623
          ],
          [
            101.586867,
            3.058627
          ],
          [
            101.586864,
            3.059093
          ],
          [
            101.587328,
            3.059093
          ],
          [
            101.587833,
            3.059093
          ],
          [
            101.587871,
            3.059093
          ],
          [
            101.588318,
            3.059093
          ],
          [
            101.5887,
            3.059093
          ],
          [
            101.588821,
            3.059093
          ],
          [
            101.588821,
            3.058638
          ],
          [
            101.588821,
            3.058598
          ],
          [
            101.588822,
            3.058051
          ],
          [
            101.588822,
            3.057746
          ],
          [
            101.588822,
            3.057505
          ],
          [
            101.588822,
            3.056944
          ],
          [
            101.589348,
            3.056944
          ],
          [
            101.589348,
            3.056814
          ],
          [
            101.590755,
            3.056786
          ],
          [
            101.591245,
            3.056777
          ],
          [
            101.591496,
            3.056835
          ],
          [
            101.591595,
            3.056874
          ],
          [
            101.591678,
            3.056925
          ],
          [
            101.591726,
            3.05696
          ],
          [
            101.591748,
            3.056977
          ],
          [
            101.591807,
            3.057042
          ],
          [
            101.591844,
            3.057103
          ],
          [
            101.59188,
            3.057191
          ],
          [
            101.591917,
            3.057329
          ],
          [
            101.591913,
            3.057738
          ],
          [
            101.591918,
            3.058097
          ],
          [
            101.591927,
            3.058634
          ],
          [
            101.591953,
            3.058851
          ],
          [
            101.592023,
            3.059147
          ],
          [
            101.592086,
            3.059344
          ],
          [
            101.592379,
            3.060086
          ],
          [
            101.592554,
            3.06051
          ],
          [
            101.592674,
            3.060785
          ],
          [
            101.592789,
            3.061035
          ],
          [
            101.592872,
            3.061259
          ],
          [
            101.592919,
            3.061439
          ],
          [
            101.592953,
            3.061625
          ],
          [
            101.592966,
            3.061868
          ],
          [
            101.592966,
            3.06215
          ],
          [
            101.593001,
            3.063569
          ],
          [
            101.593007,
            3.065723
          ],
          [
            101.593007,
            3.065764
          ],
          [
            101.592924,
            3.065977
          ],
          [
            101.592917,
            3.066289
          ],
          [
            101.59289,
            3.067461
          ],
          [
            101.592913,
            3.068942
          ],
          [
            101.592918,
            3.06936
          ],
          [
            101.59293,
            3.070486
          ],
          [
            101.59295,
            3.071789
          ],
          [
            101.592965,
            3.072541
          ],
          [
            101.592966,
            3.072607
          ],
          [
            101.592969,
            3.072717
          ],
          [
            101.592963,
            3.072756
          ],
          [
            101.592953,
            3.072803
          ],
          [
            101.592928,
            3.07286
          ],
          [
            101.592896,
            3.072875
          ],
          [
            101.592842,
            3.072907
          ],
          [
            101.592808,
            3.072945
          ],
          [
            101.592782,
            3.072983
          ],
          [
            101.592766,
            3.073033
          ],
          [
            101.592754,
            3.073093
          ],
          [
            101.592745,
            3.073183
          ],
          [
            101.592747,
            3.07328
          ],
          [
            101.592758,
            3.073345
          ],
          [
            101.592767,
            3.073386
          ],
          [
            101.592784,
            3.073428
          ],
          [
            101.592807,
            3.073474
          ],
          [
            101.592823,
            3.0735
          ],
          [
            101.592845,
            3.073526
          ],
          [
            101.592869,
            3.073546
          ],
          [
            101.592897,
            3.073562
          ],
          [
            101.592929,
            3.073582
          ],
          [
            101.593054,
            3.073583
          ],
          [
            101.593116,
            3.073577
          ],
          [
            101.593197,
            3.073557
          ],
          [
            101.593225,
            3.073541
          ],
          [
            101.593266,
            3.073503
          ],
          [
            101.593308,
            3.073452
          ],
          [
            101.593393,
            3.073413
          ],
          [
            101.593477,
            3.073399
          ],
          [
            101.593607,
            3.07339
          ],
          [
            101.593749,
            3.073387
          ],
          [
            101.593967,
            3.073381
          ],
          [
            101.594059,
            3.073388
          ],
          [
            101.594196,
            3.073426
          ],
          [
            101.594302,
            3.073451
          ],
          [
            101.59439,
            3.073467
          ],
          [
            101.595153,
            3.073463
          ],
          [
            101.595912,
            3.073475
          ],
          [
            101.596468,
            3.073425
          ],
          [
            101.597132,
            3.073413
          ],
          [
            101.597603,
            3.073394
          ],
          [
            101.597669,
            3.073382
          ],
          [
            101.597776,
            3.073331
          ],
          [
            101.597912,
            3.073319
          ],
          [
            101.598028,
            3.073309
          ],
          [
            101.598672,
            3.07323
          ],
          [
            101.598867,
            3.073216
          ],
          [
            101.599631,
            3.073232
          ],
          [
            101.600279,
            3.073232
          ],
          [
            101.600704,
            3.073232
          ],
          [
            101.601162,
            3.073242
          ],
          [
            101.601318,
            3.073257
          ],
          [
            101.60241,
            3.073428
          ],
          [
            101.602721,
            3.073481
          ],
          [
            101.603549,
            3.073625
          ],
          [
            101.603687,
            3.073652
          ],
          [
            101.60374,
            3.073663
          ],
          [
            101.604382,
            3.073789
          ],
          [
            101.604625,
            3.073832
          ],
          [
            101.605336,
            3.073943
          ],
          [
            101.606251,
            3.074053
          ],
          [
            101.606831,
            3.074102
          ],
          [
            101.606931,
            3.074108
          ],
          [
            101.608698,
            3.074108
          ],
          [
            101.608745,
            3.074109
          ],
          [
            101.609163,
            3.074105
          ],
          [
            101.609486,
            3.074111
          ],
          [
            101.609817,
            3.074137
          ],
          [
            101.609936,
            3.074204
          ],
          [
            101.609984,
            3.074233
          ],
          [
            101.61004,
            3.074248
          ],
          [
            101.610072,
            3.074254
          ],
          [
            101.610375,
            3.074318
          ],
          [
            101.611916,
            3.074572
          ],
          [
            101.612475,
            3.074658
          ],
          [
            101.61294,
            3.07469
          ],
          [
            101.61319,
            3.074707
          ],
          [
            101.613246,
            3.074685
          ],
          [
            101.613279,
            3.07465
          ],
          [
            101.613296,
            3.074608
          ],
          [
            101.613302,
            3.074553
          ],
          [
            101.613295,
            3.074502
          ],
          [
            101.613272,
            3.074455
          ],
          [
            101.613244,
            3.074424
          ],
          [
            101.61321,
            3.074393
          ],
          [
            101.612851,
            3.074392
          ],
          [
            101.61255,
            3.074358
          ],
          [
            101.610929,
            3.074103
          ],
          [
            101.610182,
            3.073964
          ],
          [
            101.609917,
            3.073917
          ],
          [
            101.609691,
            3.073892
          ],
          [
            101.60954,
            3.073883
          ],
          [
            101.609234,
            3.073873
          ],
          [
            101.609143,
            3.07387
          ],
          [
            101.608705,
            3.073866
          ],
          [
            101.608523,
            3.073863
          ],
          [
            101.608206,
            3.073869
          ],
          [
            101.607787,
            3.073872
          ],
          [
            101.6073,
            3.073879
          ],
          [
            101.607153,
            3.073881
          ],
          [
            101.606947,
            3.073875
          ],
          [
            101.60673,
            3.073855
          ],
          [
            101.606657,
            3.073849
          ],
          [
            101.606356,
            3.073804
          ],
          [
            101.606118,
            3.073764
          ],
          [
            101.605893,
            3.073723
          ],
          [
            101.605386,
            3.073736
          ],
          [
            101.604654,
            3.073624
          ],
          [
            101.604418,
            3.073583
          ],
          [
            101.603903,
            3.073484
          ],
          [
            101.603508,
            3.073388
          ],
          [
            101.603002,
            3.073277
          ],
          [
            101.602716,
            3.073217
          ],
          [
            101.602444,
            3.073181
          ],
          [
            101.60166,
            3.073127
          ],
          [
            101.600862,
            3.073116
          ],
          [
            101.60076,
            3.073116
          ],
          [
            101.598828,
            3.0731
          ],
          [
            101.598055,
            3.073093
          ],
          [
            101.597831,
            3.073091
          ],
          [
            101.597803,
            3.073091
          ],
          [
            101.59754,
            3.072993
          ],
          [
            101.597275,
            3.072977
          ],
          [
            101.597028,
            3.072978
          ],
          [
            101.596592,
            3.072982
          ],
          [
            101.595521,
            3.072992
          ],
          [
            101.593884,
            3.073009
          ],
          [
            101.593705,
            3.073012
          ],
          [
            101.593498,
            3.073015
          ],
          [
            101.593391,
            3.073001
          ],
          [
            101.593282,
            3.072944
          ],
          [
            101.593252,
            3.072911
          ],
          [
            101.593225,
            3.072891
          ],
          [
            101.593188,
            3.072871
          ],
          [
            101.593112,
            3.07285
          ],
          [
            101.593039,
            3.072847
          ],
          [
            101.592928,
            3.07286
          ],
          [
            101.592896,
            3.072875
          ],
          [
            101.592842,
            3.072907
          ],
          [
            101.592808,
            3.072945
          ],
          [
            101.592782,
            3.072983
          ],
          [
            101.592766,
            3.073033
          ],
          [
            101.592754,
            3.073093
          ],
          [
            101.592745,
            3.073183
          ],
          [
            101.592747,
            3.07328
          ],
          [
            101.592758,
            3.073345
          ],
          [
            101.592767,
            3.073386
          ],
          [
            101.592784,
            3.073428
          ],
          [
            101.592807,
            3.073474
          ],
          [
            101.592823,
            3.0735
          ],
          [
            101.592845,
            3.073526
          ],
          [
            101.592869,
            3.073546
          ],
          [
            101.592897,
            3.073562
          ],
          [
            101.592929,
            3.073582
          ],
          [
            101.592945,
            3.073603
          ],
          [
            101.592965,
            3.073625
          ],
          [
            101.592975,
            3.07366
          ],
          [
            101.592977,
            3.073759
          ],
          [
            101.592975,
            3.073858
          ],
          [
            101.592979,
            3.074355
          ],
          [
            101.59298,
            3.074583
          ],
          [
            101.592974,
            3.075484
          ],
          [
            101.592976,
            3.075708
          ],
          [
            101.593001,
            3.078303
          ],
          [
            101.593003,
            3.078471
          ],
          [
            101.592959,
            3.078547
          ],
          [
            101.592921,
            3.078599
          ],
          [
            101.592865,
            3.078645
          ],
          [
            101.592789,
            3.078645
          ],
          [
            101.592468,
            3.078644
          ],
          [
            101.592147,
            3.078644
          ],
          [
            101.591641,
            3.078643
          ],
          [
            101.591385,
            3.078642
          ],
          [
            101.591157,
            3.078642
          ],
          [
            101.590169,
            3.078636
          ],
          [
            101.590072,
            3.078636
          ],
          [
            101.589793,
            3.078635
          ],
          [
            101.589766,
            3.078635
          ],
          [
            101.589139,
            3.078634
          ],
          [
            101.589139,
            3.078415
          ],
          [
            101.589138,
            3.077432
          ],
          [
            101.589138,
            3.077372
          ],
          [
            101.589138,
            3.077027
          ],
          [
            101.589138,
            3.076768
          ],
          [
            101.588903,
            3.076529
          ],
          [
            101.58874,
            3.076363
          ],
          [
            101.588738,
            3.076361
          ],
          [
            101.588498,
            3.076117
          ],
          [
            101.58826,
            3.075876
          ],
          [
            101.588182,
            3.075876
          ],
          [
            101.587433,
            3.075876
          ],
          [
            101.587381,
            3.075876
          ],
          [
            101.586395,
            3.075876
          ],
          [
            101.586396,
            3.075831
          ],
          [
            101.586399,
            3.075528
          ],
          [
            101.58641,
            3.075218
          ],
          [
            101.586412,
            3.075197
          ],
          [
            101.586411,
            3.075113
          ],
          [
            101.586267,
            3.075112
          ],
          [
            101.586176,
            3.075112
          ],
          [
            101.586179,
            3.074203
          ],
          [
            101.586175,
            3.073921
          ],
          [
            101.586174,
            3.073793
          ],
          [
            101.586172,
            3.073466
          ],
          [
            101.586172,
            3.073424
          ],
          [
            101.586173,
            3.073011
          ],
          [
            101.586173,
            3.072982
          ],
          [
            101.586177,
            3.072678
          ],
          [
            101.58619,
            3.071798
          ],
          [
            101.586358,
            3.071805
          ],
          [
            101.586746,
            3.071805
          ],
          [
            101.588739,
            3.071805
          ],
          [
            101.588805,
            3.071805
          ],
          [
            101.588853,
            3.071794
          ],
          [
            101.588894,
            3.071774
          ],
          [
            101.588913,
            3.07174
          ],
          [
            101.588924,
            3.071694
          ],
          [
            101.588931,
            3.071486
          ],
          [
            101.588928,
            3.071247
          ],
          [
            101.588896,
            3.07116
          ],
          [
            101.588788,
            3.071131
          ],
          [
            101.5877,
            3.071135
          ],
          [
            101.586421,
            3.071139
          ],
          [
            101.586358,
            3.07114
          ],
          [
            101.586358,
            3.071805
          ],
          [
            101.586359,
            3.071878
          ],
          [
            101.586359,
            3.072464
          ],
          [
            101.586356,
            3.072561
          ],
          [
            101.586357,
            3.072677
          ],
          [
            101.586416,
            3.072791
          ],
          [
            101.586505,
            3.072876
          ],
          [
            101.586649,
            3.072907
          ],
          [
            101.587103,
            3.072907
          ],
          [
            101.587271,
            3.072908
          ],
          [
            101.587277,
            3.073011
          ],
          [
            101.58649,
            3.073015
          ],
          [
            101.586447,
            3.073015
          ],
          [
            101.586173,
            3.073011
          ],
          [
            101.586063,
            3.07301
          ],
          [
            101.58607,
            3.073424
          ],
          [
            101.58607,
            3.073465
          ],
          [
            101.586067,
            3.073806
          ],
          [
            101.586063,
            3.07417
          ],
          [
            101.586057,
            3.074498
          ],
          [
            101.585873,
            3.074497
          ],
          [
            101.585862,
            3.074884
          ],
          [
            101.585858,
            3.075019
          ],
          [
            101.585866,
            3.075553
          ],
          [
            101.585859,
            3.076116
          ],
          [
            101.58434,
            3.076131
          ],
          [
            101.584349,
            3.076501
          ],
          [
            101.584354,
            3.076737
          ],
          [
            101.584366,
            3.077301
          ],
          [
            101.584378,
            3.077789
          ],
          [
            101.582721,
            3.077805
          ],
          [
            101.582465,
            3.077808
          ],
          [
            101.582082,
            3.077811
          ],
          [
            101.582084,
            3.077403
          ],
          [
            101.581608,
            3.077403
          ],
          [
            101.581293,
            3.077401
          ],
          [
            101.580497,
            3.077389
          ],
          [
            101.580181,
            3.077398
          ],
          [
            101.579843,
            3.077411
          ],
          [
            101.579671,
            3.077461
          ],
          [
            101.579519,
            3.076914
          ],
          [
            101.579282,
            3.076062
          ],
          [
            101.579062,
            3.075269
          ],
          [
            101.578976,
            3.074959
          ],
          [
            101.578872,
            3.074584
          ],
          [
            101.578805,
            3.074338
          ],
          [
            101.578761,
            3.074157
          ],
          [
            101.5787,
            3.073833
          ],
          [
            101.578679,
            3.073483
          ],
          [
            101.578776,
            3.072963
          ],
          [
            101.578848,
            3.072688
          ],
          [
            101.579071,
            3.072217
          ],
          [
            101.579202,
            3.072009
          ],
          [
            101.579668,
            3.071533
          ],
          [
            101.580117,
            3.07114
          ],
          [
            101.580668,
            3.070659
          ],
          [
            101.580831,
            3.070467
          ],
          [
            101.580939,
            3.070301
          ],
          [
            101.581067,
            3.07006
          ],
          [
            101.581119,
            3.069813
          ],
          [
            101.581122,
            3.069548
          ],
          [
            101.581083,
            3.069281
          ],
          [
            101.58101,
            3.069056
          ],
          [
            101.580912,
            3.068862
          ],
          [
            101.580723,
            3.06861
          ],
          [
            101.580528,
            3.068335
          ],
          [
            101.580406,
            3.068107
          ],
          [
            101.580333,
            3.067853
          ],
          [
            101.580268,
            3.067497
          ],
          [
            101.580232,
            3.067084
          ],
          [
            101.58031,
            3.065456
          ],
          [
            101.580315,
            3.065354
          ],
          [
            101.580195,
            3.065349
          ],
          [
            101.57922,
            3.06535
          ],
          [
            101.578758,
            3.06535
          ],
          [
            101.578676,
            3.06535
          ],
          [
            101.578254,
            3.065351
          ],
          [
            101.577316,
            3.065351
          ],
          [
            101.577113,
            3.065351
          ],
          [
            101.576898,
            3.065352
          ],
          [
            101.57675,
            3.065362
          ],
          [
            101.576611,
            3.065391
          ],
          [
            101.576507,
            3.065415
          ],
          [
            101.576251,
            3.065483
          ],
          [
            101.576022,
            3.065544
          ],
          [
            101.575745,
            3.06562
          ],
          [
            101.575694,
            3.065634
          ],
          [
            101.575689,
            3.065755
          ],
          [
            101.575056,
            3.065767
          ],
          [
            101.574433,
            3.065778
          ],
          [
            101.574432,
            3.066033
          ],
          [
            101.574436,
            3.066052
          ],
          [
            101.574445,
            3.066065
          ],
          [
            101.574445,
            3.066065
          ],
          [
            101.575046,
            3.066054
          ],
          [
            101.575056,
            3.065767
          ],
          [
            101.575689,
            3.065755
          ],
          [
            101.576633,
            3.065506
          ],
          [
            101.576666,
            3.065746
          ],
          [
            101.576713,
            3.065764
          ],
          [
            101.577347,
            3.065767
          ],
          [
            101.578029,
            3.065769
          ],
          [
            101.57803,
            3.06588
          ],
          [
            101.578031,
            3.066076
          ],
          [
            101.578032,
            3.066232
          ],
          [
            101.578104,
            3.066303
          ],
          [
            101.578221,
            3.066422
          ],
          [
            101.578519,
            3.066908
          ],
          [
            101.578857,
            3.067433
          ],
          [
            101.578819,
            3.067717
          ],
          [
            101.578797,
            3.067696
          ],
          [
            101.578737,
            3.067641
          ],
          [
            101.578597,
            3.067582
          ],
          [
            101.577004,
            3.067642
          ],
          [
            101.576775,
            3.067679
          ],
          [
            101.576471,
            3.067823
          ],
          [
            101.575678,
            3.068841
          ],
          [
            101.575977,
            3.068984
          ],
          [
            101.576029,
            3.069011
          ],
          [
            101.576082,
            3.069045
          ],
          [
            101.576128,
            3.069102
          ],
          [
            101.576163,
            3.069182
          ],
          [
            101.576177,
            3.069262
          ],
          [
            101.576174,
            3.069329
          ],
          [
            101.57615,
            3.069409
          ],
          [
            101.576106,
            3.06948
          ],
          [
            101.576047,
            3.069537
          ],
          [
            101.575976,
            3.069577
          ],
          [
            101.575913,
            3.069595
          ],
          [
            101.575847,
            3.069601
          ],
          [
            101.575748,
            3.069583
          ],
          [
            101.575679,
            3.069552
          ],
          [
            101.574249,
            3.068856
          ],
          [
            101.573956,
            3.068861
          ],
          [
            101.573823,
            3.068863
          ],
          [
            101.573822,
            3.068965
          ],
          [
            101.573832,
            3.069298
          ],
          [
            101.573838,
            3.069602
          ],
          [
            101.573847,
            3.069716
          ],
          [
            101.574338,
            3.069709
          ],
          [
            101.574472,
            3.069727
          ],
          [
            101.575142,
            3.07009
          ],
          [
            101.575186,
            3.070135
          ],
          [
            101.575352,
            3.070513
          ],
          [
            101.576305,
            3.070492
          ],
          [
            101.576468,
            3.070487
          ],
          [
            101.576714,
            3.070445
          ],
          [
            101.576837,
            3.070402
          ],
          [
            101.576953,
            3.070345
          ],
          [
            101.577019,
            3.070463
          ],
          [
            101.577053,
            3.070587
          ],
          [
            101.577066,
            3.070761
          ],
          [
            101.577113,
            3.071015
          ],
          [
            101.57708,
            3.071253
          ],
          [
            101.576873,
            3.071574
          ],
          [
            101.576647,
            3.071705
          ],
          [
            101.576446,
            3.071887
          ],
          [
            101.576346,
            3.072024
          ],
          [
            101.576268,
            3.072163
          ],
          [
            101.576221,
            3.072262
          ],
          [
            101.576182,
            3.072442
          ],
          [
            101.576169,
            3.07261
          ],
          [
            101.576176,
            3.072772
          ],
          [
            101.575163,
            3.072865
          ],
          [
            101.575014,
            3.072882
          ],
          [
            101.574982,
            3.072901
          ],
          [
            101.574974,
            3.07293
          ],
          [
            101.574974,
            3.073379
          ],
          [
            101.574939,
            3.073706
          ],
          [
            101.574829,
            3.073932
          ],
          [
            101.574215,
            3.074738
          ],
          [
            101.574214,
            3.074749
          ],
          [
            101.574215,
            3.074758
          ],
          [
            101.57427,
            3.074802
          ],
          [
            101.574665,
            3.075078
          ],
          [
            101.575087,
            3.075413
          ],
          [
            101.575182,
            3.075489
          ],
          [
            101.575341,
            3.07528
          ],
          [
            101.575562,
            3.074988
          ],
          [
            101.575651,
            3.074875
          ],
          [
            101.57574,
            3.074763
          ],
          [
            101.57578,
            3.07474
          ],
          [
            101.575836,
            3.07473
          ],
          [
            101.576472,
            3.074824
          ],
          [
            101.577234,
            3.074929
          ],
          [
            101.577257,
            3.074754
          ],
          [
            101.577266,
            3.07468
          ],
          [
            101.577288,
            3.07451
          ],
          [
            101.578209,
            3.074595
          ],
          [
            101.578273,
            3.074595
          ],
          [
            101.578341,
            3.07458
          ],
          [
            101.578535,
            3.074533
          ],
          [
            101.578658,
            3.074506
          ],
          [
            101.579258,
            3.076401
          ],
          [
            101.579465,
            3.0771
          ],
          [
            101.579488,
            3.077203
          ],
          [
            101.579536,
            3.077404
          ],
          [
            101.579573,
            3.077692
          ],
          [
            101.579583,
            3.077848
          ],
          [
            101.579593,
            3.078016
          ],
          [
            101.579594,
            3.078077
          ],
          [
            101.579629,
            3.078174
          ],
          [
            101.579497,
            3.080071
          ],
          [
            101.579434,
            3.080607
          ],
          [
            101.579346,
            3.081268
          ],
          [
            101.579309,
            3.081671
          ],
          [
            101.579284,
            3.081999
          ],
          [
            101.579231,
            3.082692
          ],
          [
            101.57923,
            3.082847
          ],
          [
            101.579242,
            3.08297
          ],
          [
            101.57927,
            3.083165
          ],
          [
            101.579284,
            3.083441
          ],
          [
            101.57927,
            3.083729
          ],
          [
            101.579241,
            3.084068
          ],
          [
            101.579225,
            3.08424
          ],
          [
            101.579185,
            3.08442
          ],
          [
            101.579061,
            3.084787
          ],
          [
            101.579005,
            3.084953
          ],
          [
            101.578647,
            3.085968
          ],
          [
            101.578312,
            3.086765
          ],
          [
            101.578182,
            3.087089
          ],
          [
            101.577442,
            3.089053
          ],
          [
            101.577037,
            3.090072
          ],
          [
            101.576922,
            3.090146
          ],
          [
            101.576847,
            3.090172
          ],
          [
            101.576751,
            3.090169
          ],
          [
            101.576516,
            3.090049
          ],
          [
            101.576172,
            3.089842
          ],
          [
            101.575935,
            3.0897
          ],
          [
            101.575277,
            3.089308
          ],
          [
            101.574205,
            3.088636
          ],
          [
            101.573458,
            3.088218
          ],
          [
            101.572652,
            3.087685
          ],
          [
            101.572398,
            3.087416
          ],
          [
            101.572233,
            3.087199
          ],
          [
            101.571779,
            3.086577
          ],
          [
            101.571682,
            3.086443
          ],
          [
            101.571553,
            3.086218
          ],
          [
            101.571467,
            3.086004
          ],
          [
            101.571443,
            3.085941
          ],
          [
            101.57106,
            3.084927
          ],
          [
            101.570802,
            3.084311
          ],
          [
            101.570727,
            3.084186
          ],
          [
            101.570572,
            3.083919
          ],
          [
            101.570475,
            3.083745
          ],
          [
            101.57032,
            3.083556
          ],
          [
            101.570235,
            3.083475
          ],
          [
            101.570085,
            3.083349
          ],
          [
            101.569946,
            3.083312
          ],
          [
            101.56975,
            3.083277
          ],
          [
            101.569263,
            3.083285
          ],
          [
            101.569068,
            3.083272
          ],
          [
            101.568899,
            3.083228
          ],
          [
            101.56874,
            3.083174
          ],
          [
            101.568525,
            3.083026
          ],
          [
            101.568218,
            3.082716
          ],
          [
            101.567984,
            3.082551
          ],
          [
            101.567866,
            3.082467
          ],
          [
            101.567756,
            3.082395
          ],
          [
            101.567507,
            3.082253
          ],
          [
            101.56717,
            3.082138
          ],
          [
            101.56688,
            3.08209
          ],
          [
            101.566614,
            3.082095
          ],
          [
            101.566174,
            3.082149
          ],
          [
            101.565474,
            3.082258
          ],
          [
            101.564473,
            3.08225
          ],
          [
            101.564371,
            3.082249
          ],
          [
            101.564309,
            3.082249
          ],
          [
            101.5642,
            3.082246
          ],
          [
            101.564147,
            3.082247
          ],
          [
            101.563993,
            3.082248
          ],
          [
            101.563819,
            3.082253
          ],
          [
            101.563607,
            3.082253
          ],
          [
            101.563353,
            3.082253
          ],
          [
            101.563248,
            3.082254
          ],
          [
            101.561487,
            3.082254
          ],
          [
            101.561006,
            3.082259
          ],
          [
            101.560426,
            3.082258
          ],
          [
            101.560224,
            3.082258
          ],
          [
            101.560098,
            3.082257
          ],
          [
            101.560022,
            3.082257
          ],
          [
            101.559197,
            3.082256
          ],
          [
            101.558909,
            3.082255
          ],
          [
            101.558304,
            3.082255
          ],
          [
            101.557522,
            3.082253
          ],
          [
            101.555465,
            3.082226
          ],
          [
            101.555329,
            3.08219
          ],
          [
            101.555197,
            3.082083
          ],
          [
            101.55511,
            3.081923
          ],
          [
            101.555093,
            3.081779
          ],
          [
            101.555132,
            3.081084
          ],
          [
            101.555079,
            3.080969
          ],
          [
            101.555027,
            3.080915
          ],
          [
            101.555037,
            3.080794
          ],
          [
            101.555076,
            3.080368
          ],
          [
            101.555246,
            3.078985
          ],
          [
            101.555296,
            3.078318
          ],
          [
            101.555302,
            3.078253
          ],
          [
            101.555362,
            3.077613
          ],
          [
            101.555506,
            3.07631
          ],
          [
            101.555524,
            3.076153
          ],
          [
            101.55559,
            3.075504
          ],
          [
            101.555603,
            3.075375
          ],
          [
            101.555642,
            3.074985
          ],
          [
            101.555655,
            3.074862
          ],
          [
            101.555423,
            3.074826
          ],
          [
            101.554925,
            3.074655
          ],
          [
            101.554787,
            3.074614
          ],
          [
            101.554482,
            3.07453
          ],
          [
            101.554161,
            3.074459
          ],
          [
            101.553808,
            3.074445
          ],
          [
            101.553554,
            3.074422
          ],
          [
            101.553366,
            3.074419
          ],
          [
            101.553133,
            3.074445
          ],
          [
            101.551318,
            3.073961
          ],
          [
            101.550819,
            3.073736
          ],
          [
            101.550546,
            3.073614
          ],
          [
            101.550216,
            3.073459
          ],
          [
            101.549915,
            3.073284
          ],
          [
            101.549692,
            3.073117
          ],
          [
            101.549434,
            3.07292
          ],
          [
            101.54913,
            3.072713
          ],
          [
            101.549098,
            3.072692
          ],
          [
            101.548186,
            3.072102
          ],
          [
            101.547987,
            3.071963
          ],
          [
            101.547637,
            3.071692
          ],
          [
            101.547502,
            3.071518
          ],
          [
            101.547379,
            3.071359
          ],
          [
            101.54728,
            3.071228
          ],
          [
            101.547066,
            3.070897
          ],
          [
            101.547011,
            3.070802
          ],
          [
            101.546112,
            3.069266
          ],
          [
            101.545651,
            3.068519
          ],
          [
            101.545343,
            3.068108
          ],
          [
            101.54504,
            3.06773
          ],
          [
            101.544755,
            3.067397
          ],
          [
            101.544599,
            3.067254
          ],
          [
            101.544373,
            3.067093
          ],
          [
            101.543889,
            3.066747
          ],
          [
            101.543164,
            3.06623
          ],
          [
            101.542393,
            3.065744
          ],
          [
            101.541936,
            3.065518
          ],
          [
            101.541045,
            3.06519
          ],
          [
            101.540878,
            3.065063
          ],
          [
            101.5408,
            3.064988
          ],
          [
            101.540783,
            3.064902
          ],
          [
            101.540749,
            3.064822
          ],
          [
            101.540658,
            3.064594
          ],
          [
            101.540657,
            3.064478
          ],
          [
            101.540674,
            3.064363
          ],
          [
            101.540803,
            3.063992
          ],
          [
            101.540917,
            3.063701
          ],
          [
            101.540967,
            3.063508
          ],
          [
            101.541098,
            3.062623
          ],
          [
            101.541275,
            3.061426
          ],
          [
            101.541334,
            3.060951
          ],
          [
            101.541565,
            3.059642
          ],
          [
            101.541935,
            3.058419
          ],
          [
            101.542067,
            3.058244
          ],
          [
            101.542131,
            3.058202
          ],
          [
            101.54219,
            3.058199
          ],
          [
            101.542264,
            3.05821
          ],
          [
            101.544293,
            3.058933
          ],
          [
            101.544876,
            3.059136
          ],
          [
            101.545017,
            3.059171
          ],
          [
            101.545254,
            3.059203
          ],
          [
            101.545397,
            3.05917
          ],
          [
            101.545512,
            3.059126
          ],
          [
            101.545667,
            3.059009
          ],
          [
            101.545806,
            3.058878
          ],
          [
            101.54589,
            3.058699
          ],
          [
            101.546281,
            3.057596
          ],
          [
            101.546489,
            3.057028
          ],
          [
            101.546988,
            3.055711
          ],
          [
            101.547431,
            3.054445
          ],
          [
            101.547488,
            3.054361
          ],
          [
            101.54752,
            3.054329
          ],
          [
            101.547552,
            3.054314
          ],
          [
            101.547668,
            3.05429
          ],
          [
            101.547921,
            3.054372
          ],
          [
            101.548149,
            3.054536
          ],
          [
            101.548177,
            3.054619
          ],
          [
            101.548151,
            3.054841
          ],
          [
            101.548173,
            3.055003
          ],
          [
            101.548587,
            3.056272
          ],
          [
            101.548693,
            3.056548
          ],
          [
            101.548754,
            3.056647
          ],
          [
            101.54882,
            3.056749
          ],
          [
            101.54896,
            3.056891
          ],
          [
            101.54975,
            3.057489
          ],
          [
            101.55099,
            3.058444
          ],
          [
            101.551314,
            3.058754
          ],
          [
            101.551465,
            3.059009
          ],
          [
            101.551565,
            3.05941
          ],
          [
            101.551555,
            3.05971
          ],
          [
            101.551398,
            3.060294
          ],
          [
            101.550842,
            3.062384
          ],
          [
            101.550849,
            3.062489
          ],
          [
            101.552337,
            3.06288
          ],
          [
            101.552408,
            3.062886
          ],
          [
            101.552588,
            3.062892
          ],
          [
            101.552698,
            3.062811
          ],
          [
            101.552803,
            3.062549
          ],
          [
            101.552848,
            3.061929
          ]
        ]
      }
    }
  ]
}