scenario,policy,metric,n_replications,mean,sd,ci95_low,ci95_high,unit
abrupt_behavior_change,fixed,overflow_incidents,2,53.5,4.949747468305833,9.028283423388572,97.97171657661143,count
abrupt_behavior_change,fixed,overflow_bin_hours,2,626.1731881944459,59.600829486778146,90.68098103864202,1161.6653953502496,bin-hours
abrupt_behavior_change,fixed,overflow_spilled_kg,2,3399.837072671478,843.6019009674496,-4179.625290517713,10979.299435860668,kg
abrupt_behavior_change,fixed,distance_km,2,610.9139999999998,0.4921463197057753,606.4922407518116,615.335759248188,km
abrupt_behavior_change,fixed,travel_time_hours,2,21.710322916666676,0.04994039851405475,21.26162623816719,22.159019595166164,hours
abrupt_behavior_change,fixed,service_time_hours,2,52.799999999999855,0.0,52.799999999999855,52.799999999999855,hours
abrupt_behavior_change,fixed,depot_unloading_time_hours,2,7.4999999999999964,0.23570226039551562,5.38229921063755,9.617700789362443,hours
abrupt_behavior_change,fixed,turnaround_time_hours,2,0.75,0.11785113019775789,-0.3088503946812242,1.8088503946812242,hours
abrupt_behavior_change,fixed,idling_time_hours,2,60.299999999999855,0.2357022603955175,58.18229921063739,62.41770078936232,hours
abrupt_behavior_change,fixed,collection_trips,2,22.5,0.7071067811865476,16.14689763191265,28.85310236808735,count
abrupt_behavior_change,fixed,collection_stops,2,396.0,0.0,396.0,396.0,count
abrupt_behavior_change,fixed,wasted_pickups,2,135.5,30.405591591021544,-137.68340182775592,408.6834018277559,count
abrupt_behavior_change,fixed,base_driving_fuel_l,2,274.9112999999999,0.22146584386766321,272.92150833831465,276.9010916616852,litres
abrupt_behavior_change,fixed,traffic_fuel_penalty_l,2,47.202828749999995,0.6111470876786775,41.71189002152983,52.69376747847016,litres
abrupt_behavior_change,fixed,payload_fuel_penalty_l,2,16.25638775523123,1.254057899721726,4.989124557625351,27.52365095283711,litres
abrupt_behavior_change,fixed,driving_fuel_l,2,338.37051650523114,2.086670831268107,319.62252291746944,357.11851009299284,litres
abrupt_behavior_change,fixed,collection_idle_fuel_l,2,158.40000000000117,0.0,158.40000000000117,158.40000000000117,litres
abrupt_behavior_change,fixed,depot_idle_fuel_l,2,22.5,0.7071067811865476,16.14689763191265,28.85310236808735,litres
abrupt_behavior_change,fixed,fuel_l,2,519.2705165052323,2.7937776124546545,494.1694205493833,544.3716124610813,litres
abrupt_behavior_change,fixed,co2_kg,2,1391.6449842340226,7.487324001378583,1324.3740470723462,1458.915921395699,kg
abrupt_behavior_change,fixed,collected_kg,2,125372.38476938166,6751.285975875243,64714.486892918896,186030.28264584445,kg
abrupt_behavior_change,fixed,mean_fill_at_collection_pct,2,63.68739949224391,3.7013671073246814,30.431935451514654,96.94286353297318,%
abrupt_behavior_change,fixed,truck_utilization_pct,2,61.89046370802487,1.388938757427186,49.41134408463237,74.36958333141737,%
abrupt_behavior_change,fixed,unserved_required_bins,2,0.0,0.0,0.0,0.0,count
abrupt_behavior_change,fixed,inspection_events,2,30.0,8.48528137423857,-46.23722841704816,106.23722841704816,count
abrupt_behavior_change,fixed,routing_fallbacks,2,0.0,0.0,0.0,0.0,count
abrupt_behavior_change,fixed,overflow_incidents_post_warmup,2,53.5,4.949747468305833,9.028283423388572,97.97171657661143,count
abrupt_behavior_change,fixed,overflow_bin_hours_post_warmup,2,626.1731881944459,59.600829486778146,90.68098103864202,1161.6653953502496,bin-hours
abrupt_behavior_change,fixed,overflow_spilled_kg_post_warmup,2,3399.837072671478,843.6019009674496,-4179.625290517713,10979.299435860668,kg
abrupt_behavior_change,fixed,distance_km_post_warmup,2,610.9139999999998,0.4921463197057753,606.4922407518116,615.335759248188,km
abrupt_behavior_change,fixed,travel_time_hours_post_warmup,2,21.710322916666676,0.04994039851405475,21.26162623816719,22.159019595166164,hours
abrupt_behavior_change,fixed,service_time_hours_post_warmup,2,52.799999999999855,0.0,52.799999999999855,52.799999999999855,hours
abrupt_behavior_change,fixed,depot_unloading_time_hours_post_warmup,2,7.4999999999999964,0.23570226039551562,5.38229921063755,9.617700789362443,hours
abrupt_behavior_change,fixed,turnaround_time_hours_post_warmup,2,0.75,0.11785113019775789,-0.3088503946812242,1.8088503946812242,hours
abrupt_behavior_change,fixed,idling_time_hours_post_warmup,2,60.299999999999855,0.2357022603955175,58.18229921063739,62.41770078936232,hours
abrupt_behavior_change,fixed,collection_trips_post_warmup,2,22.5,0.7071067811865476,16.14689763191265,28.85310236808735,count
abrupt_behavior_change,fixed,collection_stops_post_warmup,2,396.0,0.0,396.0,396.0,count
abrupt_behavior_change,fixed,wasted_pickups_post_warmup,2,135.5,30.405591591021544,-137.68340182775592,408.6834018277559,count
abrupt_behavior_change,fixed,base_driving_fuel_l_post_warmup,2,274.9112999999999,0.22146584386766321,272.92150833831465,276.9010916616852,litres
abrupt_behavior_change,fixed,traffic_fuel_penalty_l_post_warmup,2,47.202828749999995,0.6111470876786775,41.71189002152983,52.69376747847016,litres
abrupt_behavior_change,fixed,payload_fuel_penalty_l_post_warmup,2,16.25638775523123,1.254057899721726,4.989124557625351,27.52365095283711,litres
abrupt_behavior_change,fixed,driving_fuel_l_post_warmup,2,338.37051650523114,2.086670831268107,319.62252291746944,357.11851009299284,litres
abrupt_behavior_change,fixed,collection_idle_fuel_l_post_warmup,2,158.40000000000117,0.0,158.40000000000117,158.40000000000117,litres
abrupt_behavior_change,fixed,depot_idle_fuel_l_post_warmup,2,22.5,0.7071067811865476,16.14689763191265,28.85310236808735,litres
abrupt_behavior_change,fixed,fuel_l_post_warmup,2,519.2705165052323,2.7937776124546545,494.1694205493833,544.3716124610813,litres
abrupt_behavior_change,fixed,co2_kg_post_warmup,2,1391.6449842340226,7.487324001378583,1324.3740470723462,1458.915921395699,kg
abrupt_behavior_change,fixed,collected_kg_post_warmup,2,125372.38476938166,6751.285975875243,64714.486892918896,186030.28264584445,kg
abrupt_behavior_change,fixed,mean_fill_at_collection_pct_post_warmup,2,63.68739949224391,3.7013671073246814,30.431935451514654,96.94286353297318,%
abrupt_behavior_change,fixed,truck_utilization_pct_post_warmup,2,61.89046370802487,1.388938757427186,49.41134408463237,74.36958333141737,%
abrupt_behavior_change,fixed,unserved_required_bins_post_warmup,2,0.0,0.0,0.0,0.0,count
abrupt_behavior_change,fixed,inspection_events_post_warmup,2,30.0,8.48528137423857,-46.23722841704816,106.23722841704816,count
abrupt_behavior_change,fixed,routing_fallbacks_post_warmup,2,0.0,0.0,0.0,0.0,count
abrupt_behavior_change,fixed,uncollected_kg_at_horizon,2,12801.307817110564,2033.8609636198278,-5472.207934854288,31074.823569075415,kg
abrupt_behavior_change,fixed,unfinished_trip_count,2,0.0,0.0,0.0,0.0,count
abrupt_behavior_change,smart,overflow_incidents,2,6.5,2.1213203435596424,-12.55930710426204,25.55930710426204,count
abrupt_behavior_change,smart,overflow_bin_hours,2,17.07405972222238,2.8941625209849033,-8.928958852772784,43.07707829721754,bin-hours
abrupt_behavior_change,smart,overflow_spilled_kg,2,88.80240945624908,46.65812210416631,-330.40418552658934,508.00900443908745,kg
abrupt_behavior_change,smart,distance_km,2,1183.5014999999994,72.3745003747869,533.2424133191533,1833.7605866808453,km
abrupt_behavior_change,smart,travel_time_hours,2,36.14822986111112,2.9601640643594984,9.552210946327193,62.744248775895045,hours
abrupt_behavior_change,smart,service_time_hours,2,58.33333333333317,0.47140452079103,54.09793175460829,62.568734912058055,hours
abrupt_behavior_change,smart,depot_unloading_time_hours,2,15.666666666666675,1.4142135623730951,2.960461930491981,28.37287140284137,hours
abrupt_behavior_change,smart,turnaround_time_hours,2,0.0,0.0,0.0,0.0,hours
abrupt_behavior_change,smart,idling_time_hours,2,73.99999999999984,1.88561808316412,57.05839368510031,90.94160631489937,hours
abrupt_behavior_change,smart,collection_trips,2,47.0,4.242640687119285,8.881385791475921,85.11861420852408,count
abrupt_behavior_change,smart,collection_stops,2,437.5,3.5355339059327378,405.7344881595633,469.2655118404367,count
abrupt_behavior_change,smart,wasted_pickups,2,77.5,6.363961030678928,20.32207868721388,134.6779213127861,count
abrupt_behavior_change,smart,base_driving_fuel_l,2,532.5756749999997,32.5685251686539,239.95908599362087,825.1922640063785,litres
abrupt_behavior_change,smart,traffic_fuel_penalty_l,2,45.24685875,13.787632942283924,-78.63010838777402,169.12382588777402,litres
abrupt_behavior_change,smart,payload_fuel_penalty_l,2,14.526593319477907,0.5726705983772954,9.381352131747082,19.671834507208732,litres
abrupt_behavior_change,smart,driving_fuel_l,2,592.3491270694776,46.928828709315056,170.71032973759446,1013.9879244013607,litres
abrupt_behavior_change,smart,collection_idle_fuel_l,2,175.00000000000142,1.4142135623731151,162.29379526382655,187.7062047361763,litres
abrupt_behavior_change,smart,depot_idle_fuel_l,2,47.0,4.242640687119285,8.881385791475921,85.11861420852408,litres
abrupt_behavior_change,smart,fuel_l,2,814.349127069479,52.58568295880744,341.88551079289704,1286.8127433460609,litres
abrupt_behavior_change,smart,co2_kg,2,2182.455660546204,140.92963032960404,916.2531689249636,3448.6581521674443,kg
abrupt_behavior_change,smart,collected_kg,2,134470.06433200126,4216.358455862345,96587.58660254884,172352.54206145369,kg
abrupt_behavior_change,smart,mean_fill_at_collection_pct,2,62.7682814809739,1.3273586322134419,50.842437331288586,74.6941256306592,%
abrupt_behavior_change,smart,truck_utilization_pct,2,31.874488770888384,1.8805016096412446,14.978852146733285,48.77012539504348,%
abrupt_behavior_change,smart,unserved_required_bins,2,1.0,1.4142135623730951,-11.706204736174694,13.706204736174694,count
abrupt_behavior_change,smart,inspection_events,2,398.5,112.42997820866105,-611.643276525888,1408.643276525888,count
abrupt_behavior_change,smart,routing_fallbacks,2,0.0,0.0,0.0,0.0,count
abrupt_behavior_change,smart,overflow_incidents_post_warmup,2,6.5,2.1213203435596424,-12.55930710426204,25.55930710426204,count
abrupt_behavior_change,smart,overflow_bin_hours_post_warmup,2,17.07405972222238,2.8941625209849033,-8.928958852772784,43.07707829721754,bin-hours
abrupt_behavior_change,smart,overflow_spilled_kg_post_warmup,2,88.80240945624908,46.65812210416631,-330.40418552658934,508.00900443908745,kg
abrupt_behavior_change,smart,distance_km_post_warmup,2,1183.5014999999994,72.3745003747869,533.2424133191533,1833.7605866808453,km
abrupt_behavior_change,smart,travel_time_hours_post_warmup,2,36.14822986111112,2.9601640643594984,9.552210946327193,62.744248775895045,hours
abrupt_behavior_change,smart,service_time_hours_post_warmup,2,58.33333333333317,0.47140452079103,54.09793175460829,62.568734912058055,hours
abrupt_behavior_change,smart,depot_unloading_time_hours_post_warmup,2,15.666666666666675,1.4142135623730951,2.960461930491981,28.37287140284137,hours
abrupt_behavior_change,smart,turnaround_time_hours_post_warmup,2,0.0,0.0,0.0,0.0,hours
abrupt_behavior_change,smart,idling_time_hours_post_warmup,2,73.99999999999984,1.88561808316412,57.05839368510031,90.94160631489937,hours
abrupt_behavior_change,smart,collection_trips_post_warmup,2,47.0,4.242640687119285,8.881385791475921,85.11861420852408,count
abrupt_behavior_change,smart,collection_stops_post_warmup,2,437.5,3.5355339059327378,405.7344881595633,469.2655118404367,count
abrupt_behavior_change,smart,wasted_pickups_post_warmup,2,77.5,6.363961030678928,20.32207868721388,134.6779213127861,count
abrupt_behavior_change,smart,base_driving_fuel_l_post_warmup,2,532.5756749999997,32.5685251686539,239.95908599362087,825.1922640063785,litres
abrupt_behavior_change,smart,traffic_fuel_penalty_l_post_warmup,2,45.24685875,13.787632942283924,-78.63010838777402,169.12382588777402,litres
abrupt_behavior_change,smart,payload_fuel_penalty_l_post_warmup,2,14.526593319477907,0.5726705983772954,9.381352131747082,19.671834507208732,litres
abrupt_behavior_change,smart,driving_fuel_l_post_warmup,2,592.3491270694776,46.928828709315056,170.71032973759446,1013.9879244013607,litres
abrupt_behavior_change,smart,collection_idle_fuel_l_post_warmup,2,175.00000000000142,1.4142135623731151,162.29379526382655,187.7062047361763,litres
abrupt_behavior_change,smart,depot_idle_fuel_l_post_warmup,2,47.0,4.242640687119285,8.881385791475921,85.11861420852408,litres
abrupt_behavior_change,smart,fuel_l_post_warmup,2,814.349127069479,52.58568295880744,341.88551079289704,1286.8127433460609,litres
abrupt_behavior_change,smart,co2_kg_post_warmup,2,2182.455660546204,140.92963032960404,916.2531689249636,3448.6581521674443,kg
abrupt_behavior_change,smart,collected_kg_post_warmup,2,134470.06433200126,4216.358455862345,96587.58660254884,172352.54206145369,kg
abrupt_behavior_change,smart,mean_fill_at_collection_pct_post_warmup,2,62.7682814809739,1.3273586322134419,50.842437331288586,74.6941256306592,%
abrupt_behavior_change,smart,truck_utilization_pct_post_warmup,2,31.874488770888384,1.8805016096412446,14.978852146733285,48.77012539504348,%
abrupt_behavior_change,smart,unserved_required_bins_post_warmup,2,1.0,1.4142135623730951,-11.706204736174694,13.706204736174694,count
abrupt_behavior_change,smart,inspection_events_post_warmup,2,375.0,111.72287142747452,-628.7901741578007,1378.7901741578007,count
abrupt_behavior_change,smart,routing_fallbacks_post_warmup,2,0.0,0.0,0.0,0.0,count
abrupt_behavior_change,smart,uncollected_kg_at_horizon,2,7014.662917706232,295.8772224703624,4356.311544544026,9673.01429086844,kg
abrupt_behavior_change,smart,unfinished_trip_count,2,0.0,0.0,0.0,0.0,count
combined_demand_operational_stress,fixed,overflow_incidents,2,139.0,21.213203435596427,-51.59307104262038,329.5930710426204,count
combined_demand_operational_stress,fixed,overflow_bin_hours,2,3390.141217395836,633.854848358831,-2304.818646197601,9085.101080989272,bin-hours
combined_demand_operational_stress,fixed,overflow_spilled_kg,2,24653.096508740644,2825.157807845021,-729.9393166582886,50036.13233413958,kg
combined_demand_operational_stress,fixed,distance_km,2,734.7434999999994,32.23346262038888,445.1373285507367,1024.3496714492621,km
combined_demand_operational_stress,fixed,travel_time_hours,2,33.92789062500003,1.47921523711715,20.637669012260904,47.21811223773916,hours
combined_demand_operational_stress,fixed,service_time_hours,2,50.599999999999866,0.47140452079103,46.364598421274984,54.83540157872475,hours
combined_demand_operational_stress,fixed,depot_unloading_time_hours,2,10.5,0.7071067811865488,4.146897631912641,16.85310236808736,hours
combined_demand_operational_stress,fixed,turnaround_time_hours,2,2.25,0.35355339059327345,-0.9265511840436704,5.426551184043671,hours
combined_demand_operational_stress,fixed,idling_time_hours,2,61.099999999999866,0.2357022603955175,58.9822992106374,63.21770078936233,hours
combined_demand_operational_stress,fixed,collection_trips,2,31.5,2.1213203435596424,12.44069289573796,50.55930710426204,count
combined_demand_operational_stress,fixed,collection_stops,2,376.5,3.5355339059327378,344.7344881595633,408.2655118404367,count
combined_demand_operational_stress,fixed,wasted_pickups,2,62.5,33.23401871576773,-236.09581130010525,361.09581130010525,count
combined_demand_operational_stress,fixed,base_driving_fuel_l,2,330.634575,14.505058179174764,200.31179784783384,460.9573521521661,litres
combined_demand_operational_stress,fixed,traffic_fuel_penalty_l,2,184.40978737500006,8.377179419860887,109.14381648315805,259.6757582668421,litres
combined_demand_operational_stress,fixed,payload_fuel_penalty_l,2,32.70022152204037,0.656547332782591,26.80137777504186,38.59906526903888,litres
combined_demand_operational_stress,fixed,driving_fuel_l,2,547.7445838970405,23.538784931818256,336.2569921060337,759.2321756880472,litres
combined_demand_operational_stress,fixed,collection_idle_fuel_l,2,151.8000000000011,1.4142135623731151,139.09379526382622,164.50620473617596,litres
combined_demand_operational_stress,fixed,depot_idle_fuel_l,2,31.5,2.1213203435596424,12.44069289573796,50.55930710426204,litres
combined_demand_operational_stress,fixed,fuel_l,2,731.0445838970415,24.245891713004802,513.2038897379474,948.8852780561357,litres
combined_demand_operational_stress,fixed,co2_kg,2,1959.1994848440715,64.97898979085286,1375.3864244976994,2543.0125451904437,kg
combined_demand_operational_stress,fixed,collected_kg,2,143441.47517657513,5863.972040783149,90755.7767079742,196127.17364517605,kg
combined_demand_operational_stress,fixed,mean_fill_at_collection_pct,2,76.69947425561836,4.219956913374581,38.78466566815311,114.6142828430836,%
combined_demand_operational_stress,fixed,truck_utilization_pct,2,77.9105030902189,2.064580853278173,59.36098008032856,96.46002610010923,%
combined_demand_operational_stress,fixed,unserved_required_bins,2,19.5,3.5355339059327378,-12.265511840436734,51.26551184043673,count
combined_demand_operational_stress,fixed,inspection_events,2,177.5,12.020815280171307,69.49725974251511,285.5027402574849,count
combined_demand_operational_stress,fixed,routing_fallbacks,2,0.0,0.0,0.0,0.0,count
combined_demand_operational_stress,fixed,overflow_incidents_post_warmup,2,136.0,18.384776310850235,-29.180661570271013,301.180661570271,count
combined_demand_operational_stress,fixed,overflow_bin_hours_post_warmup,2,3374.141217395836,618.2984991727269,-2181.0503940996796,8929.33282889135,bin-hours
combined_demand_operational_stress,fixed,overflow_spilled_kg_post_warmup,2,24591.35995752734,2745.121966025752,-72.5823593344212,49255.302274389105,kg
combined_demand_operational_stress,fixed,distance_km_post_warmup,2,734.7434999999994,32.23346262038888,445.1373285507367,1024.3496714492621,km
combined_demand_operational_stress,fixed,travel_time_hours_post_warmup,2,33.92789062500003,1.47921523711715,20.637669012260904,47.21811223773916,hours
combined_demand_operational_stress,fixed,service_time_hours_post_warmup,2,50.599999999999866,0.47140452079103,46.364598421274984,54.83540157872475,hours
combined_demand_operational_stress,fixed,depot_unloading_time_hours_post_warmup,2,10.5,0.7071067811865488,4.146897631912641,16.85310236808736,hours
combined_demand_operational_stress,fixed,turnaround_time_hours_post_warmup,2,2.25,0.35355339059327345,-0.9265511840436704,5.426551184043671,hours
combined_demand_operational_stress,fixed,idling_time_hours_post_warmup,2,61.099999999999866,0.2357022603955175,58.9822992106374,63.21770078936233,hours
combined_demand_operational_stress,fixed,collection_trips_post_warmup,2,31.5,2.1213203435596424,12.44069289573796,50.55930710426204,count
combined_demand_operational_stress,fixed,collection_stops_post_warmup,2,376.5,3.5355339059327378,344.7344881595633,408.2655118404367,count
combined_demand_operational_stress,fixed,wasted_pickups_post_warmup,2,62.5,33.23401871576773,-236.09581130010525,361.09581130010525,count
combined_demand_operational_stress,fixed,base_driving_fuel_l_post_warmup,2,330.634575,14.505058179174764,200.31179784783384,460.9573521521661,litres
combined_demand_operational_stress,fixed,traffic_fuel_penalty_l_post_warmup,2,184.40978737500006,8.377179419860887,109.14381648315805,259.6757582668421,litres
combined_demand_operational_stress,fixed,payload_fuel_penalty_l_post_warmup,2,32.70022152204037,0.656547332782591,26.80137777504186,38.59906526903888,litres
combined_demand_operational_stress,fixed,driving_fuel_l_post_warmup,2,547.7445838970405,23.538784931818256,336.2569921060337,759.2321756880472,litres
combined_demand_operational_stress,fixed,collection_idle_fuel_l_post_warmup,2,151.8000000000011,1.4142135623731151,139.09379526382622,164.50620473617596,litres
combined_demand_operational_stress,fixed,depot_idle_fuel_l_post_warmup,2,31.5,2.1213203435596424,12.44069289573796,50.55930710426204,litres
combined_demand_operational_stress,fixed,fuel_l_post_warmup,2,731.0445838970415,24.245891713004802,513.2038897379474,948.8852780561357,litres
combined_demand_operational_stress,fixed,co2_kg_post_warmup,2,1959.1994848440715,64.97898979085286,1375.3864244976994,2543.0125451904437,kg
combined_demand_operational_stress,fixed,collected_kg_post_warmup,2,143441.47517657513,5863.972040783149,90755.7767079742,196127.17364517605,kg
combined_demand_operational_stress,fixed,mean_fill_at_collection_pct_post_warmup,2,76.69947425561836,4.219956913374581,38.78466566815311,114.6142828430836,%
combined_demand_operational_stress,fixed,truck_utilization_pct_post_warmup,2,77.9105030902189,2.064580853278173,59.36098008032856,96.46002610010923,%
combined_demand_operational_stress,fixed,unserved_required_bins_post_warmup,2,19.5,3.5355339059327378,-12.265511840436734,51.26551184043673,count
combined_demand_operational_stress,fixed,inspection_events_post_warmup,2,177.5,12.020815280171307,69.49725974251511,285.5027402574849,count
combined_demand_operational_stress,fixed,routing_fallbacks_post_warmup,2,0.0,0.0,0.0,0.0,count
combined_demand_operational_stress,fixed,uncollected_kg_at_horizon,2,15954.11636844082,2117.687394155614,-3072.549980455893,34980.78271733753,kg
combined_demand_operational_stress,fixed,unfinished_trip_count,2,0.0,0.0,0.0,0.0,count
combined_demand_operational_stress,smart,overflow_incidents,2,42.5,4.949747468305833,-1.9717165766114277,86.97171657661143,count
combined_demand_operational_stress,smart,overflow_bin_hours,2,615.5039964583361,147.66507405447567,-711.2140560613536,1942.222048978026,bin-hours
combined_demand_operational_stress,smart,overflow_spilled_kg,2,4900.11579125225,1777.3550026075775,-11068.785337160396,20869.016919664897,kg
combined_demand_operational_stress,smart,distance_km,2,999.7654999999993,4.1316249224730495,962.6443228632645,1036.886677136734,km
combined_demand_operational_stress,smart,travel_time_hours,2,46.766204062500044,0.2537695752243975,44.48617488981798,49.04623323518211,hours
combined_demand_operational_stress,smart,service_time_hours,2,82.00000000000071,0.18856180831642205,80.30583936851066,83.69416063149076,hours
combined_demand_operational_stress,smart,depot_unloading_time_hours,2,13.666666666666673,0.4714045207910325,9.431265087941767,17.90206824539158,hours
combined_demand_operational_stress,smart,turnaround_time_hours,2,2.1666666666666665,0.23570226039551562,0.04896587730421986,4.284367456029113,hours
combined_demand_operational_stress,smart,idling_time_hours,2,95.6666666666674,0.6599663291074571,89.73710445645243,101.59622887688236,hours
combined_demand_operational_stress,smart,collection_trips,2,41.0,1.4142135623730951,28.293795263825306,53.7062047361747,count
combined_demand_operational_stress,smart,collection_stops,2,612.5,2.1213203435596424,593.4406928957379,631.5593071042621,count
combined_demand_operational_stress,smart,wasted_pickups,2,292.0,29.698484809834994,25.169700540331462,558.8302994596686,count
combined_demand_operational_stress,smart,base_driving_fuel_l,2,449.89447499999994,1.8592312151128405,433.1899452884696,466.5990047115303,litres
combined_demand_operational_stress,smart,traffic_fuel_penalty_l,2,252.15201056250007,2.6694183434821532,228.1682383082807,276.1357828167194,litres
combined_demand_operational_stress,smart,payload_fuel_penalty_l,2,41.48823049107645,2.2971624736767438,20.84904452978821,62.12741645236469,litres
combined_demand_operational_stress,smart,driving_fuel_l,2,743.5347160535764,2.2314870849181996,723.4856000491153,763.5838320580375,litres
combined_demand_operational_stress,smart,collection_idle_fuel_l,2,246.00000000000242,0.5656854249492461,240.91751810553245,251.08248189447238,litres
combined_demand_operational_stress,smart,depot_idle_fuel_l,2,41.0,1.4142135623730951,28.293795263825306,53.7062047361747,litres
combined_demand_operational_stress,smart,fuel_l,2,1030.534716053579,0.25158809759581835,1028.2742866797628,1032.795145427395,litres
combined_demand_operational_stress,smart,co2_kg,2,2761.8330390235915,0.6742561015568446,2755.775088301764,2767.890989745419,kg
combined_demand_operational_stress,smart,collected_kg,2,168260.45928366864,10465.881737104928,74228.24262673072,262292.67594060657,kg
combined_demand_operational_stress,smart,mean_fill_at_collection_pct,2,55.59601536989521,3.3485758152976572,25.510255329255553,85.68177541053487,%
combined_demand_operational_stress,smart,truck_utilization_pct,2,70.11882717422681,1.9449015841596708,52.64457973554773,87.5930746129059,%
combined_demand_operational_stress,smart,unserved_required_bins,2,3.5,2.1213203435596424,-15.55930710426204,22.55930710426204,count
combined_demand_operational_stress,smart,inspection_events,2,2391.5,133.64318164425748,1190.7636524314914,3592.236347568509,count
combined_demand_operational_stress,smart,routing_fallbacks,2,0.0,0.0,0.0,0.0,count
combined_demand_operational_stress,smart,overflow_incidents_post_warmup,2,42.5,4.949747468305833,-1.9717165766114277,86.97171657661143,count
combined_demand_operational_stress,smart,overflow_bin_hours_post_warmup,2,615.5039964583361,147.66507405447567,-711.2140560613536,1942.222048978026,bin-hours
combined_demand_operational_stress,smart,overflow_spilled_kg_post_warmup,2,4900.11579125225,1777.3550026075775,-11068.785337160396,20869.016919664897,kg
combined_demand_operational_stress,smart,distance_km_post_warmup,2,930.1799999999994,4.106876185131544,893.2811814461473,967.0788185538514,km
combined_demand_operational_stress,smart,travel_time_hours_post_warmup,2,43.490505937500046,0.23950899921482324,41.338602956826335,45.64240891817376,hours
combined_demand_operational_stress,smart,service_time_hours_post_warmup,2,76.13333333333375,0.18856180831642205,74.4391727018437,77.8274939648238,hours
combined_demand_operational_stress,smart,depot_unloading_time_hours_post_warmup,2,12.666666666666671,0.4714045207910325,8.431265087941767,16.902068245391575,hours
combined_demand_operational_stress,smart,turnaround_time_hours_post_warmup,2,2.0,0.23570226039551562,-0.11770078936244666,4.117700789362447,hours
combined_demand_operational_stress,smart,idling_time_hours_post_warmup,2,88.80000000000042,0.659966329107447,82.87043778978554,94.7295622102153,hours
combined_demand_operational_stress,smart,collection_trips_post_warmup,2,38.0,1.4142135623730951,25.293795263825306,50.7062047361747,count
combined_demand_operational_stress,smart,collection_stops_post_warmup,2,568.5,2.1213203435596424,549.4406928957379,587.5593071042621,count
combined_demand_operational_stress,smart,wasted_pickups_post_warmup,2,269.0,25.45584412271571,40.28831474885553,497.71168525114444,count
combined_demand_operational_stress,smart,base_driving_fuel_l_post_warmup,2,418.5809999999999,1.848094283309134,401.9765316507671,435.18546834923274,litres
combined_demand_operational_stress,smart,traffic_fuel_penalty_l_post_warmup,2,234.67986393750004,2.3820489101710223,213.278003603601,256.0817242713991,litres
combined_demand_operational_stress,smart,payload_fuel_penalty_l_post_warmup,2,38.80659877370624,2.097706809666085,19.95945085401083,57.65374669340166,litres
combined_demand_operational_stress,smart,driving_fuel_l_post_warmup,2,692.0674627112062,2.1324363838140217,672.9082819477701,711.2266434746423,litres
combined_demand_operational_stress,smart,collection_idle_fuel_l_post_warmup,2,228.40000000000217,0.5656854249492461,223.3175181055322,233.48248189447213,litres
combined_demand_operational_stress,smart,depot_idle_fuel_l_post_warmup,2,38.0,1.4142135623730951,25.293795263825306,50.7062047361747,litres
combined_demand_operational_stress,smart,fuel_l_post_warmup,2,958.4674627112083,0.15253739649164022,957.0969685784173,959.8379568439993,litres
combined_demand_operational_stress,smart,co2_kg_post_warmup,2,2568.692800066038,0.40880022259750576,2565.019875790159,2572.3657243419175,kg
combined_demand_operational_stress,smart,collected_kg_post_warmup,2,157574.57974539133,9143.557290504292,75422.97687493326,239726.1826158494,kg
combined_demand_operational_stress,smart,mean_fill_at_collection_pct_post_warmup,2,56.03005545251361,3.062542251651373,28.51420501945026,83.54590588557696,%
combined_demand_operational_stress,smart,truck_utilization_pct_post_warmup,2,70.85628301627766,1.4761633737641817,57.59348130787361,84.1190847246817,%
combined_demand_operational_stress,smart,unserved_required_bins_post_warmup,2,3.5,2.1213203435596424,-15.55930710426204,22.55930710426204,count
combined_demand_operational_stress,smart,inspection_events_post_warmup,2,2159.5,129.4005409571382,996.8822666400156,3322.1177333599844,count
combined_demand_operational_stress,smart,routing_fallbacks_post_warmup,2,0.0,0.0,0.0,0.0,count
combined_demand_operational_stress,smart,uncollected_kg_at_horizon,2,10888.112978835637,2117.084280024772,-8133.134604586288,29909.360562257563,kg
combined_demand_operational_stress,smart,unfinished_trip_count,2,0.0,0.0,0.0,0.0,count
event_heavy,fixed,overflow_incidents,2,3.0,1.4142135623730951,-9.706204736174694,15.706204736174694,count
event_heavy,fixed,overflow_bin_hours,2,23.502709027777836,5.18733829306282,-23.10367641577127,70.10909447132694,bin-hours
event_heavy,fixed,overflow_spilled_kg,2,116.46151654214862,11.963089113453368,8.977425315098628,223.9456077691986,kg
event_heavy,fixed,distance_km,2,592.5419999999997,0.0,592.5419999999997,592.5419999999997,km
event_heavy,fixed,travel_time_hours,2,21.251100000000005,0.0,21.251100000000005,21.251100000000005,hours
event_heavy,fixed,service_time_hours,2,52.799999999999855,0.0,52.799999999999855,52.799999999999855,hours
event_heavy,fixed,depot_unloading_time_hours,2,5.999999999999998,0.0,5.999999999999998,5.999999999999998,hours
event_heavy,fixed,turnaround_time_hours,2,0.0,0.0,0.0,0.0,hours
event_heavy,fixed,idling_time_hours,2,58.799999999999855,0.0,58.799999999999855,58.799999999999855,hours
event_heavy,fixed,collection_trips,2,18.0,0.0,18.0,18.0,count
event_heavy,fixed,collection_stops,2,396.0,0.0,396.0,396.0,count
event_heavy,fixed,wasted_pickups,2,211.5,24.748737341529164,-10.858582883057124,433.8585828830571,count
event_heavy,fixed,base_driving_fuel_l,2,266.6438999999999,0.0,266.6438999999999,266.6438999999999,litres
event_heavy,fixed,traffic_fuel_penalty_l,2,47.323845,0.0,47.323845,47.323845,litres
event_heavy,fixed,payload_fuel_penalty_l,2,14.052220177126934,0.8254151935129164,6.636158897439197,21.468281456814672,litres
event_heavy,fixed,driving_fuel_l,2,328.0199651771269,0.8254151935129301,320.603903897439,335.4360264568148,litres
event_heavy,fixed,collection_idle_fuel_l,2,158.40000000000117,0.0,158.40000000000117,158.40000000000117,litres
event_heavy,fixed,depot_idle_fuel_l,2,18.0,0.0,18.0,18.0,litres
event_heavy,fixed,fuel_l,2,504.419965177128,0.8254151935129301,497.0039038974401,511.8360264568159,litres
event_heavy,fixed,co2_kg,2,1351.8455066747033,2.2121127186146383,1331.97046244514,1371.7205509042667,kg
event_heavy,fixed,collected_kg,2,97579.03446039865,5738.105926360974,46024.19816265069,149133.8707581466,kg
event_heavy,fixed,mean_fill_at_collection_pct,2,49.89641106452635,2.9098186105160884,23.752728105986947,76.04009402306575,%
event_heavy,fixed,truck_utilization_pct,2,60.23397188913496,3.5420406952845602,28.40999886583368,92.05794491243626,%
event_heavy,fixed,unserved_required_bins,2,0.0,0.0,0.0,0.0,count
event_heavy,fixed,inspection_events,2,30.5,7.7781745930520225,-39.38412604896081,100.38412604896081,count
event_heavy,fixed,routing_fallbacks,2,0.0,0.0,0.0,0.0,count
event_heavy,fixed,overflow_incidents_post_warmup,2,3.0,1.4142135623730951,-9.706204736174694,15.706204736174694,count
event_heavy,fixed,overflow_bin_hours_post_warmup,2,23.502709027777836,5.18733829306282,-23.10367641577127,70.10909447132694,bin-hours
event_heavy,fixed,overflow_spilled_kg_post_warmup,2,116.46151654214862,11.963089113453368,8.977425315098628,223.9456077691986,kg
event_heavy,fixed,distance_km_post_warmup,2,592.5419999999997,0.0,592.5419999999997,592.5419999999997,km
event_heavy,fixed,travel_time_hours_post_warmup,2,21.251100000000005,0.0,21.251100000000005,21.251100000000005,hours
event_heavy,fixed,service_time_hours_post_warmup,2,52.799999999999855,0.0,52.799999999999855,52.799999999999855,hours
event_heavy,fixed,depot_unloading_time_hours_post_warmup,2,5.999999999999998,0.0,5.999999999999998,5.999999999999998,hours
event_heavy,fixed,turnaround_time_hours_post_warmup,2,0.0,0.0,0.0,0.0,hours
event_heavy,fixed,idling_time_hours_post_warmup,2,58.799999999999855,0.0,58.799999999999855,58.799999999999855,hours
event_heavy,fixed,collection_trips_post_warmup,2,18.0,0.0,18.0,18.0,count
event_heavy,fixed,collection_stops_post_warmup,2,396.0,0.0,396.0,396.0,count
event_heavy,fixed,wasted_pickups_post_warmup,2,211.5,24.748737341529164,-10.858582883057124,433.8585828830571,count
event_heavy,fixed,base_driving_fuel_l_post_warmup,2,266.6438999999999,0.0,266.6438999999999,266.6438999999999,litres
event_heavy,fixed,traffic_fuel_penalty_l_post_warmup,2,47.323845,0.0,47.323845,47.323845,litres
event_heavy,fixed,payload_fuel_penalty_l_post_warmup,2,14.052220177126934,0.8254151935129164,6.636158897439197,21.468281456814672,litres
event_heavy,fixed,driving_fuel_l_post_warmup,2,328.0199651771269,0.8254151935129301,320.603903897439,335.4360264568148,litres
event_heavy,fixed,collection_idle_fuel_l_post_warmup,2,158.40000000000117,0.0,158.40000000000117,158.40000000000117,litres
event_heavy,fixed,depot_idle_fuel_l_post_warmup,2,18.0,0.0,18.0,18.0,litres
event_heavy,fixed,fuel_l_post_warmup,2,504.419965177128,0.8254151935129301,497.0039038974401,511.8360264568159,litres
event_heavy,fixed,co2_kg_post_warmup,2,1351.8455066747033,2.2121127186146383,1331.97046244514,1371.7205509042667,kg
event_heavy,fixed,collected_kg_post_warmup,2,97579.03446039865,5738.105926360974,46024.19816265069,149133.8707581466,kg
event_heavy,fixed,mean_fill_at_collection_pct_post_warmup,2,49.89641106452635,2.9098186105160884,23.752728105986947,76.04009402306575,%
event_heavy,fixed,truck_utilization_pct_post_warmup,2,60.23397188913496,3.5420406952845602,28.40999886583368,92.05794491243626,%
event_heavy,fixed,unserved_required_bins_post_warmup,2,0.0,0.0,0.0,0.0,count
event_heavy,fixed,inspection_events_post_warmup,2,30.5,7.7781745930520225,-39.38412604896081,100.38412604896081,count
event_heavy,fixed,routing_fallbacks_post_warmup,2,0.0,0.0,0.0,0.0,count
event_heavy,fixed,uncollected_kg_at_horizon,2,8385.607190742408,1340.5770382387605,-3658.999625142871,20430.214006627688,kg
event_heavy,fixed,unfinished_trip_count,2,0.0,0.0,0.0,0.0,count
event_heavy,smart,overflow_incidents,2,0.5,0.7071067811865476,-5.853102368087347,6.853102368087347,count
event_heavy,smart,overflow_bin_hours,2,1.7213333333333443,2.434332945364903,-20.15028041920217,23.592947085868857,bin-hours
event_heavy,smart,overflow_spilled_kg,2,2.360010636768017,3.3375590498620937,-27.626767693556413,32.34678896709245,kg
event_heavy,smart,distance_km,2,872.6524999999997,56.497124710024444,365.0459738921844,1380.2590261078149,km
event_heavy,smart,travel_time_hours,2,26.679481250000023,0.467514451401753,22.479030558052905,30.87993194194714,hours
event_heavy,smart,service_time_hours,2,42.33333333333323,1.602775370689502,27.932967965668627,56.733698700997834,hours
event_heavy,smart,depot_unloading_time_hours,2,11.833333333333336,0.7071067811865488,5.480230965245977,18.186435701420695,hours
event_heavy,smart,turnaround_time_hours,2,0.0,0.0,0.0,0.0,hours
event_heavy,smart,idling_time_hours,2,54.16666666666656,2.3098821518760495,33.41319893091461,74.92013440241851,hours
event_heavy,smart,collection_trips,2,35.5,2.1213203435596424,16.44069289573796,54.55930710426204,count
event_heavy,smart,collection_stops,2,317.5,12.020815280171307,209.4972597425151,425.5027402574849,count
event_heavy,smart,wasted_pickups,2,47.0,2.8284271247461903,21.58759052765061,72.4124094723494,count
event_heavy,smart,base_driving_fuel_l,2,392.6936249999999,25.42370611951085,164.27068825148436,621.1165617485154,litres
event_heavy,smart,traffic_fuel_penalty_l,2,34.406077499999995,17.877448408552326,-126.21642371423941,195.02857871423942,litres
event_heavy,smart,payload_fuel_penalty_l,2,11.132102526610584,0.2532864544847293,8.856414021557402,13.407791031663766,litres
event_heavy,smart,driving_fuel_l,2,438.2318050266105,7.292971256473811,372.70705799738744,503.7565520558336,litres
event_heavy,smart,collection_idle_fuel_l,2,127.00000000000072,4.808326112068592,83.79890389700614,170.2010961029953,litres
event_heavy,smart,depot_idle_fuel_l,2,35.5,2.1213203435596424,16.44069289573796,54.55930710426204,litres
event_heavy,smart,fuel_l,2,600.7318050266113,14.222617712102025,472.9466547901318,728.5169552630907,litres
event_heavy,smart,co2_kg,2,1609.9612374713183,38.116615468433494,1267.4970348375527,1952.425440105084,kg
event_heavy,smart,collected_kg,2,98805.08662792877,3878.362112904497,63959.38555510392,133650.78770075363,kg
event_heavy,smart,mean_fill_at_collection_pct,2,63.54293614274614,0.10151508815783684,62.63085926251891,64.45501302297338,%
event_heavy,smart,truck_utilization_pct,2,30.943887573454987,0.6351827000785015,25.236997435496832,36.65077771141314,%
event_heavy,smart,unserved_required_bins,2,0.5,0.7071067811865476,-5.853102368087347,6.853102368087347,count
event_heavy,smart,inspection_events,2,394.0,113.13708498984761,-622.4963788939755,1410.4963788939754,count
event_heavy,smart,routing_fallbacks,2,0.0,0.0,0.0,0.0,count
event_heavy,smart,overflow_incidents_post_warmup,2,0.5,0.7071067811865476,-5.853102368087347,6.853102368087347,count
event_heavy,smart,overflow_bin_hours_post_warmup,2,1.7213333333333443,2.434332945364903,-20.15028041920217,23.592947085868857,bin-hours
event_heavy,smart,overflow_spilled_kg_post_warmup,2,2.360010636768017,3.3375590498620937,-27.626767693556413,32.34678896709245,kg
event_heavy,smart,distance_km_post_warmup,2,848.7984999999999,90.23177502687199,38.09816611547592,1659.4988338845237,km
event_heavy,smart,travel_time_hours_post_warmup,2,25.780964583333358,0.8031800046165136,18.564678549748567,32.99725061691815,hours
event_heavy,smart,service_time_hours_post_warmup,2,41.66666666666656,2.545584412271562,18.795498141552194,64.53783519178091,hours
event_heavy,smart,depot_unloading_time_hours_post_warmup,2,11.500000000000004,1.1785113019775812,0.9114960531877401,22.088503946812267,hours
event_heavy,smart,turnaround_time_hours_post_warmup,2,0.0,0.0,0.0,0.0,hours
event_heavy,smart,idling_time_hours_post_warmup,2,53.16666666666656,3.724095714249145,19.706994194739913,86.62633913859321,hours
event_heavy,smart,collection_trips_post_warmup,2,34.5,3.5355339059327378,2.7344881595632664,66.26551184043673,count
event_heavy,smart,collection_stops_post_warmup,2,312.5,19.091883092036785,140.9662360616416,484.0337639383584,count
event_heavy,smart,wasted_pickups_post_warmup,2,46.5,2.1213203435596424,27.44069289573796,65.55930710426205,count
event_heavy,smart,base_driving_fuel_l_post_warmup,2,381.9593249999999,40.60429876209239,17.144174751964158,746.7744752480357,litres
event_heavy,smart,traffic_fuel_penalty_l_post_warmup,2,31.7225025,14.082300247906948,-94.8019453393594,158.24695033935942,litres
event_heavy,smart,payload_fuel_penalty_l_post_warmup,2,11.013225850978273,0.08516944755568757,10.248008724865066,11.77844297709148,litres
event_heavy,smart,driving_fuel_l_post_warmup,2,424.6950533509782,26.436829066629773,187.1695680684149,662.2205386335415,litres
event_heavy,smart,collection_idle_fuel_l_post_warmup,2,125.0000000000007,7.636753236814822,56.38649442465638,193.61350557534502,litres
event_heavy,smart,depot_idle_fuel_l_post_warmup,2,34.5,3.5355339059327378,2.7344881595632664,66.26551184043673,litres
event_heavy,smart,fuel_l_post_warmup,2,584.1950533509789,37.609116209377355,246.29055065263435,922.0995560493235,litres
event_heavy,smart,co2_kg_post_warmup,2,1565.6427429806236,100.79243144113134,660.0586757490597,2471.2268102121875,kg
event_heavy,smart,collected_kg_post_warmup,2,97853.10735886394,5224.664106314008,50911.3627887074,144794.8519290205,kg
event_heavy,smart,mean_fill_at_collection_pct_post_warmup,2,63.633869122097096,0.23011374082294186,61.56637918896635,65.70135905522784,%
event_heavy,smart,truck_utilization_pct_post_warmup,2,31.594371390139965,1.55510573573861,17.62230069981417,45.56644208046576,%
event_heavy,smart,unserved_required_bins_post_warmup,2,0.5,0.7071067811865476,-5.853102368087347,6.853102368087347,count
event_heavy,smart,inspection_events_post_warmup,2,370.5,112.42997820866105,-639.643276525888,1380.643276525888,count
event_heavy,smart,routing_fallbacks_post_warmup,2,0.0,0.0,0.0,0.0,count
event_heavy,smart,uncollected_kg_at_horizon,2,7273.656529117641,503.86612705437443,2746.5989896374267,11800.714068597856,kg
event_heavy,smart,unfinished_trip_count,2,0.0,0.0,0.0,0.0,count
gradual_upward_trend,fixed,overflow_incidents,2,5.5,2.1213203435596424,-13.55930710426204,24.55930710426204,count
gradual_upward_trend,fixed,overflow_bin_hours,2,29.9213347222224,4.089029595648437,-6.817138586860263,66.65980803130506,bin-hours
gradual_upward_trend,fixed,overflow_spilled_kg,2,149.7048188871138,44.4942740926946,-250.0603730550214,549.470010829249,kg
gradual_upward_trend,fixed,distance_km,2,594.5319999999997,2.814284989122472,569.2466525750119,619.8173474249875,km
gradual_upward_trend,fixed,travel_time_hours,2,21.309788888888892,0.08299862262727292,20.564075850928074,22.05550192684971,hours
gradual_upward_trend,fixed,service_time_hours,2,52.799999999999855,0.0,52.799999999999855,52.799999999999855,hours
gradual_upward_trend,fixed,depot_unloading_time_hours,2,6.166666666666664,0.23570226039551562,4.048965877304218,8.284367456029111,hours
gradual_upward_trend,fixed,turnaround_time_hours,2,0.08333333333333333,0.11785113019775792,-0.9755170613478911,1.1421837280145577,hours
gradual_upward_trend,fixed,idling_time_hours,2,58.96666666666652,0.23570226039551248,56.8489658773041,61.084367456028936,hours
gradual_upward_trend,fixed,collection_trips,2,18.5,0.7071067811865476,12.146897631912653,24.85310236808735,count
gradual_upward_trend,fixed,collection_stops,2,396.0,0.0,396.0,396.0,count
gradual_upward_trend,fixed,wasted_pickups,2,189.0,21.213203435596427,-1.5930710426203802,379.5930710426204,count
gradual_upward_trend,fixed,base_driving_fuel_l,2,267.5393999999999,1.2664282451051043,256.16099365875544,278.91780634124433,litres
gradual_upward_trend,fixed,traffic_fuel_penalty_l,2,47.369936249999995,0.06518287085672378,46.78429139095383,47.95558110904616,litres
gradual_upward_trend,fixed,payload_fuel_penalty_l,2,15.073305447118367,1.1612852419493405,4.639571509122296,25.50703938511444,litres
gradual_upward_trend,fixed,driving_fuel_l,2,329.9826416971183,0.17032587401249008,328.45232443482377,331.51295895941286,litres
gradual_upward_trend,fixed,collection_idle_fuel_l,2,158.40000000000117,0.0,158.40000000000117,158.40000000000117,litres
gradual_upward_trend,fixed,depot_idle_fuel_l,2,18.5,0.7071067811865476,12.146897631912653,24.85310236808735,litres
gradual_upward_trend,fixed,fuel_l,2,506.8826416971194,0.8774326551990377,498.99922206673756,514.7660613275013,litres
gradual_upward_trend,fixed,co2_kg,2,1358.4454797482804,2.3515195159334286,1337.317915138857,1379.5730443577038,kg
gradual_upward_trend,fixed,collected_kg,2,106182.87176670172,6495.603166879925,47822.1927863463,164543.55074705713,kg
gradual_upward_trend,fixed,mean_fill_at_collection_pct,2,54.367771902890105,3.299102889178921,24.726508467916897,84.00903533786331,%
gradual_upward_trend,fixed,truck_utilization_pct,2,63.894726127601714,6.343446629609323,6.901119395700398,120.88833285950304,%
gradual_upward_trend,fixed,unserved_required_bins,2,0.0,0.0,0.0,0.0,count
gradual_upward_trend,fixed,inspection_events,2,30.5,7.7781745930520225,-39.38412604896081,100.38412604896081,count
gradual_upward_trend,fixed,routing_fallbacks,2,0.0,0.0,0.0,0.0,count
gradual_upward_trend,fixed,overflow_incidents_post_warmup,2,5.5,2.1213203435596424,-13.55930710426204,24.55930710426204,count
gradual_upward_trend,fixed,overflow_bin_hours_post_warmup,2,29.9213347222224,4.089029595648437,-6.817138586860263,66.65980803130506,bin-hours
gradual_upward_trend,fixed,overflow_spilled_kg_post_warmup,2,149.7048188871138,44.4942740926946,-250.0603730550214,549.470010829249,kg
gradual_upward_trend,fixed,distance_km_post_warmup,2,594.5319999999997,2.814284989122472,569.2466525750119,619.8173474249875,km
gradual_upward_trend,fixed,travel_time_hours_post_warmup,2,21.309788888888892,0.08299862262727292,20.564075850928074,22.05550192684971,hours
gradual_upward_trend,fixed,service_time_hours_post_warmup,2,52.799999999999855,0.0,52.799999999999855,52.799999999999855,hours
gradual_upward_trend,fixed,depot_unloading_time_hours_post_warmup,2,6.166666666666664,0.23570226039551562,4.048965877304218,8.284367456029111,hours
gradual_upward_trend,fixed,turnaround_time_hours_post_warmup,2,0.08333333333333333,0.11785113019775792,-0.9755170613478911,1.1421837280145577,hours
gradual_upward_trend,fixed,idling_time_hours_post_warmup,2,58.96666666666652,0.23570226039551248,56.8489658773041,61.084367456028936,hours
gradual_upward_trend,fixed,collection_trips_post_warmup,2,18.5,0.7071067811865476,12.146897631912653,24.85310236808735,count
gradual_upward_trend,fixed,collection_stops_post_warmup,2,396.0,0.0,396.0,396.0,count
gradual_upward_trend,fixed,wasted_pickups_post_warmup,2,189.0,21.213203435596427,-1.5930710426203802,379.5930710426204,count
gradual_upward_trend,fixed,base_driving_fuel_l_post_warmup,2,267.5393999999999,1.2664282451051043,256.16099365875544,278.91780634124433,litres
gradual_upward_trend,fixed,traffic_fuel_penalty_l_post_warmup,2,47.369936249999995,0.06518287085672378,46.78429139095383,47.95558110904616,litres
gradual_upward_trend,fixed,payload_fuel_penalty_l_post_warmup,2,15.073305447118367,1.1612852419493405,4.639571509122296,25.50703938511444,litres
gradual_upward_trend,fixed,driving_fuel_l_post_warmup,2,329.9826416971183,0.17032587401249008,328.45232443482377,331.51295895941286,litres
gradual_upward_trend,fixed,collection_idle_fuel_l_post_warmup,2,158.40000000000117,0.0,158.40000000000117,158.40000000000117,litres
gradual_upward_trend,fixed,depot_idle_fuel_l_post_warmup,2,18.5,0.7071067811865476,12.146897631912653,24.85310236808735,litres
gradual_upward_trend,fixed,fuel_l_post_warmup,2,506.8826416971194,0.8774326551990377,498.99922206673756,514.7660613275013,litres
gradual_upward_trend,fixed,co2_kg_post_warmup,2,1358.4454797482804,2.3515195159334286,1337.317915138857,1379.5730443577038,kg
gradual_upward_trend,fixed,collected_kg_post_warmup,2,106182.87176670172,6495.603166879925,47822.1927863463,164543.55074705713,kg
gradual_upward_trend,fixed,mean_fill_at_collection_pct_post_warmup,2,54.367771902890105,3.299102889178921,24.726508467916897,84.00903533786331,%
gradual_upward_trend,fixed,truck_utilization_pct_post_warmup,2,63.894726127601714,6.343446629609323,6.901119395700398,120.88833285950304,%
gradual_upward_trend,fixed,unserved_required_bins_post_warmup,2,0.0,0.0,0.0,0.0,count
gradual_upward_trend,fixed,inspection_events_post_warmup,2,30.5,7.7781745930520225,-39.38412604896081,100.38412604896081,count
gradual_upward_trend,fixed,routing_fallbacks_post_warmup,2,0.0,0.0,0.0,0.0,count
gradual_upward_trend,fixed,uncollected_kg_at_horizon,2,9747.930571317462,1584.3217563503251,-4486.6356496309,23982.496792265825,kg
gradual_upward_trend,fixed,unfinished_trip_count,2,0.0,0.0,0.0,0.0,count
gradual_upward_trend,smart,overflow_incidents,2,1.5,0.7071067811865476,-4.853102368087347,7.853102368087347,count
gradual_upward_trend,smart,overflow_bin_hours,2,6.086681250000037,6.358560502637662,-51.04271824345024,63.216080743450306,bin-hours
gradual_upward_trend,smart,overflow_spilled_kg,2,32.0459730438673,31.328750756893612,-249.4316848126342,313.5236309003688,kg
gradual_upward_trend,smart,distance_km,2,962.3499999999995,121.59691051996366,-130.15489562577477,2054.8548956257737,km
gradual_upward_trend,smart,travel_time_hours,2,28.572811805555563,2.7841848283771977,3.55790359512282,53.58772001598831,hours
gradual_upward_trend,smart,service_time_hours,2,45.13333333333321,1.602775370689502,30.73296796566861,59.53369870099782,hours
gradual_upward_trend,smart,depot_unloading_time_hours,2,13.166666666666671,2.1213203435596464,-5.8926404375954,32.225973770928746,hours
gradual_upward_trend,smart,turnaround_time_hours,2,0.0,0.0,0.0,0.0,hours
gradual_upward_trend,smart,idling_time_hours,2,58.29999999999989,3.7240957142491498,24.840327528073203,91.75967247192658,hours
gradual_upward_trend,smart,collection_trips,2,39.5,6.363961030678928,-17.67792131278612,96.67792131278611,count
gradual_upward_trend,smart,collection_stops,2,338.5,12.020815280171307,230.4972597425151,446.5027402574849,count
gradual_upward_trend,smart,wasted_pickups,2,46.5,9.192388155425117,-36.09033078513551,129.0903307851355,count
gradual_upward_trend,smart,base_driving_fuel_l,2,433.0574999999999,54.71860973398344,-58.5697030315967,924.6847030315964,litres
gradual_upward_trend,smart,traffic_fuel_penalty_l,2,30.09160125000001,0.08316106076839822,29.344428763245165,30.838773736754856,litres
gradual_upward_trend,smart,payload_fuel_penalty_l,2,11.946215970472892,0.3532961025528986,8.77197642775706,15.120455513188723,litres
gradual_upward_trend,smart,driving_fuel_l,2,475.0953172204728,54.44847469219894,-14.104818755162796,964.2954531961084,litres
gradual_upward_trend,smart,collection_idle_fuel_l,2,135.40000000000083,4.808326112068592,92.19890389700626,178.6010961029954,litres
gradual_upward_trend,smart,depot_idle_fuel_l,2,39.5,6.363961030678928,-17.67792131278612,96.67792131278611,litres
gradual_upward_trend,smart,fuel_l,2,649.9953172204737,65.62076183494648,60.41616382905727,1239.57447061189,litres
gradual_upward_trend,smart,co2_kg,2,1741.9874501508693,175.86364171765655,161.91531906187356,3322.059581239865,kg
gradual_upward_trend,smart,collected_kg,2,107591.31077522245,1275.8440432942575,96128.30684367835,119054.31470676654,kg
gradual_upward_trend,smart,mean_fill_at_collection_pct,2,64.70037795455836,1.275524278607147,53.24024699474211,76.16050891437462,%
gradual_upward_trend,smart,truck_utilization_pct,2,30.63345645551885,4.576558941580508,-10.485294238198296,71.752207149236,%
gradual_upward_trend,smart,unserved_required_bins,2,0.0,0.0,0.0,0.0,count
gradual_upward_trend,smart,inspection_events,2,402.0,115.96551211459379,-639.9087883663249,1443.9087883663249,count
gradual_upward_trend,smart,routing_fallbacks,2,0.0,0.0,0.0,0.0,count
gradual_upward_trend,smart,overflow_incidents_post_warmup,2,1.5,0.7071067811865476,-4.853102368087347,7.853102368087347,count
gradual_upward_trend,smart,overflow_bin_hours_post_warmup,2,6.086681250000037,6.358560502637662,-51.04271824345024,63.216080743450306,bin-hours
gradual_upward_trend,smart,overflow_spilled_kg_post_warmup,2,32.0459730438673,31.328750756893612,-249.4316848126342,313.5236309003688,kg
gradual_upward_trend,smart,distance_km_post_warmup,2,962.3499999999995,121.59691051996366,-130.15489562577477,2054.8548956257737,km
gradual_upward_trend,smart,travel_time_hours_post_warmup,2,28.572811805555563,2.7841848283771977,3.55790359512282,53.58772001598831,hours
gradual_upward_trend,smart,service_time_hours_post_warmup,2,45.13333333333321,1.602775370689502,30.73296796566861,59.53369870099782,hours
gradual_upward_trend,smart,depot_unloading_time_hours_post_warmup,2,13.166666666666671,2.1213203435596464,-5.8926404375954,32.225973770928746,hours
gradual_upward_trend,smart,turnaround_time_hours_post_warmup,2,0.0,0.0,0.0,0.0,hours
gradual_upward_trend,smart,idling_time_hours_post_warmup,2,58.29999999999989,3.7240957142491498,24.840327528073203,91.75967247192658,hours
gradual_upward_trend,smart,collection_trips_post_warmup,2,39.5,6.363961030678928,-17.67792131278612,96.67792131278611,count
gradual_upward_trend,smart,collection_stops_post_warmup,2,338.5,12.020815280171307,230.4972597425151,446.5027402574849,count
gradual_upward_trend,smart,wasted_pickups_post_warmup,2,46.5,9.192388155425117,-36.09033078513551,129.0903307851355,count
gradual_upward_trend,smart,base_driving_fuel_l_post_warmup,2,433.0574999999999,54.71860973398344,-58.5697030315967,924.6847030315964,litres
gradual_upward_trend,smart,traffic_fuel_penalty_l_post_warmup,2,30.09160125000001,0.08316106076839822,29.344428763245165,30.838773736754856,litres
gradual_upward_trend,smart,payload_fuel_penalty_l_post_warmup,2,11.946215970472892,0.3532961025528986,8.77197642775706,15.120455513188723,litres
gradual_upward_trend,smart,driving_fuel_l_post_warmup,2,475.0953172204728,54.44847469219894,-14.104818755162796,964.2954531961084,litres
gradual_upward_trend,smart,collection_idle_fuel_l_post_warmup,2,135.40000000000083,4.808326112068592,92.19890389700626,178.6010961029954,litres
gradual_upward_trend,smart,depot_idle_fuel_l_post_warmup,2,39.5,6.363961030678928,-17.67792131278612,96.67792131278611,litres
gradual_upward_trend,smart,fuel_l_post_warmup,2,649.9953172204737,65.62076183494648,60.41616382905727,1239.57447061189,litres
gradual_upward_trend,smart,co2_kg_post_warmup,2,1741.9874501508693,175.86364171765655,161.91531906187356,3322.059581239865,kg
gradual_upward_trend,smart,collected_kg_post_warmup,2,107591.31077522245,1275.8440432942575,96128.30684367835,119054.31470676654,kg
gradual_upward_trend,smart,mean_fill_at_collection_pct_post_warmup,2,64.70037795455836,1.275524278607147,53.24024699474211,76.16050891437462,%
gradual_upward_trend,smart,truck_utilization_pct_post_warmup,2,30.63345645551885,4.576558941580508,-10.485294238198296,71.752207149236,%
gradual_upward_trend,smart,unserved_required_bins_post_warmup,2,0.0,0.0,0.0,0.0,count
gradual_upward_trend,smart,inspection_events_post_warmup,2,378.5,115.25840533340725,-657.0556859982375,1414.0556859982375,count
gradual_upward_trend,smart,routing_fallbacks_post_warmup,2,0.0,0.0,0.0,0.0,count
gradual_upward_trend,smart,uncollected_kg_at_horizon,2,8457.150408639967,3559.6143423858007,-23524.715569424778,40439.01638670471,kg
gradual_upward_trend,smart,unfinished_trip_count,2,0.0,0.0,0.0,0.0,count
high_demand_seasonal,fixed,overflow_incidents,2,95.5,23.33452377915607,-114.15237814688246,305.1523781468825,count
high_demand_seasonal,fixed,overflow_bin_hours,2,1048.6098111111132,258.49648388316797,-1273.8889508787688,3371.1085731009953,bin-hours
high_demand_seasonal,fixed,overflow_spilled_kg,2,5375.1441662495035,543.8528255144292,488.8203950803745,10261.467937418633,kg
high_demand_seasonal,fixed,distance_km,2,619.8729999999996,6.322948837369952,563.0635586245639,676.6824413754352,km
high_demand_seasonal,fixed,travel_time_hours,2,21.94784444444445,0.18958514896362885,20.24448946202735,23.65119942686155,hours
high_demand_seasonal,fixed,service_time_hours,2,52.799999999999855,0.0,52.799999999999855,52.799999999999855,hours
high_demand_seasonal,fixed,depot_unloading_time_hours,2,8.666666666666664,0.4714045207910325,4.431265087941759,12.902068245391568,hours
high_demand_seasonal,fixed,turnaround_time_hours,2,1.3333333333333333,0.23570226039551595,-0.7843674560291165,3.4510341226957832,hours
high_demand_seasonal,fixed,idling_time_hours,2,61.46666666666652,0.471404520791035,57.231265087941594,65.70206824539144,hours
high_demand_seasonal,fixed,collection_trips,2,26.0,1.4142135623730951,13.293795263825306,38.7062047361747,count
high_demand_seasonal,fixed,collection_stops,2,396.0,0.0,396.0,396.0,count
high_demand_seasonal,fixed,wasted_pickups,2,83.0,25.45584412271571,-145.71168525114447,311.71168525114444,count
high_demand_seasonal,fixed,base_driving_fuel_l,2,278.94284999999996,2.8453269768167275,253.37860138105168,304.50709861894825,litres
high_demand_seasonal,fixed,traffic_fuel_penalty_l,2,45.75228750000001,0.9246198981473442,37.44490731246529,54.05966768753473,litres
high_demand_seasonal,fixed,payload_fuel_penalty_l,2,17.879605901328915,0.7698292586253618,10.962964432004028,24.796247370653802,litres
high_demand_seasonal,fixed,driving_fuel_l,2,342.5747434013289,4.539776133589444,301.7864731255209,383.36301367713685,litres
high_demand_seasonal,fixed,collection_idle_fuel_l,2,158.40000000000117,0.0,158.40000000000117,158.40000000000117,litres
high_demand_seasonal,fixed,depot_idle_fuel_l,2,26.0,1.4142135623730951,13.293795263825306,38.7062047361747,litres
high_demand_seasonal,fixed,fuel_l,2,526.97474340133,5.953989695962539,473.4802683893473,580.4692184133127,litres
high_demand_seasonal,fixed,co2_kg,2,1412.2923123155647,15.956692385179574,1268.9271192834515,1555.657505347678,kg
high_demand_seasonal,fixed,collected_kg,2,144025.07837342029,8443.738939718907,68161.09392198664,219889.06282485393,kg
high_demand_seasonal,fixed,mean_fill_at_collection_pct,2,72.92386041187855,4.253071674052847,34.71152750406849,111.1361933196886,%
high_demand_seasonal,fixed,truck_utilization_pct,2,61.54208086660219,0.26098754362391235,59.19720082082457,63.88696091237981,%
high_demand_seasonal,fixed,unserved_required_bins,2,0.0,0.0,0.0,0.0,count
high_demand_seasonal,fixed,inspection_events,2,29.5,7.7781745930520225,-40.38412604896081,99.38412604896081,count
high_demand_seasonal,fixed,routing_fallbacks,2,0.0,0.0,0.0,0.0,count
high_demand_seasonal,fixed,overflow_incidents_post_warmup,2,91.0,16.97056274847714,-61.474456834096316,243.47445683409632,count
high_demand_seasonal,fixed,overflow_bin_hours_post_warmup,2,1030.609811111113,233.04063976045208,-1063.1772656276232,3124.396887849849,bin-hours
high_demand_seasonal,fixed,overflow_spilled_kg_post_warmup,2,5261.4421638276635,383.05391162048466,1819.8393143434641,8703.045013311863,kg
high_demand_seasonal,fixed,distance_km_post_warmup,2,619.8729999999996,6.322948837369952,563.0635586245639,676.6824413754352,km
high_demand_seasonal,fixed,travel_time_hours_post_warmup,2,21.94784444444445,0.18958514896362885,20.24448946202735,23.65119942686155,hours
high_demand_seasonal,fixed,service_time_hours_post_warmup,2,52.799999999999855,0.0,52.799999999999855,52.799999999999855,hours
high_demand_seasonal,fixed,depot_unloading_time_hours_post_warmup,2,8.666666666666664,0.4714045207910325,4.431265087941759,12.902068245391568,hours
high_demand_seasonal,fixed,turnaround_time_hours_post_warmup,2,1.3333333333333333,0.23570226039551595,-0.7843674560291165,3.4510341226957832,hours
high_demand_seasonal,fixed,idling_time_hours_post_warmup,2,61.46666666666652,0.471404520791035,57.231265087941594,65.70206824539144,hours
high_demand_seasonal,fixed,collection_trips_post_warmup,2,26.0,1.4142135623730951,13.293795263825306,38.7062047361747,count
high_demand_seasonal,fixed,collection_stops_post_warmup,2,396.0,0.0,396.0,396.0,count
high_demand_seasonal,fixed,wasted_pickups_post_warmup,2,83.0,25.45584412271571,-145.71168525114447,311.71168525114444,count
high_demand_seasonal,fixed,base_driving_fuel_l_post_warmup,2,278.94284999999996,2.8453269768167275,253.37860138105168,304.50709861894825,litres
high_demand_seasonal,fixed,traffic_fuel_penalty_l_post_warmup,2,45.75228750000001,0.9246198981473442,37.44490731246529,54.05966768753473,litres
high_demand_seasonal,fixed,payload_fuel_penalty_l_post_warmup,2,17.879605901328915,0.7698292586253618,10.962964432004028,24.796247370653802,litres
high_demand_seasonal,fixed,driving_fuel_l_post_warmup,2,342.5747434013289,4.539776133589444,301.7864731255209,383.36301367713685,litres
high_demand_seasonal,fixed,collection_idle_fuel_l_post_warmup,2,158.40000000000117,0.0,158.40000000000117,158.40000000000117,litres
high_demand_seasonal,fixed,depot_idle_fuel_l_post_warmup,2,26.0,1.4142135623730951,13.293795263825306,38.7062047361747,litres
high_demand_seasonal,fixed,fuel_l_post_warmup,2,526.97474340133,5.953989695962539,473.4802683893473,580.4692184133127,litres
high_demand_seasonal,fixed,co2_kg_post_warmup,2,1412.2923123155647,15.956692385179574,1268.9271192834515,1555.657505347678,kg
high_demand_seasonal,fixed,collected_kg_post_warmup,2,144025.07837342029,8443.738939718907,68161.09392198664,219889.06282485393,kg
high_demand_seasonal,fixed,mean_fill_at_collection_pct_post_warmup,2,72.92386041187855,4.253071674052847,34.71152750406849,111.1361933196886,%
high_demand_seasonal,fixed,truck_utilization_pct_post_warmup,2,61.54208086660219,0.26098754362391235,59.19720082082457,63.88696091237981,%
high_demand_seasonal,fixed,unserved_required_bins_post_warmup,2,0.0,0.0,0.0,0.0,count
high_demand_seasonal,fixed,inspection_events_post_warmup,2,29.5,7.7781745930520225,-40.38412604896081,99.38412604896081,count
high_demand_seasonal,fixed,routing_fallbacks_post_warmup,2,0.0,0.0,0.0,0.0,count
high_demand_seasonal,fixed,uncollected_kg_at_horizon,2,13178.551375576899,2061.078976391087,-5339.508518789695,31696.611269943493,kg
high_demand_seasonal,fixed,unfinished_trip_count,2,0.0,0.0,0.0,0.0,count
high_demand_seasonal,smart,overflow_incidents,2,4.5,3.5355339059327378,-27.265511840436734,36.26551184043673,count
high_demand_seasonal,smart,overflow_bin_hours,2,8.53491111111104,6.992853945124288,-54.29338885782619,71.36321108004826,bin-hours
high_demand_seasonal,smart,overflow_spilled_kg,2,63.53147810277841,58.49842959342076,-462.05605898139123,589.119015186948,kg
high_demand_seasonal,smart,distance_km,2,1423.646499999999,201.6067499180012,-387.7182816772133,3235.011281677211,km
high_demand_seasonal,smart,travel_time_hours,2,43.87420902777778,5.1701673833929735,-2.5779019132659826,90.32631996882154,hours
high_demand_seasonal,smart,service_time_hours,2,66.9333333333333,3.7712361663284413,33.05012070353243,100.81654596313416,hours
high_demand_seasonal,smart,depot_unloading_time_hours,2,19.666666666666664,4.24264068711927,-18.451947541857272,57.7852808751906,hours
high_demand_seasonal,smart,turnaround_time_hours,2,0.0,0.0,0.0,0.0,hours
high_demand_seasonal,smart,idling_time_hours,2,86.59999999999997,8.013876853447716,14.598173161675106,158.60182683832483,hours
high_demand_seasonal,smart,collection_trips,2,59.0,12.727922061357855,-55.35584262557224,173.35584262557222,count
high_demand_seasonal,smart,collection_stops,2,502.0,28.284271247461902,247.87590527650613,756.1240947234938,count
high_demand_seasonal,smart,wasted_pickups,2,82.5,13.435028842544403,-38.208944993659586,203.2089449936596,count
high_demand_seasonal,smart,base_driving_fuel_l,2,640.6409250000003,90.72303746310135,-174.47322675475243,1455.755076754753,litres
high_demand_seasonal,smart,traffic_fuel_penalty_l,2,65.169585,3.5892740213028955,32.9212373795888,97.4179326204112,litres
high_demand_seasonal,smart,payload_fuel_penalty_l,2,16.902561082837593,0.27487440112173334,14.432912572661067,19.37220959301412,litres
high_demand_seasonal,smart,driving_fuel_l,2,722.7130710828378,94.03743708328258,-122.17977978215015,1567.6059219478257,litres
high_demand_seasonal,smart,collection_idle_fuel_l,2,200.80000000000177,11.313708498984921,99.15036211060279,302.4496378894008,litres
high_demand_seasonal,smart,depot_idle_fuel_l,2,59.0,12.727922061357855,-55.35584262557224,173.35584262557222,litres
high_demand_seasonal,smart,fuel_l,2,982.5130710828396,118.07906764362528,-78.38526029711898,2043.4114024627982,litres
high_demand_seasonal,smart,co2_kg,2,2633.13503050201,316.45190128491555,-210.07249759627712,5476.342558600298,kg
high_demand_seasonal,smart,collected_kg,2,156290.8025431935,7289.803968783704,90794.51246482963,221787.09262155739,kg
high_demand_seasonal,smart,mean_fill_at_collection_pct,2,63.36237923752499,0.7184868881748384,56.90703066479076,69.81772781025921,%
high_demand_seasonal,smart,truck_utilization_pct,2,29.982893208071207,5.095289933067314,-15.796470533204445,75.76225694934686,%
high_demand_seasonal,smart,unserved_required_bins,2,0.0,0.0,0.0,0.0,count
high_demand_seasonal,smart,inspection_events,2,398.0,123.03657992645927,-707.4398120471983,1503.4398120471983,count
high_demand_seasonal,smart,routing_fallbacks,2,0.0,0.0,0.0,0.0,count
high_demand_seasonal,smart,overflow_incidents_post_warmup,2,4.5,3.5355339059327378,-27.265511840436734,36.26551184043673,count
high_demand_seasonal,smart,overflow_bin_hours_post_warmup,2,8.53491111111104,6.992853945124288,-54.29338885782619,71.36321108004826,bin-hours
high_demand_seasonal,smart,overflow_spilled_kg_post_warmup,2,63.53147810277841,58.49842959342076,-462.05605898139123,589.119015186948,kg
high_demand_seasonal,smart,distance_km_post_warmup,2,1352.3609999999992,205.3579513921956,-492.706989739914,3197.428989739912,km
high_demand_seasonal,smart,travel_time_hours_post_warmup,2,41.63857291666669,5.657713580650105,-9.193966812160262,92.47111264549363,hours
high_demand_seasonal,smart,service_time_hours_post_warmup,2,63.79999999999988,4.054078878802959,27.375546422964987,100.22445357703478,hours
high_demand_seasonal,smart,depot_unloading_time_hours_post_warmup,2,18.666666666666668,4.2426406871192714,-19.45194754185729,56.78528087519062,hours
high_demand_seasonal,smart,turnaround_time_hours_post_warmup,2,0.0,0.0,0.0,0.0,hours
high_demand_seasonal,smart,idling_time_hours_post_warmup,2,82.46666666666655,8.29671956592223,7.923598881107708,157.00973445222542,hours
high_demand_seasonal,smart,collection_trips_post_warmup,2,56.0,12.727922061357855,-58.35584262557224,170.35584262557222,count
high_demand_seasonal,smart,collection_stops_post_warmup,2,478.5,30.405591591021544,205.31659817224408,751.6834018277559,count
high_demand_seasonal,smart,wasted_pickups_post_warmup,2,81.0,12.727922061357855,-33.35584262557224,195.35584262557222,count
high_demand_seasonal,smart,base_driving_fuel_l_post_warmup,2,608.5624500000001,92.411078126489,-221.71814538296974,1438.84304538297,litres
high_demand_seasonal,smart,traffic_fuel_penalty_l_post_warmup,2,62.23316624999998,7.741997242359559,-7.3259191990535015,131.79225169905345,litres
high_demand_seasonal,smart,payload_fuel_penalty_l_post_warmup,2,16.097150364830824,0.022211163837652405,15.897590975316586,16.296709754345063,litres
high_demand_seasonal,smart,driving_fuel_l_post_warmup,2,686.8927666148309,100.17528653268617,-213.1464736067063,1586.9320068363681,litres
high_demand_seasonal,smart,collection_idle_fuel_l_post_warmup,2,191.40000000000163,12.16223663640879,82.12663926889772,300.6733607311055,litres
high_demand_seasonal,smart,depot_idle_fuel_l_post_warmup,2,56.0,12.727922061357855,-58.35584262557224,170.35584262557222,litres
high_demand_seasonal,smart,fuel_l_post_warmup,2,934.2927666148325,125.06544523045277,-189.37567696338033,2057.961210193045,litres
high_demand_seasonal,smart,co2_kg_post_warmup,2,2503.9046145277516,335.1753932176136,-507.52681426186064,5515.336043317364,kg
high_demand_seasonal,smart,collected_kg_post_warmup,2,150454.54591937087,9273.782520435248,67132.91577909821,233776.1760596435,kg
high_demand_seasonal,smart,mean_fill_at_collection_pct_post_warmup,2,63.173410999660256,0.467102430534379,58.97666216833428,67.37015983098624,%
high_demand_seasonal,smart,truck_utilization_pct_post_warmup,2,30.428938283025012,5.075984408417402,-15.17697220107113,76.03484876712116,%
high_demand_seasonal,smart,unserved_required_bins_post_warmup,2,0.0,0.0,0.0,0.0,count
high_demand_seasonal,smart,inspection_events_post_warmup,2,374.5,122.32947314527271,-724.5867096791108,1473.5867096791108,count
high_demand_seasonal,smart,routing_fallbacks_post_warmup,2,0.0,0.0,0.0,0.0,count
high_demand_seasonal,smart,uncollected_kg_at_horizon,2,6224.439893950348,421.78960953461035,2434.8106067408617,10014.069181159834,kg
high_demand_seasonal,smart,unfinished_trip_count,2,0.0,0.0,0.0,0.0,count
localized_surge,fixed,overflow_incidents,2,14.0,1.4142135623730951,1.2937952638253059,26.706204736174694,count
localized_surge,fixed,overflow_bin_hours,2,212.97829930555605,31.488852663294974,-69.93781710877028,495.8944157198824,bin-hours
localized_surge,fixed,overflow_spilled_kg,2,1310.4894955110185,54.173146482921126,823.7630853500738,1797.2159056719634,kg
localized_surge,fixed,distance_km,2,594.4244999999996,2.662257031167342,570.5050695841509,618.3439304158484,km
localized_surge,fixed,travel_time_hours,2,21.299481250000007,0.06842141991456618,20.68473918210793,21.914223317892084,hours
localized_surge,fixed,service_time_hours,2,52.799999999999855,0.0,52.799999999999855,52.799999999999855,hours
localized_surge,fixed,depot_unloading_time_hours,2,6.166666666666664,0.23570226039551562,4.048965877304218,8.284367456029111,hours
localized_surge,fixed,turnaround_time_hours,2,0.08333333333333333,0.11785113019775792,-0.9755170613478911,1.1421837280145577,hours
localized_surge,fixed,idling_time_hours,2,58.96666666666652,0.23570226039551248,56.8489658773041,61.084367456028936,hours
localized_surge,fixed,collection_trips,2,18.5,0.7071067811865476,12.146897631912653,24.85310236808735,count
localized_surge,fixed,collection_stops,2,396.0,0.0,396.0,396.0,count
localized_surge,fixed,wasted_pickups,2,192.0,22.627416997969522,-11.299275778795106,395.2992757787951,count
localized_surge,fixed,base_driving_fuel_l,2,267.4910249999999,1.1980156640252757,256.72728131286823,278.2547686871316,litres
localized_surge,fixed,traffic_fuel_penalty_l,2,47.341305,0.02469216879903397,47.11945466530639,47.563155334693604,litres
localized_surge,fixed,payload_fuel_penalty_l,2,14.933784444987877,1.0677145794553085,5.340749554562539,24.526819335413215,litres
localized_surge,fixed,driving_fuel_l,2,329.7661144449878,0.15499325336897357,328.3735553135881,331.1586735763875,litres
localized_surge,fixed,collection_idle_fuel_l,2,158.40000000000117,0.0,158.40000000000117,158.40000000000117,litres
localized_surge,fixed,depot_idle_fuel_l,2,18.5,0.7071067811865476,12.146897631912653,24.85310236808735,litres
localized_surge,fixed,fuel_l,2,506.6661144449889,0.8621000345555211,498.92045294550184,514.411775944476,litres
localized_surge,fixed,co2_kg,2,1357.8651867125704,2.3104280926087952,1337.1068138939452,1378.6235595311957,kg
localized_surge,fixed,collected_kg,2,104749.68921880846,6382.315080400037,47406.863311907844,162092.51512570906,kg
localized_surge,fixed,mean_fill_at_collection_pct,2,53.717084502972554,3.2813439713437336,24.23537861426425,83.19879039168086,%
localized_surge,fixed,truck_utilization_pct,2,63.03202533087935,6.242431597180105,6.946002656737441,119.11804800502125,%
localized_surge,fixed,unserved_required_bins,2,0.0,0.0,0.0,0.0,count
localized_surge,fixed,inspection_events,2,30.0,7.0710678118654755,-33.53102368087347,93.53102368087346,count
localized_surge,fixed,routing_fallbacks,2,0.0,0.0,0.0,0.0,count
localized_surge,fixed,overflow_incidents_post_warmup,2,14.0,1.4142135623730951,1.2937952638253059,26.706204736174694,count
localized_surge,fixed,overflow_bin_hours_post_warmup,2,212.97829930555605,31.488852663294974,-69.93781710877028,495.8944157198824,bin-hours
localized_surge,fixed,overflow_spilled_kg_post_warmup,2,1310.4894955110185,54.173146482921126,823.7630853500738,1797.2159056719634,kg
localized_surge,fixed,distance_km_post_warmup,2,594.4244999999996,2.662257031167342,570.5050695841509,618.3439304158484,km
localized_surge,fixed,travel_time_hours_post_warmup,2,21.299481250000007,0.06842141991456618,20.68473918210793,21.914223317892084,hours
localized_surge,fixed,service_time_hours_post_warmup,2,52.799999999999855,0.0,52.799999999999855,52.799999999999855,hours
localized_surge,fixed,depot_unloading_time_hours_post_warmup,2,6.166666666666664,0.23570226039551562,4.048965877304218,8.284367456029111,hours
localized_surge,fixed,turnaround_time_hours_post_warmup,2,0.08333333333333333,0.11785113019775792,-0.9755170613478911,1.1421837280145577,hours
localized_surge,fixed,idling_time_hours_post_warmup,2,58.96666666666652,0.23570226039551248,56.8489658773041,61.084367456028936,hours
localized_surge,fixed,collection_trips_post_warmup,2,18.5,0.7071067811865476,12.146897631912653,24.85310236808735,count
localized_surge,fixed,collection_stops_post_warmup,2,396.0,0.0,396.0,396.0,count
localized_surge,fixed,wasted_pickups_post_warmup,2,192.0,22.627416997969522,-11.299275778795106,395.2992757787951,count
localized_surge,fixed,base_driving_fuel_l_post_warmup,2,267.4910249999999,1.1980156640252757,256.72728131286823,278.2547686871316,litres
localized_surge,fixed,traffic_fuel_penalty_l_post_warmup,2,47.341305,0.02469216879903397,47.11945466530639,47.563155334693604,litres
localized_surge,fixed,payload_fuel_penalty_l_post_warmup,2,14.933784444987877,1.0677145794553085,5.340749554562539,24.526819335413215,litres
localized_surge,fixed,driving_fuel_l_post_warmup,2,329.7661144449878,0.15499325336897357,328.3735553135881,331.1586735763875,litres
localized_surge,fixed,collection_idle_fuel_l_post_warmup,2,158.40000000000117,0.0,158.40000000000117,158.40000000000117,litres
localized_surge,fixed,depot_idle_fuel_l_post_warmup,2,18.5,0.7071067811865476,12.146897631912653,24.85310236808735,litres
localized_surge,fixed,fuel_l_post_warmup,2,506.6661144449889,0.8621000345555211,498.92045294550184,514.411775944476,litres
localized_surge,fixed,co2_kg_post_warmup,2,1357.8651867125704,2.3104280926087952,1337.1068138939452,1378.6235595311957,kg
localized_surge,fixed,collected_kg_post_warmup,2,104749.68921880846,6382.315080400037,47406.863311907844,162092.51512570906,kg
localized_surge,fixed,mean_fill_at_collection_pct_post_warmup,2,53.717084502972554,3.2813439713437336,24.23537861426425,83.19879039168086,%
localized_surge,fixed,truck_utilization_pct_post_warmup,2,63.03202533087935,6.242431597180105,6.946002656737441,119.11804800502125,%
localized_surge,fixed,unserved_required_bins_post_warmup,2,0.0,0.0,0.0,0.0,count
localized_surge,fixed,inspection_events_post_warmup,2,30.0,7.0710678118654755,-33.53102368087347,93.53102368087346,count
localized_surge,fixed,routing_fallbacks_post_warmup,2,0.0,0.0,0.0,0.0,count
localized_surge,fixed,uncollected_kg_at_horizon,2,8914.824598168285,1449.1174292946068,-4104.9789401878315,21934.6281365244,kg
localized_surge,fixed,unfinished_trip_count,2,0.0,0.0,0.0,0.0,count
localized_surge,smart,overflow_incidents,2,1.0,1.4142135623730951,-11.706204736174694,13.706204736174694,count
localized_surge,smart,overflow_bin_hours,2,2.266413194444461,3.2051922775246875,-26.531096870934565,31.063923259823486,bin-hours
localized_surge,smart,overflow_spilled_kg,2,54.913808698502464,77.65985302298382,-642.8322874678006,752.6599048648056,kg
localized_surge,smart,distance_km,2,1035.2609999999995,88.05600746116066,244.10916210208313,1826.4128378979158,km
localized_surge,smart,travel_time_hours,2,29.782198611111138,1.072985435812994,20.141806955203126,39.422590267019146,hours
localized_surge,smart,service_time_hours,2,47.39999999999988,1.979898987322326,29.61131336935537,65.18868663064438,hours
localized_surge,smart,depot_unloading_time_hours,2,14.500000000000007,1.649915822768614,-0.3239055255371621,29.323905525537178,hours
localized_surge,smart,turnaround_time_hours,2,0.0,0.0,0.0,0.0,hours
localized_surge,smart,idling_time_hours,2,61.89999999999988,3.629814810090939,29.287407843818208,94.51259215618154,hours
localized_surge,smart,collection_trips,2,43.5,4.949747468305833,-0.9717165766114277,87.97171657661143,count
localized_surge,smart,collection_stops,2,355.5,14.849242404917497,222.08485027016573,488.9151497298343,count
localized_surge,smart,wasted_pickups,2,61.5,13.435028842544403,-59.208944993659586,182.2089449936596,count
localized_surge,smart,base_driving_fuel_l,2,465.8674499999998,39.62520335752227,109.84912294593772,821.8857770540619,litres
localized_surge,smart,traffic_fuel_penalty_l,2,25.020247500000004,6.042008242136875,-29.26504277357222,79.30553777357223,litres
localized_surge,smart,payload_fuel_penalty_l,2,10.70152403269613,0.01144958534396204,10.598653589790345,10.804394475601914,litres
localized_surge,smart,driving_fuel_l,2,501.5892215326959,33.59464470072932,199.75331430930055,803.4251287560912,litres
localized_surge,smart,collection_idle_fuel_l,2,142.20000000000095,5.939696961967083,88.83394010806649,195.56605989193542,litres
localized_surge,smart,depot_idle_fuel_l,2,43.5,4.949747468305833,-0.9717165766114277,87.97171657661143,litres
localized_surge,smart,fuel_l,2,687.2892215326968,44.48408913100226,287.6155378407554,1086.9629052246382,litres
localized_surge,smart,co2_kg,2,1841.9351137076276,119.21735887108605,770.8096414132247,2913.0605860020305,kg
localized_surge,smart,collected_kg,2,107296.69575122162,4189.529901110322,69655.26302269739,144938.12847974585,kg
localized_surge,smart,mean_fill_at_collection_pct,2,62.01267696769883,0.44437676235448303,58.02011016399786,66.0052437713998,%
localized_surge,smart,truck_utilization_pct,2,27.523863520493112,2.061743483770048,8.99983326420211,46.047893776784115,%
localized_surge,smart,unserved_required_bins,2,0.0,0.0,0.0,0.0,count
localized_surge,smart,inspection_events,2,400.5,118.08683245815344,-660.4680954705871,1461.468095470587,count
localized_surge,smart,routing_fallbacks,2,0.0,0.0,0.0,0.0,count
localized_surge,smart,overflow_incidents_post_warmup,2,1.0,1.4142135623730951,-11.706204736174694,13.706204736174694,count
localized_surge,smart,overflow_bin_hours_post_warmup,2,2.266413194444461,3.2051922775246875,-26.531096870934565,31.063923259823486,bin-hours
localized_surge,smart,overflow_spilled_kg_post_warmup,2,54.913808698502464,77.65985302298382,-642.8322874678006,752.6599048648056,kg
localized_surge,smart,distance_km_post_warmup,2,1035.2609999999995,88.05600746116066,244.10916210208313,1826.4128378979158,km
localized_surge,smart,travel_time_hours_post_warmup,2,29.782198611111138,1.072985435812994,20.141806955203126,39.422590267019146,hours
localized_surge,smart,service_time_hours_post_warmup,2,47.39999999999988,1.979898987322326,29.61131336935537,65.18868663064438,hours
localized_surge,smart,depot_unloading_time_hours_post_warmup,2,14.500000000000007,1.649915822768614,-0.3239055255371621,29.323905525537178,hours
localized_surge,smart,turnaround_time_hours_post_warmup,2,0.0,0.0,0.0,0.0,hours
localized_surge,smart,idling_time_hours_post_warmup,2,61.89999999999988,3.629814810090939,29.287407843818208,94.51259215618154,hours
localized_surge,smart,collection_trips_post_warmup,2,43.5,4.949747468305833,-0.9717165766114277,87.97171657661143,count
localized_surge,smart,collection_stops_post_warmup,2,355.5,14.849242404917497,222.08485027016573,488.9151497298343,count
localized_surge,smart,wasted_pickups_post_warmup,2,61.5,13.435028842544403,-59.208944993659586,182.2089449936596,count
localized_surge,smart,base_driving_fuel_l_post_warmup,2,465.8674499999998,39.62520335752227,109.84912294593772,821.8857770540619,litres
localized_surge,smart,traffic_fuel_penalty_l_post_warmup,2,25.020247500000004,6.042008242136875,-29.26504277357222,79.30553777357223,litres
localized_surge,smart,payload_fuel_penalty_l_post_warmup,2,10.70152403269613,0.01144958534396204,10.598653589790345,10.804394475601914,litres
localized_surge,smart,driving_fuel_l_post_warmup,2,501.5892215326959,33.59464470072932,199.75331430930055,803.4251287560912,litres
localized_surge,smart,collection_idle_fuel_l_post_warmup,2,142.20000000000095,5.939696961967083,88.83394010806649,195.56605989193542,litres
localized_surge,smart,depot_idle_fuel_l_post_warmup,2,43.5,4.949747468305833,-0.9717165766114277,87.97171657661143,litres
localized_surge,smart,fuel_l_post_warmup,2,687.2892215326968,44.48408913100226,287.6155378407554,1086.9629052246382,litres
localized_surge,smart,co2_kg_post_warmup,2,1841.9351137076276,119.21735887108605,770.8096414132247,2913.0605860020305,kg
localized_surge,smart,collected_kg_post_warmup,2,107296.69575122162,4189.529901110322,69655.26302269739,144938.12847974585,kg
localized_surge,smart,mean_fill_at_collection_pct_post_warmup,2,62.01267696769883,0.44437676235448303,58.02011016399786,66.0052437713998,%
localized_surge,smart,truck_utilization_pct_post_warmup,2,27.523863520493112,2.061743483770048,8.99983326420211,46.047893776784115,%
localized_surge,smart,unserved_required_bins_post_warmup,2,0.0,0.0,0.0,0.0,count
localized_surge,smart,inspection_events_post_warmup,2,377.0,117.37972567696688,-677.6149931024995,1431.6149931024995,count
localized_surge,smart,routing_fallbacks_post_warmup,2,0.0,0.0,0.0,0.0,count
localized_surge,smart,uncollected_kg_at_horizon,2,7623.393752567623,875.5007495010984,-242.6683937806547,15489.455898915901,kg
localized_surge,smart,unfinished_trip_count,2,0.0,0.0,0.0,0.0,count
normal_patterned,fixed,overflow_incidents,2,1.5,0.7071067811865476,-4.853102368087347,7.853102368087347,count
normal_patterned,fixed,overflow_bin_hours,2,11.871609027777806,0.8021763058243271,4.6643408700544065,19.078877185501206,bin-hours
normal_patterned,fixed,overflow_spilled_kg,2,71.3972788351345,42.57927854417551,-311.16236073801025,453.95691840827925,kg
normal_patterned,fixed,distance_km,2,593.3479999999997,1.1398561312726907,583.1067989826431,603.5892010173563,km
normal_patterned,fixed,travel_time_hours,2,21.276258333333338,0.03557925620670352,20.95659139917907,21.595925267487605,hours
normal_patterned,fixed,service_time_hours,2,52.799999999999855,0.0,52.799999999999855,52.799999999999855,hours
normal_patterned,fixed,depot_unloading_time_hours,2,6.166666666666664,0.23570226039551562,4.048965877304218,8.284367456029111,hours
normal_patterned,fixed,turnaround_time_hours,2,0.08333333333333333,0.11785113019775792,-0.9755170613478911,1.1421837280145577,hours
normal_patterned,fixed,idling_time_hours,2,58.96666666666652,0.23570226039551248,56.8489658773041,61.084367456028936,hours
normal_patterned,fixed,collection_trips,2,18.5,0.7071067811865476,12.146897631912653,24.85310236808735,count
normal_patterned,fixed,collection_stops,2,396.0,0.0,396.0,396.0,count
normal_patterned,fixed,wasted_pickups,2,199.5,23.33452377915607,-10.152378146882455,409.1523781468825,count
normal_patterned,fixed,base_driving_fuel_l,2,267.00659999999993,0.5129352590727069,262.3980595421895,271.61514045781036,litres
normal_patterned,fixed,traffic_fuel_penalty_l,2,47.1369375,0.2643271214092446,44.76205253827347,49.51182246172653,litres
normal_patterned,fixed,payload_fuel_penalty_l,2,14.511992019042278,1.0164584095325202,5.3794755441936175,23.64450849389094,litres
normal_patterned,fixed,driving_fuel_l,2,328.6555295190422,0.7678502718690328,321.75666854027764,335.55439049780676,litres
normal_patterned,fixed,collection_idle_fuel_l,2,158.40000000000117,0.0,158.40000000000117,158.40000000000117,litres
normal_patterned,fixed,depot_idle_fuel_l,2,18.5,0.7071067811865476,12.146897631912653,24.85310236808735,litres
normal_patterned,fixed,fuel_l,2,505.5555295190434,0.06074349068248519,505.0097709083662,506.10128812972056,litres
normal_patterned,fixed,co2_kg,2,1354.8888191110364,0.1627925550290571,1353.4261860344216,1356.3514521876511,kg
normal_patterned,fixed,collected_kg,2,101650.26501117567,6367.0055483560145,44444.98979233376,158855.54023001756,kg
normal_patterned,fixed,mean_fill_at_collection_pct,2,52.050491081895984,3.2215794722195756,23.105747913692365,80.9952342500996,%
normal_patterned,fixed,truck_utilization_pct,2,61.168972680516475,6.162027106673108,5.805355691959555,116.53258966907339,%
normal_patterned,fixed,unserved_required_bins,2,0.0,0.0,0.0,0.0,count
normal_patterned,fixed,inspection_events,2,30.5,7.7781745930520225,-39.38412604896081,100.38412604896081,count
normal_patterned,fixed,routing_fallbacks,2,0.0,0.0,0.0,0.0,count
normal_patterned,fixed,overflow_incidents_post_warmup,2,1.5,0.7071067811865476,-4.853102368087347,7.853102368087347,count
normal_patterned,fixed,overflow_bin_hours_post_warmup,2,11.871609027777806,0.8021763058243271,4.6643408700544065,19.078877185501206,bin-hours
normal_patterned,fixed,overflow_spilled_kg_post_warmup,2,71.3972788351345,42.57927854417551,-311.16236073801025,453.95691840827925,kg
normal_patterned,fixed,distance_km_post_warmup,2,593.3479999999997,1.1398561312726907,583.1067989826431,603.5892010173563,km
normal_patterned,fixed,travel_time_hours_post_warmup,2,21.276258333333338,0.03557925620670352,20.95659139917907,21.595925267487605,hours
normal_patterned,fixed,service_time_hours_post_warmup,2,52.799999999999855,0.0,52.799999999999855,52.799999999999855,hours
normal_patterned,fixed,depot_unloading_time_hours_post_warmup,2,6.166666666666664,0.23570226039551562,4.048965877304218,8.284367456029111,hours
normal_patterned,fixed,turnaround_time_hours_post_warmup,2,0.08333333333333333,0.11785113019775792,-0.9755170613478911,1.1421837280145577,hours
normal_patterned,fixed,idling_time_hours_post_warmup,2,58.96666666666652,0.23570226039551248,56.8489658773041,61.084367456028936,hours
normal_patterned,fixed,collection_trips_post_warmup,2,18.5,0.7071067811865476,12.146897631912653,24.85310236808735,count
normal_patterned,fixed,collection_stops_post_warmup,2,396.0,0.0,396.0,396.0,count
normal_patterned,fixed,wasted_pickups_post_warmup,2,199.5,23.33452377915607,-10.152378146882455,409.1523781468825,count
normal_patterned,fixed,base_driving_fuel_l_post_warmup,2,267.00659999999993,0.5129352590727069,262.3980595421895,271.61514045781036,litres
normal_patterned,fixed,traffic_fuel_penalty_l_post_warmup,2,47.1369375,0.2643271214092446,44.76205253827347,49.51182246172653,litres
normal_patterned,fixed,payload_fuel_penalty_l_post_warmup,2,14.511992019042278,1.0164584095325202,5.3794755441936175,23.64450849389094,litres
normal_patterned,fixed,driving_fuel_l_post_warmup,2,328.6555295190422,0.7678502718690328,321.75666854027764,335.55439049780676,litres
normal_patterned,fixed,collection_idle_fuel_l_post_warmup,2,158.40000000000117,0.0,158.40000000000117,158.40000000000117,litres
normal_patterned,fixed,depot_idle_fuel_l_post_warmup,2,18.5,0.7071067811865476,12.146897631912653,24.85310236808735,litres
normal_patterned,fixed,fuel_l_post_warmup,2,505.5555295190434,0.06074349068248519,505.0097709083662,506.10128812972056,litres
normal_patterned,fixed,co2_kg_post_warmup,2,1354.8888191110364,0.1627925550290571,1353.4261860344216,1356.3514521876511,kg
normal_patterned,fixed,collected_kg_post_warmup,2,101650.26501117567,6367.0055483560145,44444.98979233376,158855.54023001756,kg
normal_patterned,fixed,mean_fill_at_collection_pct_post_warmup,2,52.050491081895984,3.2215794722195756,23.105747913692365,80.9952342500996,%
normal_patterned,fixed,truck_utilization_pct_post_warmup,2,61.168972680516475,6.162027106673108,5.805355691959555,116.53258966907339,%
normal_patterned,fixed,unserved_required_bins_post_warmup,2,0.0,0.0,0.0,0.0,count
normal_patterned,fixed,inspection_events_post_warmup,2,30.5,7.7781745930520225,-39.38412604896081,100.38412604896081,count
normal_patterned,fixed,routing_fallbacks_post_warmup,2,0.0,0.0,0.0,0.0,count
normal_patterned,fixed,uncollected_kg_at_horizon,2,8914.824598168285,1449.1174292946068,-4104.9789401878315,21934.6281365244,kg
normal_patterned,fixed,unfinished_trip_count,2,0.0,0.0,0.0,0.0,count
normal_patterned,smart,overflow_incidents,2,0.5,0.7071067811865476,-5.853102368087347,6.853102368087347,count
normal_patterned,smart,overflow_bin_hours,2,0.13286111111110585,0.1878939852452846,-1.5552993681422598,1.8210215903644713,bin-hours
normal_patterned,smart,overflow_spilled_kg,2,0.1801515954050643,0.2547728295049925,-2.1088914593601915,2.46919465017032,kg
normal_patterned,smart,distance_km,2,918.214999999999,161.23873088684317,-530.4575205854815,2366.8875205854793,km
normal_patterned,smart,travel_time_hours,2,28.639976388888908,5.759369019280402,-23.105901219129894,80.38585399690771,hours
normal_patterned,smart,service_time_hours,2,44.866666666666546,2.35702260395515,23.689658773042133,66.04367456029095,hours
normal_patterned,smart,depot_unloading_time_hours,2,12.166666666666671,3.0641293851417113,-15.363443595045212,39.696776928378554,hours
normal_patterned,smart,turnaround_time_hours,2,0.0,0.0,0.0,0.0,hours
normal_patterned,smart,idling_time_hours,2,57.03333333333322,5.421151989096863,8.3262151779969,105.74045148866954,hours
normal_patterned,smart,collection_trips,2,36.5,9.192388155425117,-46.09033078513551,119.0903307851355,count
normal_patterned,smart,collection_stops,2,336.5,17.67766952966369,177.67244079781634,495.3275592021837,count
normal_patterned,smart,wasted_pickups,2,49.0,7.0710678118654755,-14.531023680873467,112.53102368087346,count
normal_patterned,smart,base_driving_fuel_l,2,413.19674999999984,72.55742889907972,-238.70588426346922,1065.099384263469,litres
normal_patterned,smart,traffic_fuel_penalty_l,2,42.42699000000002,22.0623891823268,-155.79571226952763,240.64969226952766,litres
normal_patterned,smart,payload_fuel_penalty_l,2,11.369473409269228,0.2470320731813396,9.149978290740794,13.588968527797661,litres
normal_patterned,smart,driving_fuel_l,2,466.9932134092691,94.86685015458791,-385.3516182422564,1319.3380450607947,litres
normal_patterned,smart,collection_idle_fuel_l,2,134.60000000000082,7.071067811865576,71.06897631912645,198.1310236808752,litres
normal_patterned,smart,depot_idle_fuel_l,2,36.5,9.192388155425117,-46.09033078513551,119.0903307851355,litres
normal_patterned,smart,fuel_l,2,638.09321340927,111.13030612187859,-360.37297270826525,1636.5593995268052,litres
normal_patterned,smart,co2_kg,2,1710.0898119368437,297.8292204066347,-965.7995668581514,4385.979190731839,kg
normal_patterned,smart,collected_kg,2,102544.79404788045,5658.0943806975565,51708.832966370144,153380.75512939075,kg
normal_patterned,smart,mean_fill_at_collection_pct,2,62.38628507520253,0.1504905724931007,61.03418092641131,63.73838922399375,%
normal_patterned,smart,truck_utilization_pct,2,32.014464107355174,6.340319597853432,-24.951047358905925,88.97997557361627,%
normal_patterned,smart,unserved_required_bins,2,0.0,0.0,0.0,0.0,count
normal_patterned,smart,inspection_events,2,397.5,120.91525958289962,-688.8805049429361,1483.880504942936,count
normal_patterned,smart,routing_fallbacks,2,0.0,0.0,0.0,0.0,count
normal_patterned,smart,overflow_incidents_post_warmup,2,0.5,0.7071067811865476,-5.853102368087347,6.853102368087347,count
normal_patterned,smart,overflow_bin_hours_post_warmup,2,0.13286111111110585,0.1878939852452846,-1.5552993681422598,1.8210215903644713,bin-hours
normal_patterned,smart,overflow_spilled_kg_post_warmup,2,0.1801515954050643,0.2547728295049925,-2.1088914593601915,2.46919465017032,kg
normal_patterned,smart,distance_km_post_warmup,2,918.214999999999,161.23873088684317,-530.4575205854815,2366.8875205854793,km
normal_patterned,smart,travel_time_hours_post_warmup,2,28.639976388888908,5.759369019280402,-23.105901219129894,80.38585399690771,hours
normal_patterned,smart,service_time_hours_post_warmup,2,44.866666666666546,2.35702260395515,23.689658773042133,66.04367456029095,hours
normal_patterned,smart,depot_unloading_time_hours_post_warmup,2,12.166666666666671,3.0641293851417113,-15.363443595045212,39.696776928378554,hours
normal_patterned,smart,turnaround_time_hours_post_warmup,2,0.0,0.0,0.0,0.0,hours
normal_patterned,smart,idling_time_hours_post_warmup,2,57.03333333333322,5.421151989096863,8.3262151779969,105.74045148866954,hours
normal_patterned,smart,collection_trips_post_warmup,2,36.5,9.192388155425117,-46.09033078513551,119.0903307851355,count
normal_patterned,smart,collection_stops_post_warmup,2,336.5,17.67766952966369,177.67244079781634,495.3275592021837,count
normal_patterned,smart,wasted_pickups_post_warmup,2,49.0,7.0710678118654755,-14.531023680873467,112.53102368087346,count
normal_patterned,smart,base_driving_fuel_l_post_warmup,2,413.19674999999984,72.55742889907972,-238.70588426346922,1065.099384263469,litres
normal_patterned,smart,traffic_fuel_penalty_l_post_warmup,2,42.42699000000002,22.0623891823268,-155.79571226952763,240.64969226952766,litres
normal_patterned,smart,payload_fuel_penalty_l_post_warmup,2,11.369473409269228,0.2470320731813396,9.149978290740794,13.588968527797661,litres
normal_patterned,smart,driving_fuel_l_post_warmup,2,466.9932134092691,94.86685015458791,-385.3516182422564,1319.3380450607947,litres
normal_patterned,smart,collection_idle_fuel_l_post_warmup,2,134.60000000000082,7.071067811865576,71.06897631912645,198.1310236808752,litres
normal_patterned,smart,depot_idle_fuel_l_post_warmup,2,36.5,9.192388155425117,-46.09033078513551,119.0903307851355,litres
normal_patterned,smart,fuel_l_post_warmup,2,638.09321340927,111.13030612187859,-360.37297270826525,1636.5593995268052,litres
normal_patterned,smart,co2_kg_post_warmup,2,1710.0898119368437,297.8292204066347,-965.7995668581514,4385.979190731839,kg
normal_patterned,smart,collected_kg_post_warmup,2,102544.79404788045,5658.0943806975565,51708.832966370144,153380.75512939075,kg
normal_patterned,smart,mean_fill_at_collection_pct_post_warmup,2,62.38628507520253,0.1504905724931007,61.03418092641131,63.73838922399375,%
normal_patterned,smart,truck_utilization_pct_post_warmup,2,32.014464107355174,6.340319597853432,-24.951047358905925,88.97997557361627,%
normal_patterned,smart,unserved_required_bins_post_warmup,2,0.0,0.0,0.0,0.0,count
normal_patterned,smart,inspection_events_post_warmup,2,374.0,120.20815280171308,-706.027402574849,1454.027402574849,count
normal_patterned,smart,routing_fallbacks_post_warmup,2,0.0,0.0,0.0,0.0,count
normal_patterned,smart,uncollected_kg_at_horizon,2,8091.512688703198,782.5307673508219,1060.7526911602754,15122.27268624612,kg
normal_patterned,smart,unfinished_trip_count,2,0.0,0.0,0.0,0.0,count
persistent_multi_day_surge,fixed,overflow_incidents,2,38.0,15.556349186104045,-101.76825209792162,177.76825209792162,count
persistent_multi_day_surge,fixed,overflow_bin_hours,2,502.4940437500006,124.97247428385914,-620.3390890142273,1625.3271765142285,bin-hours
persistent_multi_day_surge,fixed,overflow_spilled_kg,2,3300.4331554536693,79.33588126139061,2587.628543015558,4013.2377678917805,kg
persistent_multi_day_surge,fixed,distance_km,2,603.9894999999996,1.965049744917413,586.3342285190848,621.6447714809143,km
persistent_multi_day_surge,fixed,travel_time_hours,2,21.540800000000004,0.07636163981163743,20.854717886766302,22.226882113233707,hours
persistent_multi_day_surge,fixed,service_time_hours,2,52.799999999999855,0.0,52.799999999999855,52.799999999999855,hours
persistent_multi_day_surge,fixed,depot_unloading_time_hours,2,7.166666666666664,0.23570226039551562,5.048965877304218,9.284367456029111,hours
persistent_multi_day_surge,fixed,turnaround_time_hours,2,0.5833333333333333,0.11785113019775789,-0.47551706134789096,1.6421837280145575,hours
persistent_multi_day_surge,fixed,idling_time_hours,2,59.96666666666652,0.23570226039551248,57.8489658773041,62.084367456028936,hours
persistent_multi_day_surge,fixed,collection_trips,2,21.5,0.7071067811865476,15.146897631912653,27.85310236808735,count
persistent_multi_day_surge,fixed,collection_stops,2,395.5,0.7071067811865476,389.1468976319127,401.8531023680873,count
persistent_multi_day_surge,fixed,wasted_pickups,2,152.0,16.97056274847714,-0.47445683409631556,304.4744568340963,count
persistent_multi_day_surge,fixed,base_driving_fuel_l,2,271.79527499999995,0.8842723852127796,263.8504028335888,279.7401471664111,litres
persistent_multi_day_surge,fixed,traffic_fuel_penalty_l,2,46.64737125,0.44527044341402433,42.646775040547666,50.64796745945233,litres
persistent_multi_day_surge,fixed,payload_fuel_penalty_l,2,15.864078879436716,0.8951787328706595,7.821217067082465,23.906940691790968,litres
persistent_multi_day_surge,fixed,driving_fuel_l,2,334.3067251294367,2.224721561497471,314.3183949412189,354.2950553176545,litres
persistent_multi_day_surge,fixed,collection_idle_fuel_l,2,158.40000000000117,0.0,158.40000000000117,158.40000000000117,litres
persistent_multi_day_surge,fixed,depot_idle_fuel_l,2,21.5,0.7071067811865476,15.146897631912653,27.85310236808735,litres
persistent_multi_day_surge,fixed,fuel_l,2,514.2067251294379,2.931828342684059,487.8652925731325,540.5481576857434,litres
persistent_multi_day_surge,fixed,co2_kg,2,1378.0740233468937,7.857299958393236,1307.4789840959954,1448.669062597792,kg
persistent_multi_day_surge,fixed,collected_kg,2,117661.98620544492,7134.607674994395,53560.07950428008,181763.89290660975,kg
persistent_multi_day_surge,fixed,mean_fill_at_collection_pct,2,59.84205985675989,3.879302959239562,24.987905614996002,94.69621409852377,%
persistent_multi_day_surge,fixed,truck_utilization_pct,2,60.77946701979362,1.6881788522999317,45.61178181345959,75.94715222612766,%
persistent_multi_day_surge,fixed,unserved_required_bins,2,0.5,0.7071067811865476,-5.853102368087347,6.853102368087347,count
persistent_multi_day_surge,fixed,inspection_events,2,29.5,7.7781745930520225,-40.38412604896081,99.38412604896081,count
persistent_multi_day_surge,fixed,routing_fallbacks,2,0.0,0.0,0.0,0.0,count
persistent_multi_day_surge,fixed,overflow_incidents_post_warmup,2,38.0,15.556349186104045,-101.76825209792162,177.76825209792162,count
persistent_multi_day_surge,fixed,overflow_bin_hours_post_warmup,2,502.4940437500006,124.97247428385914,-620.3390890142273,1625.3271765142285,bin-hours
persistent_multi_day_surge,fixed,overflow_spilled_kg_post_warmup,2,3300.4331554536693,79.33588126139061,2587.628543015558,4013.2377678917805,kg
persistent_multi_day_surge,fixed,distance_km_post_warmup,2,603.9894999999996,1.965049744917413,586.3342285190848,621.6447714809143,km
persistent_multi_day_surge,fixed,travel_time_hours_post_warmup,2,21.540800000000004,0.07636163981163743,20.854717886766302,22.226882113233707,hours
persistent_multi_day_surge,fixed,service_time_hours_post_warmup,2,52.799999999999855,0.0,52.799999999999855,52.799999999999855,hours
persistent_multi_day_surge,fixed,depot_unloading_time_hours_post_warmup,2,7.166666666666664,0.23570226039551562,5.048965877304218,9.284367456029111,hours
persistent_multi_day_surge,fixed,turnaround_time_hours_post_warmup,2,0.5833333333333333,0.11785113019775789,-0.47551706134789096,1.6421837280145575,hours
persistent_multi_day_surge,fixed,idling_time_hours_post_warmup,2,59.96666666666652,0.23570226039551248,57.8489658773041,62.084367456028936,hours
persistent_multi_day_surge,fixed,collection_trips_post_warmup,2,21.5,0.7071067811865476,15.146897631912653,27.85310236808735,count
persistent_multi_day_surge,fixed,collection_stops_post_warmup,2,395.5,0.7071067811865476,389.1468976319127,401.8531023680873,count
persistent_multi_day_surge,fixed,wasted_pickups_post_warmup,2,152.0,16.97056274847714,-0.47445683409631556,304.4744568340963,count
persistent_multi_day_surge,fixed,base_driving_fuel_l_post_warmup,2,271.79527499999995,0.8842723852127796,263.8504028335888,279.7401471664111,litres
persistent_multi_day_surge,fixed,traffic_fuel_penalty_l_post_warmup,2,46.64737125,0.44527044341402433,42.646775040547666,50.64796745945233,litres
persistent_multi_day_surge,fixed,payload_fuel_penalty_l_post_warmup,2,15.864078879436716,0.8951787328706595,7.821217067082465,23.906940691790968,litres
persistent_multi_day_surge,fixed,driving_fuel_l_post_warmup,2,334.3067251294367,2.224721561497471,314.3183949412189,354.2950553176545,litres
persistent_multi_day_surge,fixed,collection_idle_fuel_l_post_warmup,2,158.40000000000117,0.0,158.40000000000117,158.40000000000117,litres
persistent_multi_day_surge,fixed,depot_idle_fuel_l_post_warmup,2,21.5,0.7071067811865476,15.146897631912653,27.85310236808735,litres
persistent_multi_day_surge,fixed,fuel_l_post_warmup,2,514.2067251294379,2.931828342684059,487.8652925731325,540.5481576857434,litres
persistent_multi_day_surge,fixed,co2_kg_post_warmup,2,1378.0740233468937,7.857299958393236,1307.4789840959954,1448.669062597792,kg
persistent_multi_day_surge,fixed,collected_kg_post_warmup,2,117661.98620544492,7134.607674994395,53560.07950428008,181763.89290660975,kg
persistent_multi_day_surge,fixed,mean_fill_at_collection_pct_post_warmup,2,59.84205985675989,3.879302959239562,24.987905614996002,94.69621409852377,%
persistent_multi_day_surge,fixed,truck_utilization_pct_post_warmup,2,60.77946701979362,1.6881788522999317,45.61178181345959,75.94715222612766,%
persistent_multi_day_surge,fixed,unserved_required_bins_post_warmup,2,0.5,0.7071067811865476,-5.853102368087347,6.853102368087347,count
persistent_multi_day_surge,fixed,inspection_events_post_warmup,2,29.5,7.7781745930520225,-40.38412604896081,99.38412604896081,count
persistent_multi_day_surge,fixed,routing_fallbacks_post_warmup,2,0.0,0.0,0.0,0.0,count
persistent_multi_day_surge,fixed,uncollected_kg_at_horizon,2,8914.824598168285,1449.1174292946068,-4104.9789401878315,21934.6281365244,kg
persistent_multi_day_surge,fixed,unfinished_trip_count,2,0.0,0.0,0.0,0.0,count
persistent_multi_day_surge,smart,overflow_incidents,2,4.5,0.7071067811865476,-1.853102368087347,10.853102368087347,count
persistent_multi_day_surge,smart,overflow_bin_hours,2,12.238227777777805,5.0908034860393245,-33.50082683622574,57.977282391781344,bin-hours
persistent_multi_day_surge,smart,overflow_spilled_kg,2,82.53456246526733,54.15135885185924,-403.9960935971776,569.0652185277122,kg
persistent_multi_day_surge,smart,distance_km,2,1046.9939999999992,97.71225766504436,169.08419616348021,1924.9038038365184,km
persistent_multi_day_surge,smart,travel_time_hours,2,30.441559722222237,3.1644148043834854,2.010420717156439,58.87269872728804,hours
persistent_multi_day_surge,smart,service_time_hours,2,53.133333333333184,2.922708028904386,26.87384354523891,79.39282312142745,hours
persistent_multi_day_surge,smart,depot_unloading_time_hours,2,13.83333333333334,1.649915822768614,-0.99057219220383,28.657238858870507,hours
persistent_multi_day_surge,smart,turnaround_time_hours,2,0.0,0.0,0.0,0.0,hours
persistent_multi_day_surge,smart,idling_time_hours,2,66.96666666666653,4.572623851673003,25.88327135303505,108.05006198029801,hours
persistent_multi_day_surge,smart,collection_trips,2,41.5,4.949747468305833,-2.9717165766114277,85.97171657661143,count
persistent_multi_day_surge,smart,collection_stops,2,398.5,21.920310216782973,201.55382658929227,595.4461734107077,count
persistent_multi_day_surge,smart,wasted_pickups,2,56.0,4.242640687119285,17.88138579147592,94.11861420852408,count
persistent_multi_day_surge,smart,base_driving_fuel_l,2,471.1472999999999,43.97051594926979,76.0878882735679,866.2067117264319,litres
persistent_multi_day_surge,smart,traffic_fuel_penalty_l,2,26.334090000000014,8.381750334871153,-48.97294893382474,101.64112893382477,litres
persistent_multi_day_surge,smart,payload_fuel_penalty_l,2,13.858504285530044,0.881427572601649,5.939191746345543,21.777816824714545,litres
persistent_multi_day_surge,smart,driving_fuel_l,2,511.33989428553,53.23369385674257,33.054131086088944,989.625657484971,litres
persistent_multi_day_surge,smart,collection_idle_fuel_l,2,159.40000000000117,8.768124086713314,80.62153063571695,238.17846936428538,litres
persistent_multi_day_surge,smart,depot_idle_fuel_l,2,41.5,4.949747468305833,-2.9717165766114277,85.97171657661143,litres
persistent_multi_day_surge,smart,fuel_l,2,712.2398942855311,66.95156541176169,110.70394514519467,1313.7758434258676,litres
persistent_multi_day_surge,smart,co2_kg,2,1908.8029166852236,179.4301953035214,296.6865729891215,3520.919260381326,kg
persistent_multi_day_surge,smart,collected_kg,2,124608.48291924724,6704.087720311868,64374.64454435807,184842.3212941364,kg
persistent_multi_day_surge,smart,mean_fill_at_collection_pct,2,63.603437907578595,0.6761070088733588,57.52885744330132,69.67801837185587,%
persistent_multi_day_surge,smart,truck_utilization_pct,2,33.4935690093457,2.199875779506383,13.728469315593973,53.25866870309743,%
persistent_multi_day_surge,smart,unserved_required_bins,2,0.5,0.7071067811865476,-5.853102368087347,6.853102368087347,count
persistent_multi_day_surge,smart,inspection_events,2,401.0,124.45079348883236,-717.1460167833729,1519.146016783373,count
persistent_multi_day_surge,smart,routing_fallbacks,2,0.0,0.0,0.0,0.0,count
persistent_multi_day_surge,smart,overflow_incidents_post_warmup,2,4.5,0.7071067811865476,-1.853102368087347,10.853102368087347,count
persistent_multi_day_surge,smart,overflow_bin_hours_post_warmup,2,12.238227777777805,5.0908034860393245,-33.50082683622574,57.977282391781344,bin-hours
persistent_multi_day_surge,smart,overflow_spilled_kg_post_warmup,2,82.53456246526733,54.15135885185924,-403.9960935971776,569.0652185277122,kg
persistent_multi_day_surge,smart,distance_km_post_warmup,2,1046.9939999999992,97.71225766504436,169.08419616348021,1924.9038038365184,km
persistent_multi_day_surge,smart,travel_time_hours_post_warmup,2,30.441559722222237,3.1644148043834854,2.010420717156439,58.87269872728804,hours
persistent_multi_day_surge,smart,service_time_hours_post_warmup,2,53.133333333333184,2.922708028904386,26.87384354523891,79.39282312142745,hours
persistent_multi_day_surge,smart,depot_unloading_time_hours_post_warmup,2,13.83333333333334,1.649915822768614,-0.99057219220383,28.657238858870507,hours
persistent_multi_day_surge,smart,turnaround_time_hours_post_warmup,2,0.0,0.0,0.0,0.0,hours
persistent_multi_day_surge,smart,idling_time_hours_post_warmup,2,66.96666666666653,4.572623851673003,25.88327135303505,108.05006198029801,hours
persistent_multi_day_surge,smart,collection_trips_post_warmup,2,41.5,4.949747468305833,-2.9717165766114277,85.97171657661143,count
persistent_multi_day_surge,smart,collection_stops_post_warmup,2,398.5,21.920310216782973,201.55382658929227,595.4461734107077,count
persistent_multi_day_surge,smart,wasted_pickups_post_warmup,2,56.0,4.242640687119285,17.88138579147592,94.11861420852408,count
persistent_multi_day_surge,smart,base_driving_fuel_l_post_warmup,2,471.1472999999999,43.97051594926979,76.0878882735679,866.2067117264319,litres
persistent_multi_day_surge,smart,traffic_fuel_penalty_l_post_warmup,2,26.334090000000014,8.381750334871153,-48.97294893382474,101.64112893382477,litres
persistent_multi_day_surge,smart,payload_fuel_penalty_l_post_warmup,2,13.858504285530044,0.881427572601649,5.939191746345543,21.777816824714545,litres
persistent_multi_day_surge,smart,driving_fuel_l_post_warmup,2,511.33989428553,53.23369385674257,33.054131086088944,989.625657484971,litres
persistent_multi_day_surge,smart,collection_idle_fuel_l_post_warmup,2,159.40000000000117,8.768124086713314,80.62153063571695,238.17846936428538,litres
persistent_multi_day_surge,smart,depot_idle_fuel_l_post_warmup,2,41.5,4.949747468305833,-2.9717165766114277,85.97171657661143,litres
persistent_multi_day_surge,smart,fuel_l_post_warmup,2,712.2398942855311,66.95156541176169,110.70394514519467,1313.7758434258676,litres
persistent_multi_day_surge,smart,co2_kg_post_warmup,2,1908.8029166852236,179.4301953035214,296.6865729891215,3520.919260381326,kg
persistent_multi_day_surge,smart,collected_kg_post_warmup,2,124608.48291924724,6704.087720311868,64374.64454435807,184842.3212941364,kg
persistent_multi_day_surge,smart,mean_fill_at_collection_pct_post_warmup,2,63.603437907578595,0.6761070088733588,57.52885744330132,69.67801837185587,%
persistent_multi_day_surge,smart,truck_utilization_pct_post_warmup,2,33.4935690093457,2.199875779506383,13.728469315593973,53.25866870309743,%
persistent_multi_day_surge,smart,unserved_required_bins_post_warmup,2,0.5,0.7071067811865476,-5.853102368087347,6.853102368087347,count
persistent_multi_day_surge,smart,inspection_events_post_warmup,2,377.5,123.74368670764582,-734.2929144152856,1489.2929144152856,count
persistent_multi_day_surge,smart,routing_fallbacks_post_warmup,2,0.0,0.0,0.0,0.0,count
persistent_multi_day_surge,smart,uncollected_kg_at_horizon,2,5186.226477354341,885.110234498785,-2766.173466225151,13138.626420933833,kg
persistent_multi_day_surge,smart,unfinished_trip_count,2,0.0,0.0,0.0,0.0,count
reduced_truck_capacity,fixed,overflow_incidents,2,1.5,0.7071067811865476,-4.853102368087347,7.853102368087347,count
reduced_truck_capacity,fixed,overflow_bin_hours,2,11.871609027777806,0.8021763058243271,4.6643408700544065,19.078877185501206,bin-hours
reduced_truck_capacity,fixed,overflow_spilled_kg,2,71.3972788351345,42.57927854417551,-311.16236073801025,453.95691840827925,kg
reduced_truck_capacity,fixed,distance_km,2,627.5834999999996,6.79741748754616,566.5111269355771,688.6558730644222,km
reduced_truck_capacity,fixed,travel_time_hours,2,22.06651875,0.17187114200215817,20.522317805656744,23.610719694343256,hours
reduced_truck_capacity,fixed,service_time_hours,2,52.799999999999855,0.0,52.799999999999855,52.799999999999855,hours
reduced_truck_capacity,fixed,depot_unloading_time_hours,2,8.666666666666664,0.4714045207910325,4.431265087941759,12.902068245391568,hours
reduced_truck_capacity,fixed,turnaround_time_hours,2,1.3333333333333333,0.23570226039551595,-0.7843674560291165,3.4510341226957832,hours
reduced_truck_capacity,fixed,idling_time_hours,2,61.46666666666652,0.471404520791035,57.231265087941594,65.70206824539144,hours
reduced_truck_capacity,fixed,collection_trips,2,26.0,1.4142135623730951,13.293795263825306,38.7062047361747,count
reduced_truck_capacity,fixed,collection_stops,2,396.0,0.0,396.0,396.0,count
reduced_truck_capacity,fixed,wasted_pickups,2,197.0,21.213203435596427,6.40692895737962,387.5930710426204,count
reduced_truck_capacity,fixed,base_driving_fuel_l,2,282.4125749999999,3.0588378693958687,254.93000712100886,309.8951428789909,litres
reduced_truck_capacity,fixed,traffic_fuel_penalty_l,2,45.830340000000014,0.27295028860582843,43.37797895489454,48.28270104510549,litres
reduced_truck_capacity,fixed,payload_fuel_penalty_l,2,19.237246905195956,0.8741144316131286,11.383640330893254,27.09085347949866,litres
reduced_truck_capacity,fixed,driving_fuel_l,2,347.48016190519587,4.20590258961481,309.6916264067968,385.26869740359496,litres
reduced_truck_capacity,fixed,collection_idle_fuel_l,2,158.40000000000117,0.0,158.40000000000117,158.40000000000117,litres
reduced_truck_capacity,fixed,depot_idle_fuel_l,2,26.0,1.4142135623730951,13.293795263825306,38.7062047361747,litres
reduced_truck_capacity,fixed,fuel_l,2,531.880161905197,5.620116151987905,481.38542167062326,582.3749021397708,litres
reduced_truck_capacity,fixed,co2_kg,2,1425.4388339059283,15.06191128732749,1290.1129300772714,1560.7647377345852,kg
reduced_truck_capacity,fixed,collected_kg,2,101694.33387554082,6376.98290797054,44399.4156371709,158989.25211391074,kg
reduced_truck_capacity,fixed,mean_fill_at_collection_pct,2,52.07330442923305,3.22121573082653,23.131829347783814,81.01477951068227,%
reduced_truck_capacity,fixed,truck_utilization_pct,2,66.84503888335105,0.5567343950350523,61.84297880190524,71.84709896479686,%
reduced_truck_capacity,fixed,unserved_required_bins,2,0.0,0.0,0.0,0.0,count
reduced_truck_capacity,fixed,inspection_events,2,30.5,7.7781745930520225,-39.38412604896081,100.38412604896081,count
reduced_truck_capacity,fixed,routing_fallbacks,2,0.0,0.0,0.0,0.0,count
reduced_truck_capacity,fixed,overflow_incidents_post_warmup,2,1.5,0.7071067811865476,-4.853102368087347,7.853102368087347,count
reduced_truck_capacity,fixed,overflow_bin_hours_post_warmup,2,11.871609027777806,0.8021763058243271,4.6643408700544065,19.078877185501206,bin-hours
reduced_truck_capacity,fixed,overflow_spilled_kg_post_warmup,2,71.3972788351345,42.57927854417551,-311.16236073801025,453.95691840827925,kg
reduced_truck_capacity,fixed,distance_km_post_warmup,2,627.5834999999996,6.79741748754616,566.5111269355771,688.6558730644222,km
reduced_truck_capacity,fixed,travel_time_hours_post_warmup,2,22.06651875,0.17187114200215817,20.522317805656744,23.610719694343256,hours
reduced_truck_capacity,fixed,service_time_hours_post_warmup,2,52.799999999999855,0.0,52.799999999999855,52.799999999999855,hours
reduced_truck_capacity,fixed,depot_unloading_time_hours_post_warmup,2,8.666666666666664,0.4714045207910325,4.431265087941759,12.902068245391568,hours
reduced_truck_capacity,fixed,turnaround_time_hours_post_warmup,2,1.3333333333333333,0.23570226039551595,-0.7843674560291165,3.4510341226957832,hours
reduced_truck_capacity,fixed,idling_time_hours_post_warmup,2,61.46666666666652,0.471404520791035,57.231265087941594,65.70206824539144,hours
reduced_truck_capacity,fixed,collection_trips_post_warmup,2,26.0,1.4142135623730951,13.293795263825306,38.7062047361747,count
reduced_truck_capacity,fixed,collection_stops_post_warmup,2,396.0,0.0,396.0,396.0,count
reduced_truck_capacity,fixed,wasted_pickups_post_warmup,2,197.0,21.213203435596427,6.40692895737962,387.5930710426204,count
reduced_truck_capacity,fixed,base_driving_fuel_l_post_warmup,2,282.4125749999999,3.0588378693958687,254.93000712100886,309.8951428789909,litres
reduced_truck_capacity,fixed,traffic_fuel_penalty_l_post_warmup,2,45.830340000000014,0.27295028860582843,43.37797895489454,48.28270104510549,litres
reduced_truck_capacity,fixed,payload_fuel_penalty_l_post_warmup,2,19.237246905195956,0.8741144316131286,11.383640330893254,27.09085347949866,litres
reduced_truck_capacity,fixed,driving_fuel_l_post_warmup,2,347.48016190519587,4.20590258961481,309.6916264067968,385.26869740359496,litres
reduced_truck_capacity,fixed,collection_idle_fuel_l_post_warmup,2,158.40000000000117,0.0,158.40000000000117,158.40000000000117,litres
reduced_truck_capacity,fixed,depot_idle_fuel_l_post_warmup,2,26.0,1.4142135623730951,13.293795263825306,38.7062047361747,litres
reduced_truck_capacity,fixed,fuel_l_post_warmup,2,531.880161905197,5.620116151987905,481.38542167062326,582.3749021397708,litres
reduced_truck_capacity,fixed,co2_kg_post_warmup,2,1425.4388339059283,15.06191128732749,1290.1129300772714,1560.7647377345852,kg
reduced_truck_capacity,fixed,collected_kg_post_warmup,2,101694.33387554082,6376.98290797054,44399.4156371709,158989.25211391074,kg
reduced_truck_capacity,fixed,mean_fill_at_collection_pct_post_warmup,2,52.07330442923305,3.22121573082653,23.131829347783814,81.01477951068227,%
reduced_truck_capacity,fixed,truck_utilization_pct_post_warmup,2,66.84503888335105,0.5567343950350523,61.84297880190524,71.84709896479686,%
reduced_truck_capacity,fixed,unserved_required_bins_post_warmup,2,0.0,0.0,0.0,0.0,count
reduced_truck_capacity,fixed,inspection_events_post_warmup,2,30.5,7.7781745930520225,-39.38412604896081,100.38412604896081,count
reduced_truck_capacity,fixed,routing_fallbacks_post_warmup,2,0.0,0.0,0.0,0.0,count
reduced_truck_capacity,fixed,uncollected_kg_at_horizon,2,8870.75573380305,1459.094788909165,-4238.690824081379,21980.202291687478,kg
reduced_truck_capacity,fixed,unfinished_trip_count,2,0.0,0.0,0.0,0.0,count
reduced_truck_capacity,smart,overflow_incidents,2,0.5,0.7071067811865476,-5.853102368087347,6.853102368087347,count
reduced_truck_capacity,smart,overflow_bin_hours,2,0.6328611111111059,0.8950007664318321,-7.408401736229605,8.674123958451817,bin-hours
reduced_truck_capacity,smart,overflow_spilled_kg,2,0.9978361949608114,1.4111534799403433,-11.680874791376786,13.676547181298409,kg
reduced_truck_capacity,smart,distance_km,2,935.2274999999993,157.0321526455645,-475.6504145977308,2346.1054145977296,km
reduced_truck_capacity,smart,travel_time_hours,2,29.092964583333348,5.604199346612765,-21.25876882877506,79.44469799544176,hours
reduced_truck_capacity,smart,service_time_hours,2,44.999999999999886,1.602775370689502,30.599634632335285,59.40036536766449,hours
reduced_truck_capacity,smart,depot_unloading_time_hours,2,12.333333333333337,2.828427124746195,-13.079076139016097,37.745742805682774,hours
reduced_truck_capacity,smart,turnaround_time_hours,2,0.0,0.0,0.0,0.0,hours
reduced_truck_capacity,smart,idling_time_hours,2,57.33333333333322,4.431202495435697,17.520558493319193,97.14610817334724,hours
reduced_truck_capacity,smart,collection_trips,2,37.0,8.48528137423857,-39.23722841704816,113.23722841704816,count
reduced_truck_capacity,smart,collection_stops,2,337.5,12.020815280171307,229.4972597425151,445.5027402574849,count
reduced_truck_capacity,smart,wasted_pickups,2,48.0,2.8284271247461903,22.58759052765061,73.4124094723494,count
reduced_truck_capacity,smart,base_driving_fuel_l,2,420.8523749999998,70.66446869050435,-214.0426865689816,1055.7474365689814,litres
reduced_truck_capacity,smart,traffic_fuel_penalty_l,2,41.368241250000025,24.044333476013712,-174.66152399877183,257.3980064987719,litres
reduced_truck_capacity,smart,payload_fuel_penalty_l,2,17.488581373413005,0.1617604531311541,16.03522136443963,18.941941382386382,litres
reduced_truck_capacity,smart,driving_fuel_l,2,479.70919762341293,94.87056261964925,-372.668989203314,1332.0873844501398,litres
reduced_truck_capacity,smart,collection_idle_fuel_l,2,135.00000000000085,4.808326112068592,91.79890389700628,178.20109610299542,litres
reduced_truck_capacity,smart,depot_idle_fuel_l,2,37.0,8.48528137423857,-39.23722841704816,113.23722841704816,litres
reduced_truck_capacity,smart,fuel_l,2,651.7091976234137,108.16417010595644,-320.10731372335624,1623.5257089701836,litres
reduced_truck_capacity,smart,co2_kg,2,1746.580649630749,289.87997588396325,-857.8876007785946,4351.048900040092,kg
reduced_truck_capacity,smart,collected_kg,2,104107.05532159517,4069.6731308507156,67542.49294876156,140671.61769442877,kg
reduced_truck_capacity,smart,mean_fill_at_collection_pct,2,62.94283032129172,0.06901134078894434,62.322788024631215,63.56287261795223,%
reduced_truck_capacity,smart,truck_utilization_pct,2,49.17504871206003,9.397217914807927,-35.25560444589455,133.60570187001463,%
reduced_truck_capacity,smart,unserved_required_bins,2,0.0,0.0,0.0,0.0,count
reduced_truck_capacity,smart,inspection_events,2,397.0,121.62236636408618,-695.7336073110237,1489.7336073110237,count
reduced_truck_capacity,smart,routing_fallbacks,2,0.0,0.0,0.0,0.0,count
reduced_truck_capacity,smart,overflow_incidents_post_warmup,2,0.5,0.7071067811865476,-5.853102368087347,6.853102368087347,count
reduced_truck_capacity,smart,overflow_bin_hours_post_warmup,2,0.6328611111111059,0.8950007664318321,-7.408401736229605,8.674123958451817,bin-hours
reduced_truck_capacity,smart,overflow_spilled_kg_post_warmup,2,0.9978361949608114,1.4111534799403433,-11.680874791376786,13.676547181298409,kg
reduced_truck_capacity,smart,distance_km_post_warmup,2,935.2274999999993,157.0321526455645,-475.6504145977308,2346.1054145977296,km
reduced_truck_capacity,smart,travel_time_hours_post_warmup,2,29.092964583333348,5.604199346612765,-21.25876882877506,79.44469799544176,hours
reduced_truck_capacity,smart,service_time_hours_post_warmup,2,44.999999999999886,1.602775370689502,30.599634632335285,59.40036536766449,hours
reduced_truck_capacity,smart,depot_unloading_time_hours_post_warmup,2,12.333333333333337,2.828427124746195,-13.079076139016097,37.745742805682774,hours
reduced_truck_capacity,smart,turnaround_time_hours_post_warmup,2,0.0,0.0,0.0,0.0,hours
reduced_truck_capacity,smart,idling_time_hours_post_warmup,2,57.33333333333322,4.431202495435697,17.520558493319193,97.14610817334724,hours
reduced_truck_capacity,smart,collection_trips_post_warmup,2,37.0,8.48528137423857,-39.23722841704816,113.23722841704816,count
reduced_truck_capacity,smart,collection_stops_post_warmup,2,337.5,12.020815280171307,229.4972597425151,445.5027402574849,count
reduced_truck_capacity,smart,wasted_pickups_post_warmup,2,48.0,2.8284271247461903,22.58759052765061,73.4124094723494,count
reduced_truck_capacity,smart,base_driving_fuel_l_post_warmup,2,420.8523749999998,70.66446869050435,-214.0426865689816,1055.7474365689814,litres
reduced_truck_capacity,smart,traffic_fuel_penalty_l_post_warmup,2,41.368241250000025,24.044333476013712,-174.66152399877183,257.3980064987719,litres
reduced_truck_capacity,smart,payload_fuel_penalty_l_post_warmup,2,17.488581373413005,0.1617604531311541,16.03522136443963,18.941941382386382,litres
reduced_truck_capacity,smart,driving_fuel_l_post_warmup,2,479.70919762341293,94.87056261964925,-372.668989203314,1332.0873844501398,litres
reduced_truck_capacity,smart,collection_idle_fuel_l_post_warmup,2,135.00000000000085,4.808326112068592,91.79890389700628,178.20109610299542,litres
reduced_truck_capacity,smart,depot_idle_fuel_l_post_warmup,2,37.0,8.48528137423857,-39.23722841704816,113.23722841704816,litres
reduced_truck_capacity,smart,fuel_l_post_warmup,2,651.7091976234137,108.16417010595644,-320.10731372335624,1623.5257089701836,litres
reduced_truck_capacity,smart,co2_kg_post_warmup,2,1746.580649630749,289.87997588396325,-857.8876007785946,4351.048900040092,kg
reduced_truck_capacity,smart,collected_kg_post_warmup,2,104107.05532159517,4069.6731308507156,67542.49294876156,140671.61769442877,kg
reduced_truck_capacity,smart,mean_fill_at_collection_pct_post_warmup,2,62.94283032129172,0.06901134078894434,62.322788024631215,63.56287261795223,%
reduced_truck_capacity,smart,truck_utilization_pct_post_warmup,2,49.17504871206003,9.397217914807927,-35.25560444589455,133.60570187001463,%
reduced_truck_capacity,smart,unserved_required_bins_post_warmup,2,0.0,0.0,0.0,0.0,count
reduced_truck_capacity,smart,inspection_events_post_warmup,2,373.5,120.91525958289962,-712.8805049429361,1459.880504942936,count
reduced_truck_capacity,smart,routing_fallbacks_post_warmup,2,0.0,0.0,0.0,0.0,count
reduced_truck_capacity,smart,uncollected_kg_at_horizon,2,6528.433730388906,807.0468631463889,-722.5946486758485,13779.46210945366,kg
reduced_truck_capacity,smart,unfinished_trip_count,2,0.0,0.0,0.0,0.0,count
sensor_failure,fixed,overflow_incidents,2,1.5,0.7071067811865476,-4.853102368087347,7.853102368087347,count
sensor_failure,fixed,overflow_bin_hours,2,11.871609027777806,0.8021763058243271,4.6643408700544065,19.078877185501206,bin-hours
sensor_failure,fixed,overflow_spilled_kg,2,71.3972788351345,42.57927854417551,-311.16236073801025,453.95691840827925,kg
sensor_failure,fixed,distance_km,2,593.3479999999997,1.1398561312726907,583.1067989826431,603.5892010173563,km
sensor_failure,fixed,travel_time_hours,2,21.276258333333338,0.03557925620670352,20.95659139917907,21.595925267487605,hours
sensor_failure,fixed,service_time_hours,2,52.799999999999855,0.0,52.799999999999855,52.799999999999855,hours
sensor_failure,fixed,depot_unloading_time_hours,2,6.166666666666664,0.23570226039551562,4.048965877304218,8.284367456029111,hours
sensor_failure,fixed,turnaround_time_hours,2,0.08333333333333333,0.11785113019775792,-0.9755170613478911,1.1421837280145577,hours
sensor_failure,fixed,idling_time_hours,2,58.96666666666652,0.23570226039551248,56.8489658773041,61.084367456028936,hours
sensor_failure,fixed,collection_trips,2,18.5,0.7071067811865476,12.146897631912653,24.85310236808735,count
sensor_failure,fixed,collection_stops,2,396.0,0.0,396.0,396.0,count
sensor_failure,fixed,wasted_pickups,2,199.5,23.33452377915607,-10.152378146882455,409.1523781468825,count
sensor_failure,fixed,base_driving_fuel_l,2,267.00659999999993,0.5129352590727069,262.3980595421895,271.61514045781036,litres
sensor_failure,fixed,traffic_fuel_penalty_l,2,47.1369375,0.2643271214092446,44.76205253827347,49.51182246172653,litres
sensor_failure,fixed,payload_fuel_penalty_l,2,14.511992019042278,1.0164584095325202,5.3794755441936175,23.64450849389094,litres
sensor_failure,fixed,driving_fuel_l,2,328.6555295190422,0.7678502718690328,321.75666854027764,335.55439049780676,litres
sensor_failure,fixed,collection_idle_fuel_l,2,158.40000000000117,0.0,158.40000000000117,158.40000000000117,litres
sensor_failure,fixed,depot_idle_fuel_l,2,18.5,0.7071067811865476,12.146897631912653,24.85310236808735,litres
sensor_failure,fixed,fuel_l,2,505.5555295190434,0.06074349068248519,505.0097709083662,506.10128812972056,litres
sensor_failure,fixed,co2_kg,2,1354.8888191110364,0.1627925550290571,1353.4261860344216,1356.3514521876511,kg
sensor_failure,fixed,collected_kg,2,101650.26501117567,6367.0055483560145,44444.98979233376,158855.54023001756,kg
sensor_failure,fixed,mean_fill_at_collection_pct,2,52.050491081895984,3.2215794722195756,23.105747913692365,80.9952342500996,%
sensor_failure,fixed,truck_utilization_pct,2,61.168972680516475,6.162027106673108,5.805355691959555,116.53258966907339,%
sensor_failure,fixed,unserved_required_bins,2,0.0,0.0,0.0,0.0,count
sensor_failure,fixed,inspection_events,2,178.0,12.727922061357855,63.64415737442776,292.3558426255722,count
sensor_failure,fixed,routing_fallbacks,2,0.0,0.0,0.0,0.0,count
sensor_failure,fixed,overflow_incidents_post_warmup,2,1.5,0.7071067811865476,-4.853102368087347,7.853102368087347,count
sensor_failure,fixed,overflow_bin_hours_post_warmup,2,11.871609027777806,0.8021763058243271,4.6643408700544065,19.078877185501206,bin-hours
sensor_failure,fixed,overflow_spilled_kg_post_warmup,2,71.3972788351345,42.57927854417551,-311.16236073801025,453.95691840827925,kg
sensor_failure,fixed,distance_km_post_warmup,2,593.3479999999997,1.1398561312726907,583.1067989826431,603.5892010173563,km
sensor_failure,fixed,travel_time_hours_post_warmup,2,21.276258333333338,0.03557925620670352,20.95659139917907,21.595925267487605,hours
sensor_failure,fixed,service_time_hours_post_warmup,2,52.799999999999855,0.0,52.799999999999855,52.799999999999855,hours
sensor_failure,fixed,depot_unloading_time_hours_post_warmup,2,6.166666666666664,0.23570226039551562,4.048965877304218,8.284367456029111,hours
sensor_failure,fixed,turnaround_time_hours_post_warmup,2,0.08333333333333333,0.11785113019775792,-0.9755170613478911,1.1421837280145577,hours
sensor_failure,fixed,idling_time_hours_post_warmup,2,58.96666666666652,0.23570226039551248,56.8489658773041,61.084367456028936,hours
sensor_failure,fixed,collection_trips_post_warmup,2,18.5,0.7071067811865476,12.146897631912653,24.85310236808735,count
sensor_failure,fixed,collection_stops_post_warmup,2,396.0,0.0,396.0,396.0,count
sensor_failure,fixed,wasted_pickups_post_warmup,2,199.5,23.33452377915607,-10.152378146882455,409.1523781468825,count
sensor_failure,fixed,base_driving_fuel_l_post_warmup,2,267.00659999999993,0.5129352590727069,262.3980595421895,271.61514045781036,litres
sensor_failure,fixed,traffic_fuel_penalty_l_post_warmup,2,47.1369375,0.2643271214092446,44.76205253827347,49.51182246172653,litres
sensor_failure,fixed,payload_fuel_penalty_l_post_warmup,2,14.511992019042278,1.0164584095325202,5.3794755441936175,23.64450849389094,litres
sensor_failure,fixed,driving_fuel_l_post_warmup,2,328.6555295190422,0.7678502718690328,321.75666854027764,335.55439049780676,litres
sensor_failure,fixed,collection_idle_fuel_l_post_warmup,2,158.40000000000117,0.0,158.40000000000117,158.40000000000117,litres
sensor_failure,fixed,depot_idle_fuel_l_post_warmup,2,18.5,0.7071067811865476,12.146897631912653,24.85310236808735,litres
sensor_failure,fixed,fuel_l_post_warmup,2,505.5555295190434,0.06074349068248519,505.0097709083662,506.10128812972056,litres
sensor_failure,fixed,co2_kg_post_warmup,2,1354.8888191110364,0.1627925550290571,1353.4261860344216,1356.3514521876511,kg
sensor_failure,fixed,collected_kg_post_warmup,2,101650.26501117567,6367.0055483560145,44444.98979233376,158855.54023001756,kg
sensor_failure,fixed,mean_fill_at_collection_pct_post_warmup,2,52.050491081895984,3.2215794722195756,23.105747913692365,80.9952342500996,%
sensor_failure,fixed,truck_utilization_pct_post_warmup,2,61.168972680516475,6.162027106673108,5.805355691959555,116.53258966907339,%
sensor_failure,fixed,unserved_required_bins_post_warmup,2,0.0,0.0,0.0,0.0,count
sensor_failure,fixed,inspection_events_post_warmup,2,178.0,12.727922061357855,63.64415737442776,292.3558426255722,count
sensor_failure,fixed,routing_fallbacks_post_warmup,2,0.0,0.0,0.0,0.0,count
sensor_failure,fixed,uncollected_kg_at_horizon,2,8914.824598168285,1449.1174292946068,-4104.9789401878315,21934.6281365244,kg
sensor_failure,fixed,unfinished_trip_count,2,0.0,0.0,0.0,0.0,count
sensor_failure,smart,overflow_incidents,2,0.0,0.0,0.0,0.0,count
sensor_failure,smart,overflow_bin_hours,2,0.0,0.0,0.0,0.0,bin-hours
sensor_failure,smart,overflow_spilled_kg,2,0.0,0.0,0.0,0.0,kg
sensor_failure,smart,distance_km,2,921.731999999999,0.0,921.731999999999,921.731999999999,km
sensor_failure,smart,travel_time_hours,2,33.05726666666666,0.0,33.05726666666666,33.05726666666666,hours
sensor_failure,smart,service_time_hours,2,82.13333333333405,0.0,82.13333333333405,82.13333333333405,hours
sensor_failure,smart,depot_unloading_time_hours,2,9.333333333333332,0.0,9.333333333333332,9.333333333333332,hours
sensor_failure,smart,turnaround_time_hours,2,0.0,0.0,0.0,0.0,hours
sensor_failure,smart,idling_time_hours,2,91.46666666666738,0.0,91.46666666666738,91.46666666666738,hours
sensor_failure,smart,collection_trips,2,28.0,0.0,28.0,28.0,count
sensor_failure,smart,collection_stops,2,616.0,0.0,616.0,616.0,count
sensor_failure,smart,wasted_pickups,2,531.5,24.748737341529164,309.1414171169429,753.8585828830571,count
sensor_failure,smart,base_driving_fuel_l,2,414.7794000000001,0.0,414.7794000000001,414.7794000000001,litres
sensor_failure,smart,traffic_fuel_penalty_l,2,73.61487,0.0,73.61487,73.61487,litres
sensor_failure,smart,payload_fuel_penalty_l,2,15.040021914617727,0.8889786607124276,7.0528655404784475,23.027178288757007,litres
sensor_failure,smart,driving_fuel_l,2,503.4342919146178,0.8889786607124125,495.44713554047866,511.42144828875695,litres
sensor_failure,smart,collection_idle_fuel_l,2,246.40000000000242,0.0,246.40000000000242,246.40000000000242,litres
sensor_failure,smart,depot_idle_fuel_l,2,28.0,0.0,28.0,28.0,litres
sensor_failure,smart,fuel_l,2,777.8342919146203,0.8889786607124527,769.8471355404807,785.8214482887598,litres
sensor_failure,smart,co2_kg,2,2084.5959023311825,2.382462810709412,2063.1903232484883,2106.0014814138767,kg
sensor_failure,smart,collected_kg,2,104843.06302209964,5918.302925519047,51669.2209213634,158016.9051228359,kg
sensor_failure,smart,mean_fill_at_collection_pct,2,34.52489594038876,1.929269270310492,17.191099269226363,51.858692611551156,%
sensor_failure,smart,truck_utilization_pct,2,41.60439008813478,2.348532906952,20.503659095779152,62.7051210804904,%
sensor_failure,smart,unserved_required_bins,2,0.0,0.0,0.0,0.0,count
sensor_failure,smart,inspection_events,2,2392.5,101.1162697096763,1484.0063613635093,3300.9936386364907,count
sensor_failure,smart,routing_fallbacks,2,0.0,0.0,0.0,0.0,count
sensor_failure,smart,overflow_incidents_post_warmup,2,0.0,0.0,0.0,0.0,count
sensor_failure,smart,overflow_bin_hours_post_warmup,2,0.0,0.0,0.0,0.0,bin-hours
sensor_failure,smart,overflow_spilled_kg_post_warmup,2,0.0,0.0,0.0,0.0,kg
sensor_failure,smart,distance_km_post_warmup,2,855.8939999999991,0.0,855.8939999999991,855.8939999999991,km
sensor_failure,smart,travel_time_hours_post_warmup,2,30.69603333333333,0.0,30.69603333333333,30.69603333333333,hours
sensor_failure,smart,service_time_hours_post_warmup,2,76.26666666666709,0.0,76.26666666666709,76.26666666666709,hours
sensor_failure,smart,depot_unloading_time_hours_post_warmup,2,8.666666666666664,0.0,8.666666666666664,8.666666666666664,hours
sensor_failure,smart,turnaround_time_hours_post_warmup,2,0.0,0.0,0.0,0.0,hours
sensor_failure,smart,idling_time_hours_post_warmup,2,84.93333333333376,0.0,84.93333333333376,84.93333333333376,hours
sensor_failure,smart,collection_trips_post_warmup,2,26.0,0.0,26.0,26.0,count
sensor_failure,smart,collection_stops_post_warmup,2,572.0,0.0,572.0,572.0,count
sensor_failure,smart,wasted_pickups_post_warmup,2,497.5,14.849242404917497,364.0848502701657,630.9151497298343,count
sensor_failure,smart,base_driving_fuel_l_post_warmup,2,385.1523000000001,0.0,385.1523000000001,385.1523000000001,litres
sensor_failure,smart,traffic_fuel_penalty_l_post_warmup,2,68.35666499999998,0.0,68.35666499999998,68.35666499999998,litres
sensor_failure,smart,payload_fuel_penalty_l_post_warmup,2,13.929904852667086,0.7521121656288575,7.172445148340746,20.687364556993426,litres
sensor_failure,smart,driving_fuel_l_post_warmup,2,467.43886985266715,0.75211216562884,460.68141014834094,474.19632955699336,litres
sensor_failure,smart,collection_idle_fuel_l_post_warmup,2,228.80000000000217,0.0,228.80000000000217,228.80000000000217,litres
sensor_failure,smart,depot_idle_fuel_l_post_warmup,2,26.0,0.0,26.0,26.0,litres
sensor_failure,smart,fuel_l_post_warmup,2,722.2388698526693,0.7521121656287998,715.4814101483435,728.9963295569951,litres
sensor_failure,smart,co2_kg_post_warmup,2,1935.6001712051539,2.0156606038853186,1917.4901791975594,1953.7101632127483,kg
sensor_failure,smart,collected_kg_post_warmup,2,96904.51236891098,5074.495760984091,51311.976851348096,142497.04788647385,kg
sensor_failure,smart,mean_fill_at_collection_pct_post_warmup,2,34.31935281249426,1.7193935129044093,18.8712150076537,49.767490617334815,%
sensor_failure,smart,truck_utilization_pct_post_warmup,2,41.41218477303889,2.1685879320444856,21.928195235618833,60.896174310458946,%
sensor_failure,smart,unserved_required_bins_post_warmup,2,0.0,0.0,0.0,0.0,count
sensor_failure,smart,inspection_events_post_warmup,2,2160.5,96.87362902255701,1290.1249755720335,3030.8750244279663,count
sensor_failure,smart,routing_fallbacks_post_warmup,2,0.0,0.0,0.0,0.0,count
sensor_failure,smart,uncollected_kg_at_horizon,2,5793.4238660793835,1042.9940850018509,-3577.506193744537,15164.353925903304,kg
sensor_failure,smart,unfinished_trip_count,2,0.0,0.0,0.0,0.0,count
traffic_disruption,fixed,overflow_incidents,2,1.5,0.7071067811865476,-4.853102368087347,7.853102368087347,count
traffic_disruption,fixed,overflow_bin_hours,2,12.118338854166693,0.8354506394475173,4.612112670070967,19.624565038262418,bin-hours
traffic_disruption,fixed,overflow_spilled_kg,2,71.3972788351345,42.57927854417551,-311.16236073801025,453.95691840827925,kg
traffic_disruption,fixed,distance_km,2,593.3479999999997,1.1398561312726907,583.1067989826431,603.5892010173563,km
traffic_disruption,fixed,travel_time_hours,2,28.27874812500003,0.050132103019171405,27.82832904985857,28.729167200141486,hours
traffic_disruption,fixed,service_time_hours,2,52.799999999999855,0.0,52.799999999999855,52.799999999999855,hours
traffic_disruption,fixed,depot_unloading_time_hours,2,6.166666666666664,0.23570226039551562,4.048965877304218,8.284367456029111,hours
traffic_disruption,fixed,turnaround_time_hours,2,0.08333333333333333,0.11785113019775792,-0.9755170613478911,1.1421837280145577,hours
traffic_disruption,fixed,idling_time_hours,2,58.96666666666652,0.23570226039551248,56.8489658773041,61.084367456028936,hours
traffic_disruption,fixed,collection_trips,2,18.5,0.7071067811865476,12.146897631912653,24.85310236808735,count
traffic_disruption,fixed,collection_stops,2,396.0,0.0,396.0,396.0,count
traffic_disruption,fixed,wasted_pickups,2,199.0,22.627416997969522,-4.299275778795106,402.2992757787951,count
traffic_disruption,fixed,base_driving_fuel_l,2,267.00659999999993,0.5129352590727069,262.3980595421895,271.61514045781036,litres
traffic_disruption,fixed,traffic_fuel_penalty_l,2,153.55810181250015,0.18283421392602933,151.91540157490422,155.2008020500961,litres
traffic_disruption,fixed,payload_fuel_penalty_l,2,19.236368566181273,1.339059814280258,7.205393466721491,31.267343665641057,litres
traffic_disruption,fixed,driving_fuel_l,2,439.80107037868135,1.0089587691336006,430.73593549943587,448.8662052579268,litres
traffic_disruption,fixed,collection_idle_fuel_l,2,158.40000000000117,0.0,158.40000000000117,158.40000000000117,litres
traffic_disruption,fixed,depot_idle_fuel_l,2,18.5,0.7071067811865476,12.146897631912653,24.85310236808735,litres
traffic_disruption,fixed,fuel_l,2,616.7010703786825,0.30185198794705315,613.9890378675244,619.4131028898406,litres
traffic_disruption,fixed,co2_kg,2,1652.7588686148692,0.808963327698173,1645.4906214849648,1660.0271157447737,kg
traffic_disruption,fixed,collected_kg,2,101660.10018947409,6368.458376443569,44441.7718281521,158878.4285507961,kg
traffic_disruption,fixed,mean_fill_at_collection_pct,2,52.05566604422275,3.2228044509895195,23.0999168784368,81.01141521000869,%
traffic_disruption,fixed,truck_utilization_pct,2,61.17490070036109,6.1631262567994485,5.8014082397307405,116.54839316099145,%
traffic_disruption,fixed,unserved_required_bins,2,0.0,0.0,0.0,0.0,count
traffic_disruption,fixed,inspection_events,2,30.5,7.7781745930520225,-39.38412604896081,100.38412604896081,count
traffic_disruption,fixed,routing_fallbacks,2,0.0,0.0,0.0,0.0,count
traffic_disruption,fixed,overflow_incidents_post_warmup,2,1.5,0.7071067811865476,-4.853102368087347,7.853102368087347,count
traffic_disruption,fixed,overflow_bin_hours_post_warmup,2,12.118338854166693,0.8354506394475173,4.612112670070967,19.624565038262418,bin-hours
traffic_disruption,fixed,overflow_spilled_kg_post_warmup,2,71.3972788351345,42.57927854417551,-311.16236073801025,453.95691840827925,kg
traffic_disruption,fixed,distance_km_post_warmup,2,593.3479999999997,1.1398561312726907,583.1067989826431,603.5892010173563,km
traffic_disruption,fixed,travel_time_hours_post_warmup,2,28.27874812500003,0.050132103019171405,27.82832904985857,28.729167200141486,hours
traffic_disruption,fixed,service_time_hours_post_warmup,2,52.799999999999855,0.0,52.799999999999855,52.799999999999855,hours
traffic_disruption,fixed,depot_unloading_time_hours_post_warmup,2,6.166666666666664,0.23570226039551562,4.048965877304218,8.284367456029111,hours
traffic_disruption,fixed,turnaround_time_hours_post_warmup,2,0.08333333333333333,0.11785113019775792,-0.9755170613478911,1.1421837280145577,hours
traffic_disruption,fixed,idling_time_hours_post_warmup,2,58.96666666666652,0.23570226039551248,56.8489658773041,61.084367456028936,hours
traffic_disruption,fixed,collection_trips_post_warmup,2,18.5,0.7071067811865476,12.146897631912653,24.85310236808735,count
traffic_disruption,fixed,collection_stops_post_warmup,2,396.0,0.0,396.0,396.0,count
traffic_disruption,fixed,wasted_pickups_post_warmup,2,199.0,22.627416997969522,-4.299275778795106,402.2992757787951,count
traffic_disruption,fixed,base_driving_fuel_l_post_warmup,2,267.00659999999993,0.5129352590727069,262.3980595421895,271.61514045781036,litres
traffic_disruption,fixed,traffic_fuel_penalty_l_post_warmup,2,153.55810181250015,0.18283421392602933,151.91540157490422,155.2008020500961,litres
traffic_disruption,fixed,payload_fuel_penalty_l_post_warmup,2,19.236368566181273,1.339059814280258,7.205393466721491,31.267343665641057,litres
traffic_disruption,fixed,driving_fuel_l_post_warmup,2,439.80107037868135,1.0089587691336006,430.73593549943587,448.8662052579268,litres
traffic_disruption,fixed,collection_idle_fuel_l_post_warmup,2,158.40000000000117,0.0,158.40000000000117,158.40000000000117,litres
traffic_disruption,fixed,depot_idle_fuel_l_post_warmup,2,18.5,0.7071067811865476,12.146897631912653,24.85310236808735,litres
traffic_disruption,fixed,fuel_l_post_warmup,2,616.7010703786825,0.30185198794705315,613.9890378675244,619.4131028898406,litres
traffic_disruption,fixed,co2_kg_post_warmup,2,1652.7588686148692,0.808963327698173,1645.4906214849648,1660.0271157447737,kg
traffic_disruption,fixed,collected_kg_post_warmup,2,101660.10018947409,6368.458376443569,44441.7718281521,158878.4285507961,kg
traffic_disruption,fixed,mean_fill_at_collection_pct_post_warmup,2,52.05566604422275,3.2228044509895195,23.0999168784368,81.01141521000869,%
traffic_disruption,fixed,truck_utilization_pct_post_warmup,2,61.17490070036109,6.1631262567994485,5.8014082397307405,116.54839316099145,%
traffic_disruption,fixed,unserved_required_bins_post_warmup,2,0.0,0.0,0.0,0.0,count
traffic_disruption,fixed,inspection_events_post_warmup,2,30.5,7.7781745930520225,-39.38412604896081,100.38412604896081,count
traffic_disruption,fixed,routing_fallbacks_post_warmup,2,0.0,0.0,0.0,0.0,count
traffic_disruption,fixed,uncollected_kg_at_horizon,2,8904.989419869846,1450.5702573821454,-4127.867260966219,21937.84610070591,kg
traffic_disruption,fixed,unfinished_trip_count,2,0.0,0.0,0.0,0.0,count
traffic_disruption,smart,overflow_incidents,2,0.5,0.7071067811865476,-5.853102368087347,6.853102368087347,count
traffic_disruption,smart,overflow_bin_hours,2,0.19102916666667322,0.27015603830883966,-2.236226535580915,2.6182848689142615,bin-hours
traffic_disruption,smart,overflow_spilled_kg,2,0.1801515954050643,0.2547728295049925,-2.1088914593601915,2.46919465017032,kg
traffic_disruption,smart,distance_km,2,915.559999999999,164.9934678949437,-566.847494160025,2397.9674941600233,km
traffic_disruption,smart,travel_time_hours,2,38.292203437500014,7.868819053274076,-32.406330774714995,108.99073764971502,hours
traffic_disruption,smart,service_time_hours,2,44.79999999999988,2.451303508113356,22.77591179063049,66.82408820936928,hours
traffic_disruption,smart,depot_unloading_time_hours,2,12.166666666666671,3.0641293851417113,-15.363443595045212,39.696776928378554,hours
traffic_disruption,smart,turnaround_time_hours,2,0.0,0.0,0.0,0.0,hours
traffic_disruption,smart,idling_time_hours,2,56.966666666666555,5.515432893255069,7.412468195585269,106.52086513774785,hours
traffic_disruption,smart,collection_trips,2,36.5,9.192388155425117,-46.09033078513551,119.0903307851355,count
traffic_disruption,smart,collection_stops,2,336.0,18.384776310850235,170.819338429729,501.180661570271,count
traffic_disruption,smart,wasted_pickups,2,49.0,7.0710678118654755,-14.531023680873467,112.53102368087346,count
traffic_disruption,smart,base_driving_fuel_l,2,412.0019999999999,74.24706055272495,-255.0813723720135,1079.0853723720134,litres
traffic_disruption,smart,traffic_fuel_penalty_l,2,198.19136643750016,55.837816491090514,-303.49151034541404,699.8742432204144,litres
traffic_disruption,smart,payload_fuel_penalty_l,2,15.13273664419571,0.4206099302637027,11.353706354717529,18.911766933673892,litres
traffic_disruption,smart,driving_fuel_l,2,625.3261030816957,130.50548697407916,-547.2191763627102,1797.8713825261016,litres
traffic_disruption,smart,collection_idle_fuel_l,2,134.40000000000083,7.353910524340199,68.32773537189149,200.47226462811017,litres
traffic_disruption,smart,depot_idle_fuel_l,2,36.5,9.192388155425117,-46.09033078513551,119.0903307851355,litres
traffic_disruption,smart,fuel_l,2,796.2261030816966,147.05178565384452,-524.9817717759544,2117.4339779393476,litres
traffic_disruption,smart,co2_kg,2,2133.885956258947,394.0987855523032,-1406.951148359557,5674.723060877451,kg
traffic_disruption,smart,collected_kg,2,102424.36899957315,5871.038608043895,49675.179943138864,155173.55805600743,kg
traffic_disruption,smart,mean_fill_at_collection_pct,2,62.41174100571362,0.1376296802422309,61.17518738930113,63.648294622126116,%
traffic_disruption,smart,truck_utilization_pct,2,31.96817429460902,6.2638384773898865,-24.310181567352004,88.24653015657005,%
traffic_disruption,smart,unserved_required_bins,2,0.0,0.0,0.0,0.0,count
traffic_disruption,smart,inspection_events,2,397.5,120.91525958289962,-688.8805049429361,1483.880504942936,count
traffic_disruption,smart,routing_fallbacks,2,0.0,0.0,0.0,0.0,count
traffic_disruption,smart,overflow_incidents_post_warmup,2,0.5,0.7071067811865476,-5.853102368087347,6.853102368087347,count
traffic_disruption,smart,overflow_bin_hours_post_warmup,2,0.19102916666667322,0.27015603830883966,-2.236226535580915,2.6182848689142615,bin-hours
traffic_disruption,smart,overflow_spilled_kg_post_warmup,2,0.1801515954050643,0.2547728295049925,-2.1088914593601915,2.46919465017032,kg
traffic_disruption,smart,distance_km_post_warmup,2,915.559999999999,164.9934678949437,-566.847494160025,2397.9674941600233,km
traffic_disruption,smart,travel_time_hours_post_warmup,2,38.292203437500014,7.868819053274076,-32.406330774714995,108.99073764971502,hours
traffic_disruption,smart,service_time_hours_post_warmup,2,44.79999999999988,2.451303508113356,22.77591179063049,66.82408820936928,hours
traffic_disruption,smart,depot_unloading_time_hours_post_warmup,2,12.166666666666671,3.0641293851417113,-15.363443595045212,39.696776928378554,hours
traffic_disruption,smart,turnaround_time_hours_post_warmup,2,0.0,0.0,0.0,0.0,hours
traffic_disruption,smart,idling_time_hours_post_warmup,2,56.966666666666555,5.515432893255069,7.412468195585269,106.52086513774785,hours
traffic_disruption,smart,collection_trips_post_warmup,2,36.5,9.192388155425117,-46.09033078513551,119.0903307851355,count
traffic_disruption,smart,collection_stops_post_warmup,2,336.0,18.384776310850235,170.819338429729,501.180661570271,count
traffic_disruption,smart,wasted_pickups_post_warmup,2,49.0,7.0710678118654755,-14.531023680873467,112.53102368087346,count
traffic_disruption,smart,base_driving_fuel_l_post_warmup,2,412.0019999999999,74.24706055272495,-255.0813723720135,1079.0853723720134,litres
traffic_disruption,smart,traffic_fuel_penalty_l_post_warmup,2,198.19136643750016,55.837816491090514,-303.49151034541404,699.8742432204144,litres
traffic_disruption,smart,payload_fuel_penalty_l_post_warmup,2,15.13273664419571,0.4206099302637027,11.353706354717529,18.911766933673892,litres
traffic_disruption,smart,driving_fuel_l_post_warmup,2,625.3261030816957,130.50548697407916,-547.2191763627102,1797.8713825261016,litres
traffic_disruption,smart,collection_idle_fuel_l_post_warmup,2,134.40000000000083,7.353910524340199,68.32773537189149,200.47226462811017,litres
traffic_disruption,smart,depot_idle_fuel_l_post_warmup,2,36.5,9.192388155425117,-46.09033078513551,119.0903307851355,litres
traffic_disruption,smart,fuel_l_post_warmup,2,796.2261030816966,147.05178565384452,-524.9817717759544,2117.4339779393476,litres
traffic_disruption,smart,co2_kg_post_warmup,2,2133.885956258947,394.0987855523032,-1406.951148359557,5674.723060877451,kg
traffic_disruption,smart,collected_kg_post_warmup,2,102424.36899957315,5871.038608043895,49675.179943138864,155173.55805600743,kg
traffic_disruption,smart,mean_fill_at_collection_pct_post_warmup,2,62.41174100571362,0.1376296802422309,61.17518738930113,63.648294622126116,%
traffic_disruption,smart,truck_utilization_pct_post_warmup,2,31.96817429460902,6.2638384773898865,-24.310181567352004,88.24653015657005,%
traffic_disruption,smart,unserved_required_bins_post_warmup,2,0.0,0.0,0.0,0.0,count
traffic_disruption,smart,inspection_events_post_warmup,2,374.0,120.20815280171308,-706.027402574849,1454.027402574849,count
traffic_disruption,smart,routing_fallbacks_post_warmup,2,0.0,0.0,0.0,0.0,count
traffic_disruption,smart,uncollected_kg_at_horizon,2,8211.9377370105,995.474994697125,-732.0502354560867,17155.925709477087,kg
traffic_disruption,smart,unfinished_trip_count,2,0.0,0.0,0.0,0.0,count
