scenario,policy,metric,n_replications,mean,sd,ci95_low,ci95_high,unit
abrupt_behavior_change,fixed,overflow_incidents,2,53.5,4.949747468305833,9.028283423388572,97.97171657661143,count
abrupt_behavior_change,fixed,overflow_bin_hours,2,651.5,61.518289963229634,98.78009397640085,1204.2199060235992,bin-hours
abrupt_behavior_change,fixed,overflow_spilled_kg,2,3399.837072671478,843.6019009674496,-4179.625290517713,10979.299435860668,kg
abrupt_behavior_change,fixed,distance_km,2,610.9139999999998,0.4921463197057753,606.4922407518116,615.335759248188,km
abrupt_behavior_change,fixed,travel_time_hours,2,21.710322916666676,0.04994039851405475,21.26162623816719,22.159019595166164,hours
abrupt_behavior_change,fixed,service_time_hours,2,52.799999999999855,0.0,52.799999999999855,52.799999999999855,hours
abrupt_behavior_change,fixed,depot_unloading_time_hours,2,7.4999999999999964,0.23570226039551562,5.38229921063755,9.617700789362443,hours
abrupt_behavior_change,fixed,turnaround_time_hours,2,0.75,0.11785113019775789,-0.3088503946812242,1.8088503946812242,hours
abrupt_behavior_change,fixed,idling_time_hours,2,60.299999999999855,0.2357022603955175,58.18229921063739,62.41770078936232,hours
abrupt_behavior_change,fixed,collection_trips,2,22.5,0.7071067811865476,16.14689763191265,28.85310236808735,count
abrupt_behavior_change,fixed,collection_stops,2,396.0,0.0,396.0,396.0,count
abrupt_behavior_change,fixed,wasted_pickups,2,135.5,30.405591591021544,-137.68340182775592,408.6834018277559,count
abrupt_behavior_change,fixed,base_driving_fuel_l,2,274.9112999999999,0.22146584386766321,272.92150833831465,276.9010916616852,litres
abrupt_behavior_change,fixed,traffic_fuel_penalty_l,2,47.202828749999995,0.6111470876786775,41.71189002152983,52.69376747847016,litres
abrupt_behavior_change,fixed,payload_fuel_penalty_l,2,16.25638775523123,1.254057899721726,4.989124557625351,27.52365095283711,litres
abrupt_behavior_change,fixed,driving_fuel_l,2,338.37051650523114,2.086670831268107,319.62252291746944,357.11851009299284,litres
abrupt_behavior_change,fixed,collection_idle_fuel_l,2,158.40000000000117,0.0,158.40000000000117,158.40000000000117,litres
abrupt_behavior_change,fixed,depot_idle_fuel_l,2,22.5,0.7071067811865476,16.14689763191265,28.85310236808735,litres
abrupt_behavior_change,fixed,fuel_l,2,519.2705165052323,2.7937776124546545,494.1694205493833,544.3716124610813,litres
abrupt_behavior_change,fixed,co2_kg,2,1391.6449842340226,7.487324001378583,1324.3740470723462,1458.915921395699,kg
abrupt_behavior_change,fixed,collected_kg,2,125372.38476938166,6751.285975875243,64714.486892918896,186030.28264584445,kg
abrupt_behavior_change,fixed,mean_fill_at_collection_pct,2,63.68739949224391,3.7013671073246814,30.431935451514654,96.94286353297318,%
abrupt_behavior_change,fixed,truck_utilization_pct,2,61.89046370802487,1.388938757427186,49.41134408463237,74.36958333141737,%
abrupt_behavior_change,fixed,unserved_required_bins,2,0.0,0.0,0.0,0.0,count
abrupt_behavior_change,fixed,inspection_events,2,30.0,8.48528137423857,-46.23722841704816,106.23722841704816,count
abrupt_behavior_change,fixed,routing_fallbacks,2,0.0,0.0,0.0,0.0,count
abrupt_behavior_change,fixed,overflow_incidents_post_warmup,2,53.5,4.949747468305833,9.028283423388572,97.97171657661143,count
abrupt_behavior_change,fixed,overflow_bin_hours_post_warmup,2,651.5,61.518289963229634,98.78009397640085,1204.2199060235992,bin-hours
abrupt_behavior_change,fixed,overflow_spilled_kg_post_warmup,2,3399.837072671478,843.6019009674496,-4179.625290517713,10979.299435860668,kg
abrupt_behavior_change,fixed,distance_km_post_warmup,2,610.9139999999998,0.4921463197057753,606.4922407518116,615.335759248188,km
abrupt_behavior_change,fixed,travel_time_hours_post_warmup,2,21.710322916666676,0.04994039851405475,21.26162623816719,22.159019595166164,hours
abrupt_behavior_change,fixed,service_time_hours_post_warmup,2,52.799999999999855,0.0,52.799999999999855,52.799999999999855,hours
abrupt_behavior_change,fixed,depot_unloading_time_hours_post_warmup,2,7.4999999999999964,0.23570226039551562,5.38229921063755,9.617700789362443,hours
abrupt_behavior_change,fixed,turnaround_time_hours_post_warmup,2,0.75,0.11785113019775789,-0.3088503946812242,1.8088503946812242,hours
abrupt_behavior_change,fixed,idling_time_hours_post_warmup,2,60.299999999999855,0.2357022603955175,58.18229921063739,62.41770078936232,hours
abrupt_behavior_change,fixed,collection_trips_post_warmup,2,22.5,0.7071067811865476,16.14689763191265,28.85310236808735,count
abrupt_behavior_change,fixed,collection_stops_post_warmup,2,396.0,0.0,396.0,396.0,count
abrupt_behavior_change,fixed,wasted_pickups_post_warmup,2,135.5,30.405591591021544,-137.68340182775592,408.6834018277559,count
abrupt_behavior_change,fixed,base_driving_fuel_l_post_warmup,2,274.9112999999999,0.22146584386766321,272.92150833831465,276.9010916616852,litres
abrupt_behavior_change,fixed,traffic_fuel_penalty_l_post_warmup,2,47.202828749999995,0.6111470876786775,41.71189002152983,52.69376747847016,litres
abrupt_behavior_change,fixed,payload_fuel_penalty_l_post_warmup,2,16.25638775523123,1.254057899721726,4.989124557625351,27.52365095283711,litres
abrupt_behavior_change,fixed,driving_fuel_l_post_warmup,2,338.37051650523114,2.086670831268107,319.62252291746944,357.11851009299284,litres
abrupt_behavior_change,fixed,collection_idle_fuel_l_post_warmup,2,158.40000000000117,0.0,158.40000000000117,158.40000000000117,litres
abrupt_behavior_change,fixed,depot_idle_fuel_l_post_warmup,2,22.5,0.7071067811865476,16.14689763191265,28.85310236808735,litres
abrupt_behavior_change,fixed,fuel_l_post_warmup,2,519.2705165052323,2.7937776124546545,494.1694205493833,544.3716124610813,litres
abrupt_behavior_change,fixed,co2_kg_post_warmup,2,1391.6449842340226,7.487324001378583,1324.3740470723462,1458.915921395699,kg
abrupt_behavior_change,fixed,collected_kg_post_warmup,2,125372.38476938166,6751.285975875243,64714.486892918896,186030.28264584445,kg
abrupt_behavior_change,fixed,mean_fill_at_collection_pct_post_warmup,2,63.68739949224391,3.7013671073246814,30.431935451514654,96.94286353297318,%
abrupt_behavior_change,fixed,truck_utilization_pct_post_warmup,2,61.89046370802487,1.388938757427186,49.41134408463237,74.36958333141737,%
abrupt_behavior_change,fixed,unserved_required_bins_post_warmup,2,0.0,0.0,0.0,0.0,count
abrupt_behavior_change,fixed,inspection_events_post_warmup,2,30.0,8.48528137423857,-46.23722841704816,106.23722841704816,count
abrupt_behavior_change,fixed,routing_fallbacks_post_warmup,2,0.0,0.0,0.0,0.0,count
abrupt_behavior_change,fixed,uncollected_kg_at_horizon,2,12801.307817110564,2033.8609636198278,-5472.207934854288,31074.823569075415,kg
abrupt_behavior_change,fixed,unfinished_trip_count,2,0.0,0.0,0.0,0.0,count
abrupt_behavior_change,smart,overflow_incidents,2,6.5,6.363961030678928,-50.67792131278612,63.67792131278612,count
abrupt_behavior_change,smart,overflow_bin_hours,2,149.0,200.8183258569795,-1655.2810725368063,1953.2810725368063,bin-hours
abrupt_behavior_change,smart,overflow_spilled_kg,2,260.19263213569263,253.215334036625,-2014.856881043429,2535.2421453148145,kg
abrupt_behavior_change,smart,distance_km,2,1183.2434999999996,56.171855590678206,678.5594009815084,1687.9275990184908,km
abrupt_behavior_change,smart,travel_time_hours,2,35.708050000000014,3.282279683879759,6.217937067707009,65.19816293229302,hours
abrupt_behavior_change,smart,service_time_hours,2,54.86666666666652,0.659966329107442,48.937104456451685,60.79622887688135,hours
abrupt_behavior_change,smart,depot_unloading_time_hours,2,15.666666666666675,0.9428090415820638,7.195863509216876,24.137469824116472,hours
abrupt_behavior_change,smart,turnaround_time_hours,2,0.0,0.0,0.0,0.0,hours
abrupt_behavior_change,smart,idling_time_hours,2,70.53333333333319,1.602775370689497,56.132967965668634,84.93369870099775,hours
abrupt_behavior_change,smart,collection_trips,2,47.0,2.8284271247461903,21.58759052765061,72.4124094723494,count
abrupt_behavior_change,smart,collection_stops,2,411.5,4.949747468305833,367.0282834233886,455.9717165766114,count
abrupt_behavior_change,smart,wasted_pickups,2,73.5,17.67766952966369,-85.32755920218366,232.32755920218366,count
abrupt_behavior_change,smart,base_driving_fuel_l,2,532.459575,25.27733501580504,305.3517304416803,759.5674195583197,litres
abrupt_behavior_change,smart,traffic_fuel_penalty_l,2,40.382898749999995,19.93385104629817,-138.71564712284317,219.48144462284313,litres
abrupt_behavior_change,smart,payload_fuel_penalty_l,2,14.52436388179293,1.1121208474502433,4.5323545028424785,24.51637326074338,litres
abrupt_behavior_change,smart,driving_fuel_l,2,587.3668376317929,46.32330690955348,171.1684378216794,1003.5652374419064,litres
abrupt_behavior_change,smart,collection_idle_fuel_l,2,164.60000000000127,1.9798989873223611,146.81131336935644,182.3886866306461,litres
abrupt_behavior_change,smart,depot_idle_fuel_l,2,47.0,2.8284271247461903,21.58759052765061,72.4124094723494,litres
abrupt_behavior_change,smart,fuel_l,2,798.9668376317941,51.13163302162205,339.5673417186862,1258.3663335449019,litres
abrupt_behavior_change,smart,co2_kg,2,2141.2311248532087,137.03277649794725,910.0404758060781,3372.4217739003393,kg
abrupt_behavior_change,smart,collected_kg,2,129798.08141512703,5753.172269702307,78107.87939312507,181488.283437129,kg
abrupt_behavior_change,smart,mean_fill_at_collection_pct,2,64.11055254474527,1.6621178347093692,49.17701629154607,79.04408879794448,%
abrupt_behavior_change,smart,truck_utilization_pct,2,30.699791445001203,0.48740396844822964,26.32064053236599,35.078942357636414,%
abrupt_behavior_change,smart,unserved_required_bins,2,0.0,0.0,0.0,0.0,count
abrupt_behavior_change,smart,inspection_events,2,400.0,120.20815280171308,-680.027402574849,1480.027402574849,count
abrupt_behavior_change,smart,routing_fallbacks,2,0.0,0.0,0.0,0.0,count
abrupt_behavior_change,smart,overflow_incidents_post_warmup,2,6.5,6.363961030678928,-50.67792131278612,63.67792131278612,count
abrupt_behavior_change,smart,overflow_bin_hours_post_warmup,2,149.0,200.8183258569795,-1655.2810725368063,1953.2810725368063,bin-hours
abrupt_behavior_change,smart,overflow_spilled_kg_post_warmup,2,260.19263213569263,253.215334036625,-2014.856881043429,2535.2421453148145,kg
abrupt_behavior_change,smart,distance_km_post_warmup,2,1183.2434999999996,56.171855590678206,678.5594009815084,1687.9275990184908,km
abrupt_behavior_change,smart,travel_time_hours_post_warmup,2,35.708050000000014,3.282279683879759,6.217937067707009,65.19816293229302,hours
abrupt_behavior_change,smart,service_time_hours_post_warmup,2,54.86666666666652,0.659966329107442,48.937104456451685,60.79622887688135,hours
abrupt_behavior_change,smart,depot_unloading_time_hours_post_warmup,2,15.666666666666675,0.9428090415820638,7.195863509216876,24.137469824116472,hours
abrupt_behavior_change,smart,turnaround_time_hours_post_warmup,2,0.0,0.0,0.0,0.0,hours
abrupt_behavior_change,smart,idling_time_hours_post_warmup,2,70.53333333333319,1.602775370689497,56.132967965668634,84.93369870099775,hours
abrupt_behavior_change,smart,collection_trips_post_warmup,2,47.0,2.8284271247461903,21.58759052765061,72.4124094723494,count
abrupt_behavior_change,smart,collection_stops_post_warmup,2,411.5,4.949747468305833,367.0282834233886,455.9717165766114,count
abrupt_behavior_change,smart,wasted_pickups_post_warmup,2,73.5,17.67766952966369,-85.32755920218366,232.32755920218366,count
abrupt_behavior_change,smart,base_driving_fuel_l_post_warmup,2,532.459575,25.27733501580504,305.3517304416803,759.5674195583197,litres
abrupt_behavior_change,smart,traffic_fuel_penalty_l_post_warmup,2,40.382898749999995,19.93385104629817,-138.71564712284317,219.48144462284313,litres
abrupt_behavior_change,smart,payload_fuel_penalty_l_post_warmup,2,14.52436388179293,1.1121208474502433,4.5323545028424785,24.51637326074338,litres
abrupt_behavior_change,smart,driving_fuel_l_post_warmup,2,587.3668376317929,46.32330690955348,171.1684378216794,1003.5652374419064,litres
abrupt_behavior_change,smart,collection_idle_fuel_l_post_warmup,2,164.60000000000127,1.9798989873223611,146.81131336935644,182.3886866306461,litres
abrupt_behavior_change,smart,depot_idle_fuel_l_post_warmup,2,47.0,2.8284271247461903,21.58759052765061,72.4124094723494,litres
abrupt_behavior_change,smart,fuel_l_post_warmup,2,798.9668376317941,51.13163302162205,339.5673417186862,1258.3663335449019,litres
abrupt_behavior_change,smart,co2_kg_post_warmup,2,2141.2311248532087,137.03277649794725,910.0404758060781,3372.4217739003393,kg
abrupt_behavior_change,smart,collected_kg_post_warmup,2,129798.08141512703,5753.172269702307,78107.87939312507,181488.283437129,kg
abrupt_behavior_change,smart,mean_fill_at_collection_pct_post_warmup,2,64.11055254474527,1.6621178347093692,49.17701629154607,79.04408879794448,%
abrupt_behavior_change,smart,truck_utilization_pct_post_warmup,2,30.699791445001203,0.48740396844822964,26.32064053236599,35.078942357636414,%
abrupt_behavior_change,smart,unserved_required_bins_post_warmup,2,0.0,0.0,0.0,0.0,count
abrupt_behavior_change,smart,inspection_events_post_warmup,2,376.5,119.50104602052653,-697.1743002067617,1450.1743002067617,count
abrupt_behavior_change,smart,routing_fallbacks_post_warmup,2,0.0,0.0,0.0,0.0,count
abrupt_behavior_change,smart,uncollected_kg_at_horizon,2,11515.25561190104,2132.564492450953,-7645.07616197121,30675.58738577329,kg
abrupt_behavior_change,smart,unfinished_trip_count,2,0.0,0.0,0.0,0.0,count
combined_demand_operational_stress,fixed,overflow_incidents,2,139.0,21.213203435596427,-51.59307104262038,329.5930710426204,count
combined_demand_operational_stress,fixed,overflow_bin_hours,2,3458.5,656.9021997223026,-2443.532099953144,9360.532099953143,bin-hours
combined_demand_operational_stress,fixed,overflow_spilled_kg,2,24653.096508740644,2825.157807845021,-729.9393166582886,50036.13233413958,kg
combined_demand_operational_stress,fixed,distance_km,2,734.7434999999994,32.23346262038888,445.1373285507367,1024.3496714492621,km
combined_demand_operational_stress,fixed,travel_time_hours,2,33.92789062500003,1.47921523711715,20.637669012260904,47.21811223773916,hours
combined_demand_operational_stress,fixed,service_time_hours,2,50.599999999999866,0.47140452079103,46.364598421274984,54.83540157872475,hours
combined_demand_operational_stress,fixed,depot_unloading_time_hours,2,10.5,0.7071067811865488,4.146897631912641,16.85310236808736,hours
combined_demand_operational_stress,fixed,turnaround_time_hours,2,2.25,0.35355339059327345,-0.9265511840436704,5.426551184043671,hours
combined_demand_operational_stress,fixed,idling_time_hours,2,61.099999999999866,0.2357022603955175,58.9822992106374,63.21770078936233,hours
combined_demand_operational_stress,fixed,collection_trips,2,31.5,2.1213203435596424,12.44069289573796,50.55930710426204,count
combined_demand_operational_stress,fixed,collection_stops,2,376.5,3.5355339059327378,344.7344881595633,408.2655118404367,count
combined_demand_operational_stress,fixed,wasted_pickups,2,62.5,33.23401871576773,-236.09581130010525,361.09581130010525,count
combined_demand_operational_stress,fixed,base_driving_fuel_l,2,330.634575,14.505058179174764,200.31179784783384,460.9573521521661,litres
combined_demand_operational_stress,fixed,traffic_fuel_penalty_l,2,184.40978737500006,8.377179419860887,109.14381648315805,259.6757582668421,litres
combined_demand_operational_stress,fixed,payload_fuel_penalty_l,2,32.70022152204037,0.656547332782591,26.80137777504186,38.59906526903888,litres
combined_demand_operational_stress,fixed,driving_fuel_l,2,547.7445838970405,23.538784931818256,336.2569921060337,759.2321756880472,litres
combined_demand_operational_stress,fixed,collection_idle_fuel_l,2,151.8000000000011,1.4142135623731151,139.09379526382622,164.50620473617596,litres
combined_demand_operational_stress,fixed,depot_idle_fuel_l,2,31.5,2.1213203435596424,12.44069289573796,50.55930710426204,litres
combined_demand_operational_stress,fixed,fuel_l,2,731.0445838970415,24.245891713004802,513.2038897379474,948.8852780561357,litres
combined_demand_operational_stress,fixed,co2_kg,2,1959.1994848440715,64.97898979085286,1375.3864244976994,2543.0125451904437,kg
combined_demand_operational_stress,fixed,collected_kg,2,143441.47517657513,5863.972040783149,90755.7767079742,196127.17364517605,kg
combined_demand_operational_stress,fixed,mean_fill_at_collection_pct,2,76.69947425561836,4.219956913374581,38.78466566815311,114.6142828430836,%
combined_demand_operational_stress,fixed,truck_utilization_pct,2,77.9105030902189,2.064580853278173,59.36098008032856,96.46002610010923,%
combined_demand_operational_stress,fixed,unserved_required_bins,2,19.5,3.5355339059327378,-12.265511840436734,51.26551184043673,count
combined_demand_operational_stress,fixed,inspection_events,2,177.5,12.020815280171307,69.49725974251511,285.5027402574849,count
combined_demand_operational_stress,fixed,routing_fallbacks,2,0.0,0.0,0.0,0.0,count
combined_demand_operational_stress,fixed,overflow_incidents_post_warmup,2,136.0,18.384776310850235,-29.180661570271013,301.180661570271,count
combined_demand_operational_stress,fixed,overflow_bin_hours_post_warmup,2,3442.5,641.3458505361986,-2319.7638478552226,9204.763847855222,bin-hours
combined_demand_operational_stress,fixed,overflow_spilled_kg_post_warmup,2,24591.35995752734,2745.121966025752,-72.5823593344212,49255.302274389105,kg
combined_demand_operational_stress,fixed,distance_km_post_warmup,2,734.7434999999994,32.23346262038888,445.1373285507367,1024.3496714492621,km
combined_demand_operational_stress,fixed,travel_time_hours_post_warmup,2,33.92789062500003,1.47921523711715,20.637669012260904,47.21811223773916,hours
combined_demand_operational_stress,fixed,service_time_hours_post_warmup,2,50.599999999999866,0.47140452079103,46.364598421274984,54.83540157872475,hours
combined_demand_operational_stress,fixed,depot_unloading_time_hours_post_warmup,2,10.5,0.7071067811865488,4.146897631912641,16.85310236808736,hours
combined_demand_operational_stress,fixed,turnaround_time_hours_post_warmup,2,2.25,0.35355339059327345,-0.9265511840436704,5.426551184043671,hours
combined_demand_operational_stress,fixed,idling_time_hours_post_warmup,2,61.099999999999866,0.2357022603955175,58.9822992106374,63.21770078936233,hours
combined_demand_operational_stress,fixed,collection_trips_post_warmup,2,31.5,2.1213203435596424,12.44069289573796,50.55930710426204,count
combined_demand_operational_stress,fixed,collection_stops_post_warmup,2,376.5,3.5355339059327378,344.7344881595633,408.2655118404367,count
combined_demand_operational_stress,fixed,wasted_pickups_post_warmup,2,62.5,33.23401871576773,-236.09581130010525,361.09581130010525,count
combined_demand_operational_stress,fixed,base_driving_fuel_l_post_warmup,2,330.634575,14.505058179174764,200.31179784783384,460.9573521521661,litres
combined_demand_operational_stress,fixed,traffic_fuel_penalty_l_post_warmup,2,184.40978737500006,8.377179419860887,109.14381648315805,259.6757582668421,litres
combined_demand_operational_stress,fixed,payload_fuel_penalty_l_post_warmup,2,32.70022152204037,0.656547332782591,26.80137777504186,38.59906526903888,litres
combined_demand_operational_stress,fixed,driving_fuel_l_post_warmup,2,547.7445838970405,23.538784931818256,336.2569921060337,759.2321756880472,litres
combined_demand_operational_stress,fixed,collection_idle_fuel_l_post_warmup,2,151.8000000000011,1.4142135623731151,139.09379526382622,164.50620473617596,litres
combined_demand_operational_stress,fixed,depot_idle_fuel_l_post_warmup,2,31.5,2.1213203435596424,12.44069289573796,50.55930710426204,litres
combined_demand_operational_stress,fixed,fuel_l_post_warmup,2,731.0445838970415,24.245891713004802,513.2038897379474,948.8852780561357,litres
combined_demand_operational_stress,fixed,co2_kg_post_warmup,2,1959.1994848440715,64.97898979085286,1375.3864244976994,2543.0125451904437,kg
combined_demand_operational_stress,fixed,collected_kg_post_warmup,2,143441.47517657513,5863.972040783149,90755.7767079742,196127.17364517605,kg
combined_demand_operational_stress,fixed,mean_fill_at_collection_pct_post_warmup,2,76.69947425561836,4.219956913374581,38.78466566815311,114.6142828430836,%
combined_demand_operational_stress,fixed,truck_utilization_pct_post_warmup,2,77.9105030902189,2.064580853278173,59.36098008032856,96.46002610010923,%
combined_demand_operational_stress,fixed,unserved_required_bins_post_warmup,2,19.5,3.5355339059327378,-12.265511840436734,51.26551184043673,count
combined_demand_operational_stress,fixed,inspection_events_post_warmup,2,177.5,12.020815280171307,69.49725974251511,285.5027402574849,count
combined_demand_operational_stress,fixed,routing_fallbacks_post_warmup,2,0.0,0.0,0.0,0.0,count
combined_demand_operational_stress,fixed,uncollected_kg_at_horizon,2,15954.11636844082,2117.687394155614,-3072.549980455893,34980.78271733753,kg
combined_demand_operational_stress,fixed,unfinished_trip_count,2,0.0,0.0,0.0,0.0,count
combined_demand_operational_stress,smart,overflow_incidents,2,53.0,9.899494936611665,-35.943433153222855,141.94343315322286,count
combined_demand_operational_stress,smart,overflow_bin_hours,2,835.0,277.18585822512665,-1655.41612829024,3325.41612829024,bin-hours
combined_demand_operational_stress,smart,overflow_spilled_kg,2,5387.381733128347,16.068264050047745,5243.014108459111,5531.749357797583,kg
combined_demand_operational_stress,smart,distance_km,2,1934.4384999999997,69.10766704570321,1313.5307462597339,2555.3462537402656,km
combined_demand_operational_stress,smart,travel_time_hours,2,73.86290812499999,2.508959816540021,51.32079853704056,96.40501771295942,hours
combined_demand_operational_stress,smart,service_time_hours,2,64.33333333333319,1.7913371790059744,48.23880733417809,80.42785933248828,hours
combined_demand_operational_stress,smart,depot_unloading_time_hours,2,29.333333333333297,1.41421356237309,16.627128597158645,42.03953806950795,hours
combined_demand_operational_stress,smart,turnaround_time_hours,2,0.0,0.0,0.0,0.0,hours
combined_demand_operational_stress,smart,idling_time_hours,2,93.66666666666649,3.2055507413790747,64.86593593133665,122.46739740199632,hours
combined_demand_operational_stress,smart,collection_trips,2,88.0,4.242640687119285,49.88138579147592,126.11861420852408,count
combined_demand_operational_stress,smart,collection_stops,2,482.5,13.435028842544403,361.7910550063404,603.2089449936595,count
combined_demand_operational_stress,smart,wasted_pickups,2,56.0,11.313708498984761,-45.64963788939755,157.64963788939755,count
combined_demand_operational_stress,smart,base_driving_fuel_l,2,870.497325,31.09845017056682,591.088835816877,1149.905814183123,litres
combined_demand_operational_stress,smart,traffic_fuel_penalty_l,2,381.58871231250043,13.906485482997697,256.6438974635295,506.53352716147134,litres
combined_demand_operational_stress,smart,payload_fuel_penalty_l,2,32.89451683695513,2.5364236535898783,10.105654463079222,55.683379210831035,litres
combined_demand_operational_stress,smart,driving_fuel_l,2,1284.9805541494557,47.54135930715431,857.8383877434866,1712.1227205554246,litres
combined_demand_operational_stress,smart,collection_idle_fuel_l,2,193.00000000000165,5.374011537017838,144.71642200253712,241.28357799746618,litres
combined_demand_operational_stress,smart,depot_idle_fuel_l,2,88.0,4.242640687119285,49.88138579147592,126.11861420852408,litres
combined_demand_operational_stress,smart,fuel_l,2,1565.9805541494572,57.15801153129145,1052.4361955374993,2079.524912761415,litres
combined_demand_operational_stress,smart,co2_kg,2,4196.827885120545,153.18347090386075,2820.5290040405007,5573.126766200589,kg
combined_demand_operational_stress,smart,collected_kg,2,169581.3652106885,6687.8207849936725,109493.67945099293,229669.05097038407,kg
combined_demand_operational_stress,smart,mean_fill_at_collection_pct,2,70.79086527133589,0.25423809807608555,68.50662658784476,73.07510395482701,%
combined_demand_operational_stress,smart,truck_utilization_pct,2,32.94818894746446,0.2893818656250253,30.348196040171352,35.548181854757566,%
combined_demand_operational_stress,smart,unserved_required_bins,2,9.0,4.242640687119285,-29.11861420852408,47.11861420852408,count
combined_demand_operational_stress,smart,inspection_events,2,2115.5,116.67261889578035,1067.2381092655878,3163.761890734412,count
combined_demand_operational_stress,smart,routing_fallbacks,2,0.0,0.0,0.0,0.0,count
combined_demand_operational_stress,smart,overflow_incidents_post_warmup,2,52.5,9.192388155425117,-30.090330785135507,135.0903307851355,count
combined_demand_operational_stress,smart,overflow_bin_hours_post_warmup,2,833.5,275.064537881567,-1637.8568211859779,3304.856821185978,bin-hours
combined_demand_operational_stress,smart,overflow_spilled_kg_post_warmup,2,5379.2582841845715,4.579972380514818,5338.108864958811,5420.407703410332,kg
combined_demand_operational_stress,smart,distance_km_post_warmup,2,1863.6464999999992,42.34367537779164,1483.2036708918458,2244.0893291081525,km
combined_demand_operational_stress,smart,travel_time_hours_post_warmup,2,70.82273156249997,1.6685178871007411,55.83169311997756,85.81377000502238,hours
combined_demand_operational_stress,smart,service_time_hours_post_warmup,2,62.26666666666649,1.131370849898472,52.101702877726765,72.43163045560621,hours
combined_demand_operational_stress,smart,depot_unloading_time_hours_post_warmup,2,28.3333333333333,0.94280904158206,19.862530175883535,36.804136490783065,hours
combined_demand_operational_stress,smart,turnaround_time_hours_post_warmup,2,0.0,0.0,0.0,0.0,hours
combined_demand_operational_stress,smart,idling_time_hours_post_warmup,2,90.5999999999998,2.074179891480532,71.96423305361031,109.23576694638928,hours
combined_demand_operational_stress,smart,collection_trips_post_warmup,2,85.0,2.8284271247461903,59.58759052765061,110.4124094723494,count
combined_demand_operational_stress,smart,collection_stops_post_warmup,2,467.0,8.48528137423857,390.7627715829518,543.2372284170482,count
combined_demand_operational_stress,smart,wasted_pickups_post_warmup,2,55.0,12.727922061357855,-59.35584262557224,169.35584262557222,count
combined_demand_operational_stress,smart,base_driving_fuel_l_post_warmup,2,838.6409250000002,19.05465392000701,667.4416519013243,1009.840198098676,litres
combined_demand_operational_stress,smart,traffic_fuel_penalty_l_post_warmup,2,365.40231131250033,9.963330680661745,275.88533675438157,454.9192858706191,litres
combined_demand_operational_stress,smart,payload_fuel_penalty_l_post_warmup,2,31.973190681001263,2.074156749091591,13.337631660726895,50.60874970127563,litres
combined_demand_operational_stress,smart,driving_fuel_l_post_warmup,2,1236.0164269935017,31.092141349760396,956.6646203164322,1515.368233670571,litres
combined_demand_operational_stress,smart,collection_idle_fuel_l_post_warmup,2,186.80000000000157,3.3941125496954765,156.30510863318187,217.29489136682128,litres
combined_demand_operational_stress,smart,depot_idle_fuel_l_post_warmup,2,85.0,2.8284271247461903,59.58759052765061,110.4124094723494,litres
combined_demand_operational_stress,smart,fuel_l_post_warmup,2,1507.8164269935032,37.314681024202144,1172.557319477264,1843.0755345097425,litres
combined_demand_operational_stress,smart,co2_kg_post_warmup,2,4040.9480243425896,100.00334514486208,3142.4536161990654,4939.442432486114,kg
combined_demand_operational_stress,smart,collected_kg_post_warmup,2,166047.90741477968,4828.885522258031,122662.0923400029,209433.72248955647,kg
combined_demand_operational_stress,smart,mean_fill_at_collection_pct_post_warmup,2,70.87962922114015,0.07843531884286602,70.17491584101089,71.58434260126941,%
combined_demand_operational_stress,smart,truck_utilization_pct_post_warmup,2,33.3955759492069,0.1401400141026782,32.13646787791175,34.65468402050205,%
combined_demand_operational_stress,smart,unserved_required_bins_post_warmup,2,9.0,4.242640687119285,-29.11861420852408,47.11861420852408,count
combined_demand_operational_stress,smart,inspection_events_post_warmup,2,1883.5,112.42997820866105,873.356723474112,2893.643276525888,count
combined_demand_operational_stress,smart,routing_fallbacks_post_warmup,2,0.0,0.0,0.0,0.0,count
combined_demand_operational_stress,smart,uncollected_kg_at_horizon,2,9079.941109939618,132.4465945712308,7889.955670677366,10269.926549201871,kg
combined_demand_operational_stress,smart,unfinished_trip_count,2,0.0,0.0,0.0,0.0,count
event_heavy,fixed,overflow_incidents,2,3.0,1.4142135623730951,-9.706204736174694,15.706204736174694,count
event_heavy,fixed,overflow_bin_hours,2,25.0,4.242640687119285,-13.118614208524079,63.11861420852408,bin-hours
event_heavy,fixed,overflow_spilled_kg,2,116.46151654214862,11.963089113453368,8.977425315098628,223.9456077691986,kg
event_heavy,fixed,distance_km,2,592.5419999999997,0.0,592.5419999999997,592.5419999999997,km
event_heavy,fixed,travel_time_hours,2,21.251100000000005,0.0,21.251100000000005,21.251100000000005,hours
event_heavy,fixed,service_time_hours,2,52.799999999999855,0.0,52.799999999999855,52.799999999999855,hours
event_heavy,fixed,depot_unloading_time_hours,2,5.999999999999998,0.0,5.999999999999998,5.999999999999998,hours
event_heavy,fixed,turnaround_time_hours,2,0.0,0.0,0.0,0.0,hours
event_heavy,fixed,idling_time_hours,2,58.799999999999855,0.0,58.799999999999855,58.799999999999855,hours
event_heavy,fixed,collection_trips,2,18.0,0.0,18.0,18.0,count
event_heavy,fixed,collection_stops,2,396.0,0.0,396.0,396.0,count
event_heavy,fixed,wasted_pickups,2,211.5,24.748737341529164,-10.858582883057124,433.8585828830571,count
event_heavy,fixed,base_driving_fuel_l,2,266.6438999999999,0.0,266.6438999999999,266.6438999999999,litres
event_heavy,fixed,traffic_fuel_penalty_l,2,47.323845,0.0,47.323845,47.323845,litres
event_heavy,fixed,payload_fuel_penalty_l,2,14.052220177126934,0.8254151935129164,6.636158897439197,21.468281456814672,litres
event_heavy,fixed,driving_fuel_l,2,328.0199651771269,0.8254151935129301,320.603903897439,335.4360264568148,litres
event_heavy,fixed,collection_idle_fuel_l,2,158.40000000000117,0.0,158.40000000000117,158.40000000000117,litres
event_heavy,fixed,depot_idle_fuel_l,2,18.0,0.0,18.0,18.0,litres
event_heavy,fixed,fuel_l,2,504.419965177128,0.8254151935129301,497.0039038974401,511.8360264568159,litres
event_heavy,fixed,co2_kg,2,1351.8455066747033,2.2121127186146383,1331.97046244514,1371.7205509042667,kg
event_heavy,fixed,collected_kg,2,97579.03446039865,5738.105926360974,46024.19816265069,149133.8707581466,kg
event_heavy,fixed,mean_fill_at_collection_pct,2,49.89641106452635,2.9098186105160884,23.752728105986947,76.04009402306575,%
event_heavy,fixed,truck_utilization_pct,2,60.23397188913496,3.5420406952845602,28.40999886583368,92.05794491243626,%
event_heavy,fixed,unserved_required_bins,2,0.0,0.0,0.0,0.0,count
event_heavy,fixed,inspection_events,2,30.5,7.7781745930520225,-39.38412604896081,100.38412604896081,count
event_heavy,fixed,routing_fallbacks,2,0.0,0.0,0.0,0.0,count
event_heavy,fixed,overflow_incidents_post_warmup,2,3.0,1.4142135623730951,-9.706204736174694,15.706204736174694,count
event_heavy,fixed,overflow_bin_hours_post_warmup,2,25.0,4.242640687119285,-13.118614208524079,63.11861420852408,bin-hours
event_heavy,fixed,overflow_spilled_kg_post_warmup,2,116.46151654214862,11.963089113453368,8.977425315098628,223.9456077691986,kg
event_heavy,fixed,distance_km_post_warmup,2,592.5419999999997,0.0,592.5419999999997,592.5419999999997,km
event_heavy,fixed,travel_time_hours_post_warmup,2,21.251100000000005,0.0,21.251100000000005,21.251100000000005,hours
event_heavy,fixed,service_time_hours_post_warmup,2,52.799999999999855,0.0,52.799999999999855,52.799999999999855,hours
event_heavy,fixed,depot_unloading_time_hours_post_warmup,2,5.999999999999998,0.0,5.999999999999998,5.999999999999998,hours
event_heavy,fixed,turnaround_time_hours_post_warmup,2,0.0,0.0,0.0,0.0,hours
event_heavy,fixed,idling_time_hours_post_warmup,2,58.799999999999855,0.0,58.799999999999855,58.799999999999855,hours
event_heavy,fixed,collection_trips_post_warmup,2,18.0,0.0,18.0,18.0,count
event_heavy,fixed,collection_stops_post_warmup,2,396.0,0.0,396.0,396.0,count
event_heavy,fixed,wasted_pickups_post_warmup,2,211.5,24.748737341529164,-10.858582883057124,433.8585828830571,count
event_heavy,fixed,base_driving_fuel_l_post_warmup,2,266.6438999999999,0.0,266.6438999999999,266.6438999999999,litres
event_heavy,fixed,traffic_fuel_penalty_l_post_warmup,2,47.323845,0.0,47.323845,47.323845,litres
event_heavy,fixed,payload_fuel_penalty_l_post_warmup,2,14.052220177126934,0.8254151935129164,6.636158897439197,21.468281456814672,litres
event_heavy,fixed,driving_fuel_l_post_warmup,2,328.0199651771269,0.8254151935129301,320.603903897439,335.4360264568148,litres
event_heavy,fixed,collection_idle_fuel_l_post_warmup,2,158.40000000000117,0.0,158.40000000000117,158.40000000000117,litres
event_heavy,fixed,depot_idle_fuel_l_post_warmup,2,18.0,0.0,18.0,18.0,litres
event_heavy,fixed,fuel_l_post_warmup,2,504.419965177128,0.8254151935129301,497.0039038974401,511.8360264568159,litres
event_heavy,fixed,co2_kg_post_warmup,2,1351.8455066747033,2.2121127186146383,1331.97046244514,1371.7205509042667,kg
event_heavy,fixed,collected_kg_post_warmup,2,97579.03446039865,5738.105926360974,46024.19816265069,149133.8707581466,kg
event_heavy,fixed,mean_fill_at_collection_pct_post_warmup,2,49.89641106452635,2.9098186105160884,23.752728105986947,76.04009402306575,%
event_heavy,fixed,truck_utilization_pct_post_warmup,2,60.23397188913496,3.5420406952845602,28.40999886583368,92.05794491243626,%
event_heavy,fixed,unserved_required_bins_post_warmup,2,0.0,0.0,0.0,0.0,count
event_heavy,fixed,inspection_events_post_warmup,2,30.5,7.7781745930520225,-39.38412604896081,100.38412604896081,count
event_heavy,fixed,routing_fallbacks_post_warmup,2,0.0,0.0,0.0,0.0,count
event_heavy,fixed,uncollected_kg_at_horizon,2,8385.607190742408,1340.5770382387605,-3658.999625142871,20430.214006627688,kg
event_heavy,fixed,unfinished_trip_count,2,0.0,0.0,0.0,0.0,count
event_heavy,smart,overflow_incidents,2,2.5,2.1213203435596424,-16.55930710426204,21.55930710426204,count
event_heavy,smart,overflow_bin_hours,2,31.5,43.1335136523794,-356.03924445332814,419.03924445332814,bin-hours
event_heavy,smart,overflow_spilled_kg,2,29.164437827444324,40.36040390900467,-333.45940410628583,391.78827976117446,kg
event_heavy,smart,distance_km,2,846.4274999999998,46.01497378571486,432.99936339671325,1259.8556366032863,km
event_heavy,smart,travel_time_hours,2,25.19666250000001,0.6625040567777101,19.244299711286285,31.149025288713734,hours
event_heavy,smart,service_time_hours,2,40.266666666666566,0.565685424949236,35.18418477219671,45.349148561136424,hours
event_heavy,smart,depot_unloading_time_hours,2,11.333333333333336,0.942809041582065,2.862530175883526,19.804136490783144,hours
event_heavy,smart,turnaround_time_hours,2,0.0,0.0,0.0,0.0,hours
event_heavy,smart,idling_time_hours,2,51.5999999999999,1.508494466531306,38.04671494808019,65.15328505191962,hours
event_heavy,smart,collection_trips,2,34.0,2.8284271247461903,8.587590527650612,59.41240947234939,count
event_heavy,smart,collection_stops,2,302.0,4.242640687119285,263.8813857914759,340.1186142085241,count
event_heavy,smart,wasted_pickups,2,43.5,23.33452377915607,-166.15237814688246,253.15237814688246,count
event_heavy,smart,base_driving_fuel_l,2,380.89237499999984,20.70673820357144,194.8497135285231,566.9350364714766,litres
event_heavy,smart,traffic_fuel_penalty_l,2,24.227595000000008,4.758365482443796,-18.524622655176813,66.97981265517683,litres
event_heavy,smart,payload_fuel_penalty_l,2,10.530386323466164,1.0568029128041871,1.035388868242185,20.02538377869014,litres
event_heavy,smart,driving_fuel_l,2,415.650356323466,14.891569808323515,281.8549099623895,549.4458026845425,litres
event_heavy,smart,collection_idle_fuel_l,2,120.80000000000064,1.6970562748477382,105.55255431659079,136.04744568341047,litres
event_heavy,smart,depot_idle_fuel_l,2,34.0,2.8284271247461903,8.587590527650612,59.41240947234939,litres
event_heavy,smart,fuel_l,2,570.4503563234666,19.417053207917444,395.99505480663095,744.9056578403023,litres
event_heavy,smart,co2_kg,2,1528.8069549468905,52.03770259721861,1061.2667468817722,1996.3471630120089,kg
event_heavy,smart,collected_kg,2,96170.02919171198,4282.738053495168,57691.15443972482,134648.90394369914,kg
event_heavy,smart,mean_fill_at_collection_pct,2,64.9343900437477,3.566789082224117,32.88806158580017,96.98071850169522,%
event_heavy,smart,truck_utilization_pct,2,31.59565681672021,4.027999739316234,-4.594484988402716,67.78579862184314,%
event_heavy,smart,unserved_required_bins,2,0.0,0.0,0.0,0.0,count
event_heavy,smart,inspection_events,2,395.0,111.72287142747452,-608.7901741578007,1398.7901741578007,count
event_heavy,smart,routing_fallbacks,2,0.0,0.0,0.0,0.0,count
event_heavy,smart,overflow_incidents_post_warmup,2,2.5,2.1213203435596424,-16.55930710426204,21.55930710426204,count
event_heavy,smart,overflow_bin_hours_post_warmup,2,31.5,43.1335136523794,-356.03924445332814,419.03924445332814,bin-hours
event_heavy,smart,overflow_spilled_kg_post_warmup,2,29.164437827444324,40.36040390900467,-333.45940410628583,391.78827976117446,kg
event_heavy,smart,distance_km_post_warmup,2,846.4274999999998,46.01497378571486,432.99936339671325,1259.8556366032863,km
event_heavy,smart,travel_time_hours_post_warmup,2,25.19666250000001,0.6625040567777101,19.244299711286285,31.149025288713734,hours
event_heavy,smart,service_time_hours_post_warmup,2,40.266666666666566,0.565685424949236,35.18418477219671,45.349148561136424,hours
event_heavy,smart,depot_unloading_time_hours_post_warmup,2,11.333333333333336,0.942809041582065,2.862530175883526,19.804136490783144,hours
event_heavy,smart,turnaround_time_hours_post_warmup,2,0.0,0.0,0.0,0.0,hours
event_heavy,smart,idling_time_hours_post_warmup,2,51.5999999999999,1.508494466531306,38.04671494808019,65.15328505191962,hours
event_heavy,smart,collection_trips_post_warmup,2,34.0,2.8284271247461903,8.587590527650612,59.41240947234939,count
event_heavy,smart,collection_stops_post_warmup,2,302.0,4.242640687119285,263.8813857914759,340.1186142085241,count
event_heavy,smart,wasted_pickups_post_warmup,2,43.5,23.33452377915607,-166.15237814688246,253.15237814688246,count
event_heavy,smart,base_driving_fuel_l_post_warmup,2,380.89237499999984,20.70673820357144,194.8497135285231,566.9350364714766,litres
event_heavy,smart,traffic_fuel_penalty_l_post_warmup,2,24.227595000000008,4.758365482443796,-18.524622655176813,66.97981265517683,litres
event_heavy,smart,payload_fuel_penalty_l_post_warmup,2,10.530386323466164,1.0568029128041871,1.035388868242185,20.02538377869014,litres
event_heavy,smart,driving_fuel_l_post_warmup,2,415.650356323466,14.891569808323515,281.8549099623895,549.4458026845425,litres
event_heavy,smart,collection_idle_fuel_l_post_warmup,2,120.80000000000064,1.6970562748477382,105.55255431659079,136.04744568341047,litres
event_heavy,smart,depot_idle_fuel_l_post_warmup,2,34.0,2.8284271247461903,8.587590527650612,59.41240947234939,litres
event_heavy,smart,fuel_l_post_warmup,2,570.4503563234666,19.417053207917444,395.99505480663095,744.9056578403023,litres
event_heavy,smart,co2_kg_post_warmup,2,1528.8069549468905,52.03770259721861,1061.2667468817722,1996.3471630120089,kg
event_heavy,smart,collected_kg_post_warmup,2,96170.02919171198,4282.738053495168,57691.15443972482,134648.90394369914,kg
event_heavy,smart,mean_fill_at_collection_pct_post_warmup,2,64.9343900437477,3.566789082224117,32.88806158580017,96.98071850169522,%
event_heavy,smart,truck_utilization_pct_post_warmup,2,31.59565681672021,4.027999739316234,-4.594484988402716,67.78579862184314,%
event_heavy,smart,unserved_required_bins_post_warmup,2,0.0,0.0,0.0,0.0,count
event_heavy,smart,inspection_events_post_warmup,2,371.5,111.01576464628796,-625.9370717897134,1368.9370717897134,count
event_heavy,smart,routing_fallbacks_post_warmup,2,0.0,0.0,0.0,0.0,count
event_heavy,smart,uncollected_kg_at_horizon,2,9881.909538143824,62.46734160452117,9320.66274142967,10443.156334857977,kg
event_heavy,smart,unfinished_trip_count,2,0.0,0.0,0.0,0.0,count
gradual_upward_trend,fixed,overflow_incidents,2,5.5,2.1213203435596424,-13.55930710426204,24.55930710426204,count
gradual_upward_trend,fixed,overflow_bin_hours,2,32.5,3.5355339059327378,0.7344881595632664,64.26551184043673,bin-hours
gradual_upward_trend,fixed,overflow_spilled_kg,2,149.7048188871138,44.4942740926946,-250.0603730550214,549.470010829249,kg
gradual_upward_trend,fixed,distance_km,2,594.5319999999997,2.814284989122472,569.2466525750119,619.8173474249875,km
gradual_upward_trend,fixed,travel_time_hours,2,21.309788888888892,0.08299862262727292,20.564075850928074,22.05550192684971,hours
gradual_upward_trend,fixed,service_time_hours,2,52.799999999999855,0.0,52.799999999999855,52.799999999999855,hours
gradual_upward_trend,fixed,depot_unloading_time_hours,2,6.166666666666664,0.23570226039551562,4.048965877304218,8.284367456029111,hours
gradual_upward_trend,fixed,turnaround_time_hours,2,0.08333333333333333,0.11785113019775792,-0.9755170613478911,1.1421837280145577,hours
gradual_upward_trend,fixed,idling_time_hours,2,58.96666666666652,0.23570226039551248,56.8489658773041,61.084367456028936,hours
gradual_upward_trend,fixed,collection_trips,2,18.5,0.7071067811865476,12.146897631912653,24.85310236808735,count
gradual_upward_trend,fixed,collection_stops,2,396.0,0.0,396.0,396.0,count
gradual_upward_trend,fixed,wasted_pickups,2,189.0,21.213203435596427,-1.5930710426203802,379.5930710426204,count
gradual_upward_trend,fixed,base_driving_fuel_l,2,267.5393999999999,1.2664282451051043,256.16099365875544,278.91780634124433,litres
gradual_upward_trend,fixed,traffic_fuel_penalty_l,2,47.369936249999995,0.06518287085672378,46.78429139095383,47.95558110904616,litres
gradual_upward_trend,fixed,payload_fuel_penalty_l,2,15.073305447118367,1.1612852419493405,4.639571509122296,25.50703938511444,litres
gradual_upward_trend,fixed,driving_fuel_l,2,329.9826416971183,0.17032587401249008,328.45232443482377,331.51295895941286,litres
gradual_upward_trend,fixed,collection_idle_fuel_l,2,158.40000000000117,0.0,158.40000000000117,158.40000000000117,litres
gradual_upward_trend,fixed,depot_idle_fuel_l,2,18.5,0.7071067811865476,12.146897631912653,24.85310236808735,litres
gradual_upward_trend,fixed,fuel_l,2,506.8826416971194,0.8774326551990377,498.99922206673756,514.7660613275013,litres
gradual_upward_trend,fixed,co2_kg,2,1358.4454797482804,2.3515195159334286,1337.317915138857,1379.5730443577038,kg
gradual_upward_trend,fixed,collected_kg,2,106182.87176670172,6495.603166879925,47822.1927863463,164543.55074705713,kg
gradual_upward_trend,fixed,mean_fill_at_collection_pct,2,54.367771902890105,3.299102889178921,24.726508467916897,84.00903533786331,%
gradual_upward_trend,fixed,truck_utilization_pct,2,63.894726127601714,6.343446629609323,6.901119395700398,120.88833285950304,%
gradual_upward_trend,fixed,unserved_required_bins,2,0.0,0.0,0.0,0.0,count
gradual_upward_trend,fixed,inspection_events,2,30.5,7.7781745930520225,-39.38412604896081,100.38412604896081,count
gradual_upward_trend,fixed,routing_fallbacks,2,0.0,0.0,0.0,0.0,count
gradual_upward_trend,fixed,overflow_incidents_post_warmup,2,5.5,2.1213203435596424,-13.55930710426204,24.55930710426204,count
gradual_upward_trend,fixed,overflow_bin_hours_post_warmup,2,32.5,3.5355339059327378,0.7344881595632664,64.26551184043673,bin-hours
gradual_upward_trend,fixed,overflow_spilled_kg_post_warmup,2,149.7048188871138,44.4942740926946,-250.0603730550214,549.470010829249,kg
gradual_upward_trend,fixed,distance_km_post_warmup,2,594.5319999999997,2.814284989122472,569.2466525750119,619.8173474249875,km
gradual_upward_trend,fixed,travel_time_hours_post_warmup,2,21.309788888888892,0.08299862262727292,20.564075850928074,22.05550192684971,hours
gradual_upward_trend,fixed,service_time_hours_post_warmup,2,52.799999999999855,0.0,52.799999999999855,52.799999999999855,hours
gradual_upward_trend,fixed,depot_unloading_time_hours_post_warmup,2,6.166666666666664,0.23570226039551562,4.048965877304218,8.284367456029111,hours
gradual_upward_trend,fixed,turnaround_time_hours_post_warmup,2,0.08333333333333333,0.11785113019775792,-0.9755170613478911,1.1421837280145577,hours
gradual_upward_trend,fixed,idling_time_hours_post_warmup,2,58.96666666666652,0.23570226039551248,56.8489658773041,61.084367456028936,hours
gradual_upward_trend,fixed,collection_trips_post_warmup,2,18.5,0.7071067811865476,12.146897631912653,24.85310236808735,count
gradual_upward_trend,fixed,collection_stops_post_warmup,2,396.0,0.0,396.0,396.0,count
gradual_upward_trend,fixed,wasted_pickups_post_warmup,2,189.0,21.213203435596427,-1.5930710426203802,379.5930710426204,count
gradual_upward_trend,fixed,base_driving_fuel_l_post_warmup,2,267.5393999999999,1.2664282451051043,256.16099365875544,278.91780634124433,litres
gradual_upward_trend,fixed,traffic_fuel_penalty_l_post_warmup,2,47.369936249999995,0.06518287085672378,46.78429139095383,47.95558110904616,litres
gradual_upward_trend,fixed,payload_fuel_penalty_l_post_warmup,2,15.073305447118367,1.1612852419493405,4.639571509122296,25.50703938511444,litres
gradual_upward_trend,fixed,driving_fuel_l_post_warmup,2,329.9826416971183,0.17032587401249008,328.45232443482377,331.51295895941286,litres
gradual_upward_trend,fixed,collection_idle_fuel_l_post_warmup,2,158.40000000000117,0.0,158.40000000000117,158.40000000000117,litres
gradual_upward_trend,fixed,depot_idle_fuel_l_post_warmup,2,18.5,0.7071067811865476,12.146897631912653,24.85310236808735,litres
gradual_upward_trend,fixed,fuel_l_post_warmup,2,506.8826416971194,0.8774326551990377,498.99922206673756,514.7660613275013,litres
gradual_upward_trend,fixed,co2_kg_post_warmup,2,1358.4454797482804,2.3515195159334286,1337.317915138857,1379.5730443577038,kg
gradual_upward_trend,fixed,collected_kg_post_warmup,2,106182.87176670172,6495.603166879925,47822.1927863463,164543.55074705713,kg
gradual_upward_trend,fixed,mean_fill_at_collection_pct_post_warmup,2,54.367771902890105,3.299102889178921,24.726508467916897,84.00903533786331,%
gradual_upward_trend,fixed,truck_utilization_pct_post_warmup,2,63.894726127601714,6.343446629609323,6.901119395700398,120.88833285950304,%
gradual_upward_trend,fixed,unserved_required_bins_post_warmup,2,0.0,0.0,0.0,0.0,count
gradual_upward_trend,fixed,inspection_events_post_warmup,2,30.5,7.7781745930520225,-39.38412604896081,100.38412604896081,count
gradual_upward_trend,fixed,routing_fallbacks_post_warmup,2,0.0,0.0,0.0,0.0,count
gradual_upward_trend,fixed,uncollected_kg_at_horizon,2,9747.930571317462,1584.3217563503251,-4486.6356496309,23982.496792265825,kg
gradual_upward_trend,fixed,unfinished_trip_count,2,0.0,0.0,0.0,0.0,count
gradual_upward_trend,smart,overflow_incidents,2,3.5,4.949747468305833,-40.97171657661143,47.97171657661143,count
gradual_upward_trend,smart,overflow_bin_hours,2,135.5,191.6259377015544,-1586.1907417516709,1857.1907417516709,bin-hours
gradual_upward_trend,smart,overflow_spilled_kg,2,149.29596606341116,211.1363800144694,-1747.6891450232802,2046.2810771501026,kg
gradual_upward_trend,smart,distance_km,2,973.6074999999997,32.96036839144842,677.4703393163454,1269.744660683654,km
gradual_upward_trend,smart,travel_time_hours,2,28.215636111111117,2.430506712004427,6.378399701390091,50.05287252083214,hours
gradual_upward_trend,smart,service_time_hours,2,44.866666666666546,0.47140452079103,40.631265087941664,49.10206824539143,hours
gradual_upward_trend,smart,depot_unloading_time_hours,2,13.33333333333334,0.942809041582065,4.8625301758835295,21.80413649078315,hours
gradual_upward_trend,smart,turnaround_time_hours,2,0.0,0.0,0.0,0.0,hours
gradual_upward_trend,smart,idling_time_hours,2,58.19999999999989,0.471404520791035,53.964598421274964,62.435401578724814,hours
gradual_upward_trend,smart,collection_trips,2,40.0,2.8284271247461903,14.587590527650612,65.4124094723494,count
gradual_upward_trend,smart,collection_stops,2,336.5,3.5355339059327378,304.7344881595633,368.2655118404367,count
gradual_upward_trend,smart,wasted_pickups,2,54.5,2.1213203435596424,35.44069289573796,73.55930710426205,count
gradual_upward_trend,smart,base_driving_fuel_l,2,438.123375,14.83216577615215,304.8616526923523,571.3850973076477,litres
gradual_upward_trend,smart,traffic_fuel_penalty_l,2,23.438958750000012,17.192002075840485,-131.02505150444256,177.90296900444258,litres
gradual_upward_trend,smart,payload_fuel_penalty_l,2,11.210482943445278,0.2659188543017974,8.821296829080854,13.599669057809702,litres
gradual_upward_trend,smart,driving_fuel_l,2,472.7728166934453,32.29008670629445,182.65789801699037,762.8877353699002,litres
gradual_upward_trend,smart,collection_idle_fuel_l,2,134.60000000000082,1.4142135623731151,121.89379526382595,147.3062047361757,litres
gradual_upward_trend,smart,depot_idle_fuel_l,2,40.0,2.8284271247461903,14.587590527650612,65.4124094723494,litres
gradual_upward_trend,smart,fuel_l,2,647.3728166934461,33.70430026866751,344.55169328081683,950.1939401060754,litres
gradual_upward_trend,smart,co2_kg,2,1734.9591487384357,90.32752472002903,923.3985379925883,2546.519759484283,kg
gradual_upward_trend,smart,collected_kg,2,104946.44268188496,1151.8585556361943,94597.40416010137,115295.48120366855,kg
gradual_upward_trend,smart,mean_fill_at_collection_pct,2,63.94388111161872,0.9712790038790089,55.21728549155872,72.67047673167872,%
gradual_upward_trend,smart,truck_utilization_pct,2,29.2135110922033,1.745746469657593,13.528601364918705,44.898420819487896,%
gradual_upward_trend,smart,unserved_required_bins,2,0.5,0.7071067811865476,-5.853102368087347,6.853102368087347,count
gradual_upward_trend,smart,inspection_events,2,400.5,125.15790027001891,-723.9991191514603,1524.9991191514603,count
gradual_upward_trend,smart,routing_fallbacks,2,0.0,0.0,0.0,0.0,count
gradual_upward_trend,smart,overflow_incidents_post_warmup,2,3.5,4.949747468305833,-40.97171657661143,47.97171657661143,count
gradual_upward_trend,smart,overflow_bin_hours_post_warmup,2,135.5,191.6259377015544,-1586.1907417516709,1857.1907417516709,bin-hours
gradual_upward_trend,smart,overflow_spilled_kg_post_warmup,2,149.29596606341116,211.1363800144694,-1747.6891450232802,2046.2810771501026,kg
gradual_upward_trend,smart,distance_km_post_warmup,2,973.6074999999997,32.96036839144842,677.4703393163454,1269.744660683654,km
gradual_upward_trend,smart,travel_time_hours_post_warmup,2,28.215636111111117,2.430506712004427,6.378399701390091,50.05287252083214,hours
gradual_upward_trend,smart,service_time_hours_post_warmup,2,44.866666666666546,0.47140452079103,40.631265087941664,49.10206824539143,hours
gradual_upward_trend,smart,depot_unloading_time_hours_post_warmup,2,13.33333333333334,0.942809041582065,4.8625301758835295,21.80413649078315,hours
gradual_upward_trend,smart,turnaround_time_hours_post_warmup,2,0.0,0.0,0.0,0.0,hours
gradual_upward_trend,smart,idling_time_hours_post_warmup,2,58.19999999999989,0.471404520791035,53.964598421274964,62.435401578724814,hours
gradual_upward_trend,smart,collection_trips_post_warmup,2,40.0,2.8284271247461903,14.587590527650612,65.4124094723494,count
gradual_upward_trend,smart,collection_stops_post_warmup,2,336.5,3.5355339059327378,304.7344881595633,368.2655118404367,count
gradual_upward_trend,smart,wasted_pickups_post_warmup,2,54.5,2.1213203435596424,35.44069289573796,73.55930710426205,count
gradual_upward_trend,smart,base_driving_fuel_l_post_warmup,2,438.123375,14.83216577615215,304.8616526923523,571.3850973076477,litres
gradual_upward_trend,smart,traffic_fuel_penalty_l_post_warmup,2,23.438958750000012,17.192002075840485,-131.02505150444256,177.90296900444258,litres
gradual_upward_trend,smart,payload_fuel_penalty_l_post_warmup,2,11.210482943445278,0.2659188543017974,8.821296829080854,13.599669057809702,litres
gradual_upward_trend,smart,driving_fuel_l_post_warmup,2,472.7728166934453,32.29008670629445,182.65789801699037,762.8877353699002,litres
gradual_upward_trend,smart,collection_idle_fuel_l_post_warmup,2,134.60000000000082,1.4142135623731151,121.89379526382595,147.3062047361757,litres
gradual_upward_trend,smart,depot_idle_fuel_l_post_warmup,2,40.0,2.8284271247461903,14.587590527650612,65.4124094723494,litres
gradual_upward_trend,smart,fuel_l_post_warmup,2,647.3728166934461,33.70430026866751,344.55169328081683,950.1939401060754,litres
gradual_upward_trend,smart,co2_kg_post_warmup,2,1734.9591487384357,90.32752472002903,923.3985379925883,2546.519759484283,kg
gradual_upward_trend,smart,collected_kg_post_warmup,2,104946.44268188496,1151.8585556361943,94597.40416010137,115295.48120366855,kg
gradual_upward_trend,smart,mean_fill_at_collection_pct_post_warmup,2,63.94388111161872,0.9712790038790089,55.21728549155872,72.67047673167872,%
gradual_upward_trend,smart,truck_utilization_pct_post_warmup,2,29.2135110922033,1.745746469657593,13.528601364918705,44.898420819487896,%
gradual_upward_trend,smart,unserved_required_bins_post_warmup,2,0.5,0.7071067811865476,-5.853102368087347,6.853102368087347,count
gradual_upward_trend,smart,inspection_events_post_warmup,2,377.0,124.45079348883236,-741.1460167833729,1495.146016783373,count
gradual_upward_trend,smart,routing_fallbacks_post_warmup,2,0.0,0.0,0.0,0.0,count
gradual_upward_trend,smart,uncollected_kg_at_horizon,2,10984.768508957972,3503.7922007862135,-20495.55542563642,42465.09244355236,kg
gradual_upward_trend,smart,unfinished_trip_count,2,0.0,0.0,0.0,0.0,count
high_demand_seasonal,fixed,overflow_incidents,2,95.5,23.33452377915607,-114.15237814688246,305.1523781468825,count
high_demand_seasonal,fixed,overflow_bin_hours,2,1094.0,271.5290039756342,-1345.591309345541,3533.591309345541,bin-hours
high_demand_seasonal,fixed,overflow_spilled_kg,2,5375.1441662495035,543.8528255144292,488.8203950803745,10261.467937418633,kg
high_demand_seasonal,fixed,distance_km,2,619.8729999999996,6.322948837369952,563.0635586245639,676.6824413754352,km
high_demand_seasonal,fixed,travel_time_hours,2,21.94784444444445,0.18958514896362885,20.24448946202735,23.65119942686155,hours
high_demand_seasonal,fixed,service_time_hours,2,52.799999999999855,0.0,52.799999999999855,52.799999999999855,hours
high_demand_seasonal,fixed,depot_unloading_time_hours,2,8.666666666666664,0.4714045207910325,4.431265087941759,12.902068245391568,hours
high_demand_seasonal,fixed,turnaround_time_hours,2,1.3333333333333333,0.23570226039551595,-0.7843674560291165,3.4510341226957832,hours
high_demand_seasonal,fixed,idling_time_hours,2,61.46666666666652,0.471404520791035,57.231265087941594,65.70206824539144,hours
high_demand_seasonal,fixed,collection_trips,2,26.0,1.4142135623730951,13.293795263825306,38.7062047361747,count
high_demand_seasonal,fixed,collection_stops,2,396.0,0.0,396.0,396.0,count
high_demand_seasonal,fixed,wasted_pickups,2,83.0,25.45584412271571,-145.71168525114447,311.71168525114444,count
high_demand_seasonal,fixed,base_driving_fuel_l,2,278.94284999999996,2.8453269768167275,253.37860138105168,304.50709861894825,litres
high_demand_seasonal,fixed,traffic_fuel_penalty_l,2,45.75228750000001,0.9246198981473442,37.44490731246529,54.05966768753473,litres
high_demand_seasonal,fixed,payload_fuel_penalty_l,2,17.879605901328915,0.7698292586253618,10.962964432004028,24.796247370653802,litres
high_demand_seasonal,fixed,driving_fuel_l,2,342.5747434013289,4.539776133589444,301.7864731255209,383.36301367713685,litres
high_demand_seasonal,fixed,collection_idle_fuel_l,2,158.40000000000117,0.0,158.40000000000117,158.40000000000117,litres
high_demand_seasonal,fixed,depot_idle_fuel_l,2,26.0,1.4142135623730951,13.293795263825306,38.7062047361747,litres
high_demand_seasonal,fixed,fuel_l,2,526.97474340133,5.953989695962539,473.4802683893473,580.4692184133127,litres
high_demand_seasonal,fixed,co2_kg,2,1412.2923123155647,15.956692385179574,1268.9271192834515,1555.657505347678,kg
high_demand_seasonal,fixed,collected_kg,2,144025.07837342029,8443.738939718907,68161.09392198664,219889.06282485393,kg
high_demand_seasonal,fixed,mean_fill_at_collection_pct,2,72.92386041187855,4.253071674052847,34.71152750406849,111.1361933196886,%
high_demand_seasonal,fixed,truck_utilization_pct,2,61.54208086660219,0.26098754362391235,59.19720082082457,63.88696091237981,%
high_demand_seasonal,fixed,unserved_required_bins,2,0.0,0.0,0.0,0.0,count
high_demand_seasonal,fixed,inspection_events,2,29.5,7.7781745930520225,-40.38412604896081,99.38412604896081,count
high_demand_seasonal,fixed,routing_fallbacks,2,0.0,0.0,0.0,0.0,count
high_demand_seasonal,fixed,overflow_incidents_post_warmup,2,91.0,16.97056274847714,-61.474456834096316,243.47445683409632,count
high_demand_seasonal,fixed,overflow_bin_hours_post_warmup,2,1076.0,246.07315985291854,-1134.8796240943966,3286.8796240943966,bin-hours
high_demand_seasonal,fixed,overflow_spilled_kg_post_warmup,2,5261.4421638276635,383.05391162048466,1819.8393143434641,8703.045013311863,kg
high_demand_seasonal,fixed,distance_km_post_warmup,2,619.8729999999996,6.322948837369952,563.0635586245639,676.6824413754352,km
high_demand_seasonal,fixed,travel_time_hours_post_warmup,2,21.94784444444445,0.18958514896362885,20.24448946202735,23.65119942686155,hours
high_demand_seasonal,fixed,service_time_hours_post_warmup,2,52.799999999999855,0.0,52.799999999999855,52.799999999999855,hours
high_demand_seasonal,fixed,depot_unloading_time_hours_post_warmup,2,8.666666666666664,0.4714045207910325,4.431265087941759,12.902068245391568,hours
high_demand_seasonal,fixed,turnaround_time_hours_post_warmup,2,1.3333333333333333,0.23570226039551595,-0.7843674560291165,3.4510341226957832,hours
high_demand_seasonal,fixed,idling_time_hours_post_warmup,2,61.46666666666652,0.471404520791035,57.231265087941594,65.70206824539144,hours
high_demand_seasonal,fixed,collection_trips_post_warmup,2,26.0,1.4142135623730951,13.293795263825306,38.7062047361747,count
high_demand_seasonal,fixed,collection_stops_post_warmup,2,396.0,0.0,396.0,396.0,count
high_demand_seasonal,fixed,wasted_pickups_post_warmup,2,83.0,25.45584412271571,-145.71168525114447,311.71168525114444,count
high_demand_seasonal,fixed,base_driving_fuel_l_post_warmup,2,278.94284999999996,2.8453269768167275,253.37860138105168,304.50709861894825,litres
high_demand_seasonal,fixed,traffic_fuel_penalty_l_post_warmup,2,45.75228750000001,0.9246198981473442,37.44490731246529,54.05966768753473,litres
high_demand_seasonal,fixed,payload_fuel_penalty_l_post_warmup,2,17.879605901328915,0.7698292586253618,10.962964432004028,24.796247370653802,litres
high_demand_seasonal,fixed,driving_fuel_l_post_warmup,2,342.5747434013289,4.539776133589444,301.7864731255209,383.36301367713685,litres
high_demand_seasonal,fixed,collection_idle_fuel_l_post_warmup,2,158.40000000000117,0.0,158.40000000000117,158.40000000000117,litres
high_demand_seasonal,fixed,depot_idle_fuel_l_post_warmup,2,26.0,1.4142135623730951,13.293795263825306,38.7062047361747,litres
high_demand_seasonal,fixed,fuel_l_post_warmup,2,526.97474340133,5.953989695962539,473.4802683893473,580.4692184133127,litres
high_demand_seasonal,fixed,co2_kg_post_warmup,2,1412.2923123155647,15.956692385179574,1268.9271192834515,1555.657505347678,kg
high_demand_seasonal,fixed,collected_kg_post_warmup,2,144025.07837342029,8443.738939718907,68161.09392198664,219889.06282485393,kg
high_demand_seasonal,fixed,mean_fill_at_collection_pct_post_warmup,2,72.92386041187855,4.253071674052847,34.71152750406849,111.1361933196886,%
high_demand_seasonal,fixed,truck_utilization_pct_post_warmup,2,61.54208086660219,0.26098754362391235,59.19720082082457,63.88696091237981,%
high_demand_seasonal,fixed,unserved_required_bins_post_warmup,2,0.0,0.0,0.0,0.0,count
high_demand_seasonal,fixed,inspection_events_post_warmup,2,29.5,7.7781745930520225,-40.38412604896081,99.38412604896081,count
high_demand_seasonal,fixed,routing_fallbacks_post_warmup,2,0.0,0.0,0.0,0.0,count
high_demand_seasonal,fixed,uncollected_kg_at_horizon,2,13178.551375576899,2061.078976391087,-5339.508518789695,31696.611269943493,kg
high_demand_seasonal,fixed,unfinished_trip_count,2,0.0,0.0,0.0,0.0,count
high_demand_seasonal,smart,overflow_incidents,2,8.0,4.242640687119285,-30.11861420852408,46.11861420852408,count
high_demand_seasonal,smart,overflow_bin_hours,2,133.5,150.61374439273462,-1219.710804402605,1486.710804402605,bin-hours
high_demand_seasonal,smart,overflow_spilled_kg,2,241.79482297175403,241.13691256468803,-1924.7343788516268,2408.324024795135,kg
high_demand_seasonal,smart,distance_km,2,1363.0854999999997,90.20773339631117,552.601171595995,2173.5698284040045,km
high_demand_seasonal,smart,travel_time_hours,2,41.05511041666668,0.7085357261402001,34.68916948754378,47.42105134578958,hours
high_demand_seasonal,smart,service_time_hours,2,63.86666666666652,2.0741798914805822,45.23089972027658,82.50243361305645,hours
high_demand_seasonal,smart,depot_unloading_time_hours,2,17.833333333333336,1.178511301977575,7.244829386521129,28.421837280145542,hours
high_demand_seasonal,smart,turnaround_time_hours,2,0.0,0.0,0.0,0.0,hours
high_demand_seasonal,smart,idling_time_hours,2,81.69999999999986,3.252691193458155,52.47572910679774,110.92427089320198,hours
high_demand_seasonal,smart,collection_trips,2,53.5,3.5355339059327378,21.734488159563266,85.26551184043673,count
high_demand_seasonal,smart,collection_stops,2,479.0,15.556349186104045,339.2317479020784,618.7682520979216,count
high_demand_seasonal,smart,wasted_pickups,2,53.0,15.556349186104045,-86.76825209792162,192.76825209792162,count
high_demand_seasonal,smart,base_driving_fuel_l,2,613.3884749999997,40.59348002834042,248.67052721819402,978.1064227818055,litres
high_demand_seasonal,smart,traffic_fuel_penalty_l,2,47.28616875000001,11.765197946539335,-58.41994088417733,152.99227838417735,litres
high_demand_seasonal,smart,payload_fuel_penalty_l,2,16.949819555619772,0.5786313846205233,11.751022828322535,22.14861628291701,litres
high_demand_seasonal,smart,driving_fuel_l,2,677.6244633056195,29.406913466421624,413.4138284306938,941.8350981805453,litres
high_demand_seasonal,smart,collection_idle_fuel_l,2,191.60000000000164,6.222539674441706,135.6926991608322,247.50730083917108,litres
high_demand_seasonal,smart,depot_idle_fuel_l,2,53.5,3.5355339059327378,21.734488159563266,85.26551184043673,litres
high_demand_seasonal,smart,fuel_l,2,922.7244633056212,39.16498704679603,570.8410157510896,1274.6079108601527,litres
high_demand_seasonal,smart,co2_kg,2,2472.901561659065,104.96216528541336,1529.8539222129205,3415.94920110521,kg
high_demand_seasonal,smart,collected_kg,2,154765.43162669626,5454.270648245553,105760.75412464805,203770.10912874446,kg
high_demand_seasonal,smart,mean_fill_at_collection_pct,2,65.64282091784744,0.020520030214119942,65.45845576110578,65.82718607458911,%
high_demand_seasonal,smart,truck_utilization_pct,2,32.17518173289662,0.993522219504209,23.248738749436697,41.10162471635654,%
high_demand_seasonal,smart,unserved_required_bins,2,1.0,0.0,1.0,1.0,count
high_demand_seasonal,smart,inspection_events,2,402.5,125.15790027001891,-721.9991191514603,1526.9991191514603,count
high_demand_seasonal,smart,routing_fallbacks,2,0.0,0.0,0.0,0.0,count
high_demand_seasonal,smart,overflow_incidents_post_warmup,2,8.0,4.242640687119285,-30.11861420852408,46.11861420852408,count
high_demand_seasonal,smart,overflow_bin_hours_post_warmup,2,133.5,150.61374439273462,-1219.710804402605,1486.710804402605,bin-hours
high_demand_seasonal,smart,overflow_spilled_kg_post_warmup,2,241.79482297175403,241.13691256468803,-1924.7343788516268,2408.324024795135,kg
high_demand_seasonal,smart,distance_km_post_warmup,2,1298.1299999999994,89.58901496277278,493.2046361680725,2103.055363831926,km
high_demand_seasonal,smart,travel_time_hours_post_warmup,2,38.97867222222222,1.1453224595283826,28.68835819405883,49.268986250385616,hours
high_demand_seasonal,smart,service_time_hours_post_warmup,2,60.99999999999983,2.168460795638738,41.51715273786537,80.48284726213429,hours
high_demand_seasonal,smart,depot_unloading_time_hours_post_warmup,2,17.16666666666667,1.178511301977575,6.578162719854465,27.755170613478878,hours
high_demand_seasonal,smart,turnaround_time_hours_post_warmup,2,0.0,0.0,0.0,0.0,hours
high_demand_seasonal,smart,idling_time_hours_post_warmup,2,78.1666666666665,3.3469720976163155,48.095315457719806,108.2380178756132,hours
high_demand_seasonal,smart,collection_trips_post_warmup,2,51.5,3.5355339059327378,19.734488159563266,83.26551184043673,count
high_demand_seasonal,smart,collection_stops_post_warmup,2,457.5,16.263455967290593,311.37864553399106,603.6213544660089,count
high_demand_seasonal,smart,wasted_pickups_post_warmup,2,53.0,15.556349186104045,-86.76825209792162,192.76825209792162,count
high_demand_seasonal,smart,base_driving_fuel_l_post_warmup,2,584.1584999999998,40.315056733248085,221.94208627562966,946.3749137243699,litres
high_demand_seasonal,smart,traffic_fuel_penalty_l_post_warmup,2,44.31596625,7.5646972880448535,-23.65014231127934,112.28207481127934,litres
high_demand_seasonal,smart,payload_fuel_penalty_l_post_warmup,2,16.162389575410568,0.8502883463251497,8.52285188418562,23.801927266635516,litres
high_demand_seasonal,smart,driving_fuel_l_post_warmup,2,644.6368558254105,33.60064779152839,342.74701297109476,946.5266986797262,litres
high_demand_seasonal,smart,collection_idle_fuel_l_post_warmup,2,183.00000000000153,6.505382386916329,124.55145821359713,241.44854178640594,litres
high_demand_seasonal,smart,depot_idle_fuel_l_post_warmup,2,51.5,3.5355339059327378,19.734488159563266,83.26551184043673,litres
high_demand_seasonal,smart,fuel_l_post_warmup,2,879.136855825412,43.64156408437748,487.03295934425483,1271.2407523065692,litres
high_demand_seasonal,smart,co2_kg_post_warmup,2,2356.0867736121045,116.95939174613164,1305.2483310426035,3406.9252161816057,kg
high_demand_seasonal,smart,collected_kg_post_warmup,2,149292.98655198395,6923.741972997231,87085.63301640835,211500.34008755954,kg
high_demand_seasonal,smart,mean_fill_at_collection_pct_post_warmup,2,65.43667162187613,0.24024089926176248,63.27819278017955,67.59515046357271,%
high_demand_seasonal,smart,truck_utilization_pct_post_warmup,2,32.23460672367701,0.7191471582394466,25.773325859777366,38.69588758757666,%
high_demand_seasonal,smart,unserved_required_bins_post_warmup,2,1.0,0.0,1.0,1.0,count
high_demand_seasonal,smart,inspection_events_post_warmup,2,379.0,124.45079348883236,-739.1460167833729,1497.146016783373,count
high_demand_seasonal,smart,routing_fallbacks_post_warmup,2,0.0,0.0,0.0,0.0,count
high_demand_seasonal,smart,uncollected_kg_at_horizon,2,7571.547465578729,1231.1052280319639,-3489.494158785459,18632.589089942918,kg
high_demand_seasonal,smart,unfinished_trip_count,2,0.0,0.0,0.0,0.0,count
localized_surge,fixed,overflow_incidents,2,14.0,1.4142135623730951,1.2937952638253059,26.706204736174694,count
localized_surge,fixed,overflow_bin_hours,2,220.5,33.23401871576773,-78.09581130010525,519.0958113001052,bin-hours
localized_surge,fixed,overflow_spilled_kg,2,1310.4894955110185,54.173146482921126,823.7630853500738,1797.2159056719634,kg
localized_surge,fixed,distance_km,2,594.4244999999996,2.662257031167342,570.5050695841509,618.3439304158484,km
localized_surge,fixed,travel_time_hours,2,21.299481250000007,0.06842141991456618,20.68473918210793,21.914223317892084,hours
localized_surge,fixed,service_time_hours,2,52.799999999999855,0.0,52.799999999999855,52.799999999999855,hours
localized_surge,fixed,depot_unloading_time_hours,2,6.166666666666664,0.23570226039551562,4.048965877304218,8.284367456029111,hours
localized_surge,fixed,turnaround_time_hours,2,0.08333333333333333,0.11785113019775792,-0.9755170613478911,1.1421837280145577,hours
localized_surge,fixed,idling_time_hours,2,58.96666666666652,0.23570226039551248,56.8489658773041,61.084367456028936,hours
localized_surge,fixed,collection_trips,2,18.5,0.7071067811865476,12.146897631912653,24.85310236808735,count
localized_surge,fixed,collection_stops,2,396.0,0.0,396.0,396.0,count
localized_surge,fixed,wasted_pickups,2,192.0,22.627416997969522,-11.299275778795106,395.2992757787951,count
localized_surge,fixed,base_driving_fuel_l,2,267.4910249999999,1.1980156640252757,256.72728131286823,278.2547686871316,litres
localized_surge,fixed,traffic_fuel_penalty_l,2,47.341305,0.02469216879903397,47.11945466530639,47.563155334693604,litres
localized_surge,fixed,payload_fuel_penalty_l,2,14.933784444987877,1.0677145794553085,5.340749554562539,24.526819335413215,litres
localized_surge,fixed,driving_fuel_l,2,329.7661144449878,0.15499325336897357,328.3735553135881,331.1586735763875,litres
localized_surge,fixed,collection_idle_fuel_l,2,158.40000000000117,0.0,158.40000000000117,158.40000000000117,litres
localized_surge,fixed,depot_idle_fuel_l,2,18.5,0.7071067811865476,12.146897631912653,24.85310236808735,litres
localized_surge,fixed,fuel_l,2,506.6661144449889,0.8621000345555211,498.92045294550184,514.411775944476,litres
localized_surge,fixed,co2_kg,2,1357.8651867125704,2.3104280926087952,1337.1068138939452,1378.6235595311957,kg
localized_surge,fixed,collected_kg,2,104749.68921880846,6382.315080400037,47406.863311907844,162092.51512570906,kg
localized_surge,fixed,mean_fill_at_collection_pct,2,53.717084502972554,3.2813439713437336,24.23537861426425,83.19879039168086,%
localized_surge,fixed,truck_utilization_pct,2,63.03202533087935,6.242431597180105,6.946002656737441,119.11804800502125,%
localized_surge,fixed,unserved_required_bins,2,0.0,0.0,0.0,0.0,count
localized_surge,fixed,inspection_events,2,30.0,7.0710678118654755,-33.53102368087347,93.53102368087346,count
localized_surge,fixed,routing_fallbacks,2,0.0,0.0,0.0,0.0,count
localized_surge,fixed,overflow_incidents_post_warmup,2,14.0,1.4142135623730951,1.2937952638253059,26.706204736174694,count
localized_surge,fixed,overflow_bin_hours_post_warmup,2,220.5,33.23401871576773,-78.09581130010525,519.0958113001052,bin-hours
localized_surge,fixed,overflow_spilled_kg_post_warmup,2,1310.4894955110185,54.173146482921126,823.7630853500738,1797.2159056719634,kg
localized_surge,fixed,distance_km_post_warmup,2,594.4244999999996,2.662257031167342,570.5050695841509,618.3439304158484,km
localized_surge,fixed,travel_time_hours_post_warmup,2,21.299481250000007,0.06842141991456618,20.68473918210793,21.914223317892084,hours
localized_surge,fixed,service_time_hours_post_warmup,2,52.799999999999855,0.0,52.799999999999855,52.799999999999855,hours
localized_surge,fixed,depot_unloading_time_hours_post_warmup,2,6.166666666666664,0.23570226039551562,4.048965877304218,8.284367456029111,hours
localized_surge,fixed,turnaround_time_hours_post_warmup,2,0.08333333333333333,0.11785113019775792,-0.9755170613478911,1.1421837280145577,hours
localized_surge,fixed,idling_time_hours_post_warmup,2,58.96666666666652,0.23570226039551248,56.8489658773041,61.084367456028936,hours
localized_surge,fixed,collection_trips_post_warmup,2,18.5,0.7071067811865476,12.146897631912653,24.85310236808735,count
localized_surge,fixed,collection_stops_post_warmup,2,396.0,0.0,396.0,396.0,count
localized_surge,fixed,wasted_pickups_post_warmup,2,192.0,22.627416997969522,-11.299275778795106,395.2992757787951,count
localized_surge,fixed,base_driving_fuel_l_post_warmup,2,267.4910249999999,1.1980156640252757,256.72728131286823,278.2547686871316,litres
localized_surge,fixed,traffic_fuel_penalty_l_post_warmup,2,47.341305,0.02469216879903397,47.11945466530639,47.563155334693604,litres
localized_surge,fixed,payload_fuel_penalty_l_post_warmup,2,14.933784444987877,1.0677145794553085,5.340749554562539,24.526819335413215,litres
localized_surge,fixed,driving_fuel_l_post_warmup,2,329.7661144449878,0.15499325336897357,328.3735553135881,331.1586735763875,litres
localized_surge,fixed,collection_idle_fuel_l_post_warmup,2,158.40000000000117,0.0,158.40000000000117,158.40000000000117,litres
localized_surge,fixed,depot_idle_fuel_l_post_warmup,2,18.5,0.7071067811865476,12.146897631912653,24.85310236808735,litres
localized_surge,fixed,fuel_l_post_warmup,2,506.6661144449889,0.8621000345555211,498.92045294550184,514.411775944476,litres
localized_surge,fixed,co2_kg_post_warmup,2,1357.8651867125704,2.3104280926087952,1337.1068138939452,1378.6235595311957,kg
localized_surge,fixed,collected_kg_post_warmup,2,104749.68921880846,6382.315080400037,47406.863311907844,162092.51512570906,kg
localized_surge,fixed,mean_fill_at_collection_pct_post_warmup,2,53.717084502972554,3.2813439713437336,24.23537861426425,83.19879039168086,%
localized_surge,fixed,truck_utilization_pct_post_warmup,2,63.03202533087935,6.242431597180105,6.946002656737441,119.11804800502125,%
localized_surge,fixed,unserved_required_bins_post_warmup,2,0.0,0.0,0.0,0.0,count
localized_surge,fixed,inspection_events_post_warmup,2,30.0,7.0710678118654755,-33.53102368087347,93.53102368087346,count
localized_surge,fixed,routing_fallbacks_post_warmup,2,0.0,0.0,0.0,0.0,count
localized_surge,fixed,uncollected_kg_at_horizon,2,8914.824598168285,1449.1174292946068,-4104.9789401878315,21934.6281365244,kg
localized_surge,fixed,unfinished_trip_count,2,0.0,0.0,0.0,0.0,count
localized_surge,smart,overflow_incidents,2,3.5,0.7071067811865476,-2.853102368087347,9.853102368087347,count
localized_surge,smart,overflow_bin_hours,2,30.5,28.991378028648448,-229.97719709158122,290.9771970915812,bin-hours
localized_surge,smart,overflow_spilled_kg,2,36.32286438539558,36.51015934936123,-291.70790266855505,364.3536314393462,kg
localized_surge,smart,distance_km,2,1004.5124999999996,68.94220405890705,385.09137221385265,1623.9336277861466,km
localized_surge,smart,travel_time_hours,2,29.971818055555573,3.3156531597662817,0.18185633899523523,59.761779772115915,hours
localized_surge,smart,service_time_hours,2,45.39999999999988,1.791337179005914,29.305474000845326,61.49452599915443,hours
localized_surge,smart,depot_unloading_time_hours,2,13.500000000000007,1.1785113019775812,2.9114960531877436,24.08850394681227,hours
localized_surge,smart,turnaround_time_hours,2,0.0,0.0,0.0,0.0,hours
localized_surge,smart,idling_time_hours,2,58.89999999999989,2.969848480983497,32.21697005403306,85.58302994596673,hours
localized_surge,smart,collection_trips,2,40.5,3.5355339059327378,8.734488159563266,72.26551184043673,count
localized_surge,smart,collection_stops,2,340.5,13.435028842544403,219.7910550063404,461.2089449936596,count
localized_surge,smart,wasted_pickups,2,49.0,9.899494936611665,-39.943433153222855,137.94343315322286,count
localized_surge,smart,base_driving_fuel_l,2,452.030625,31.0239918265084,173.29111749623183,730.7701325037681,litres
localized_surge,smart,traffic_fuel_penalty_l,2,29.86131374999999,16.013046475102037,-114.01020069164218,173.73282819164217,litres
localized_surge,smart,payload_fuel_penalty_l,2,11.47630851994951,0.7655745654271267,4.5978939523491915,18.35472308754983,litres
localized_surge,smart,driving_fuel_l,2,493.3682472699495,47.80261286703756,63.87881075693895,922.8576837829601,litres
localized_surge,smart,collection_idle_fuel_l,2,136.20000000000084,5.374011537017838,87.91642200253632,184.48357799746537,litres
localized_surge,smart,depot_idle_fuel_l,2,40.5,3.5355339059327378,8.734488159563266,72.26551184043673,litres
localized_surge,smart,fuel_l,2,670.0682472699503,56.71215830998812,160.52972091903865,1179.606773620862,litres
localized_surge,smart,co2_kg,2,1795.782902683467,151.9885842707681,430.21965206302434,3161.34615330391,kg
localized_surge,smart,collected_kg,2,106830.606601609,5590.132137602785,56605.262047946715,157055.9511552713,kg
localized_surge,smart,mean_fill_at_collection_pct,2,64.64217629906611,0.5714019137881883,59.50833379012307,69.77601880800914,%
localized_surge,smart,truck_utilization_pct,2,29.353716282534982,1.0288513549465357,20.109853610828697,38.59757895424127,%
localized_surge,smart,unserved_required_bins,2,0.0,0.0,0.0,0.0,count
localized_surge,smart,inspection_events,2,395.5,115.25840533340725,-640.0556859982375,1431.0556859982375,count
localized_surge,smart,routing_fallbacks,2,0.0,0.0,0.0,0.0,count
localized_surge,smart,overflow_incidents_post_warmup,2,3.5,0.7071067811865476,-2.853102368087347,9.853102368087347,count
localized_surge,smart,overflow_bin_hours_post_warmup,2,30.5,28.991378028648448,-229.97719709158122,290.9771970915812,bin-hours
localized_surge,smart,overflow_spilled_kg_post_warmup,2,36.32286438539558,36.51015934936123,-291.70790266855505,364.3536314393462,kg
localized_surge,smart,distance_km_post_warmup,2,1004.5124999999996,68.94220405890705,385.09137221385265,1623.9336277861466,km
localized_surge,smart,travel_time_hours_post_warmup,2,29.971818055555573,3.3156531597662817,0.18185633899523523,59.761779772115915,hours
localized_surge,smart,service_time_hours_post_warmup,2,45.39999999999988,1.791337179005914,29.305474000845326,61.49452599915443,hours
localized_surge,smart,depot_unloading_time_hours_post_warmup,2,13.500000000000007,1.1785113019775812,2.9114960531877436,24.08850394681227,hours
localized_surge,smart,turnaround_time_hours_post_warmup,2,0.0,0.0,0.0,0.0,hours
localized_surge,smart,idling_time_hours_post_warmup,2,58.89999999999989,2.969848480983497,32.21697005403306,85.58302994596673,hours
localized_surge,smart,collection_trips_post_warmup,2,40.5,3.5355339059327378,8.734488159563266,72.26551184043673,count
localized_surge,smart,collection_stops_post_warmup,2,340.5,13.435028842544403,219.7910550063404,461.2089449936596,count
localized_surge,smart,wasted_pickups_post_warmup,2,49.0,9.899494936611665,-39.943433153222855,137.94343315322286,count
localized_surge,smart,base_driving_fuel_l_post_warmup,2,452.030625,31.0239918265084,173.29111749623183,730.7701325037681,litres
localized_surge,smart,traffic_fuel_penalty_l_post_warmup,2,29.86131374999999,16.013046475102037,-114.01020069164218,173.73282819164217,litres
localized_surge,smart,payload_fuel_penalty_l_post_warmup,2,11.47630851994951,0.7655745654271267,4.5978939523491915,18.35472308754983,litres
localized_surge,smart,driving_fuel_l_post_warmup,2,493.3682472699495,47.80261286703756,63.87881075693895,922.8576837829601,litres
localized_surge,smart,collection_idle_fuel_l_post_warmup,2,136.20000000000084,5.374011537017838,87.91642200253632,184.48357799746537,litres
localized_surge,smart,depot_idle_fuel_l_post_warmup,2,40.5,3.5355339059327378,8.734488159563266,72.26551184043673,litres
localized_surge,smart,fuel_l_post_warmup,2,670.0682472699503,56.71215830998812,160.52972091903865,1179.606773620862,litres
localized_surge,smart,co2_kg_post_warmup,2,1795.782902683467,151.9885842707681,430.21965206302434,3161.34615330391,kg
localized_surge,smart,collected_kg_post_warmup,2,106830.606601609,5590.132137602785,56605.262047946715,157055.9511552713,kg
localized_surge,smart,mean_fill_at_collection_pct_post_warmup,2,64.64217629906611,0.5714019137881883,59.50833379012307,69.77601880800914,%
localized_surge,smart,truck_utilization_pct_post_warmup,2,29.353716282534982,1.0288513549465357,20.109853610828697,38.59757895424127,%
localized_surge,smart,unserved_required_bins_post_warmup,2,0.0,0.0,0.0,0.0,count
localized_surge,smart,inspection_events_post_warmup,2,372.0,114.5512985522207,-657.20258363015,1401.20258363015,count
localized_surge,smart,routing_fallbacks_post_warmup,2,0.0,0.0,0.0,0.0,count
localized_surge,smart,uncollected_kg_at_horizon,2,8108.073846493352,639.2714993638571,2364.447304481999,13851.700388504705,kg
localized_surge,smart,unfinished_trip_count,2,0.0,0.0,0.0,0.0,count
normal_patterned,fixed,overflow_incidents,2,1.5,0.7071067811865476,-4.853102368087347,7.853102368087347,count
normal_patterned,fixed,overflow_bin_hours,2,12.5,0.7071067811865476,6.146897631912653,18.85310236808735,bin-hours
normal_patterned,fixed,overflow_spilled_kg,2,71.3972788351345,42.57927854417551,-311.16236073801025,453.95691840827925,kg
normal_patterned,fixed,distance_km,2,593.3479999999997,1.1398561312726907,583.1067989826431,603.5892010173563,km
normal_patterned,fixed,travel_time_hours,2,21.276258333333338,0.03557925620670352,20.95659139917907,21.595925267487605,hours
normal_patterned,fixed,service_time_hours,2,52.799999999999855,0.0,52.799999999999855,52.799999999999855,hours
normal_patterned,fixed,depot_unloading_time_hours,2,6.166666666666664,0.23570226039551562,4.048965877304218,8.284367456029111,hours
normal_patterned,fixed,turnaround_time_hours,2,0.08333333333333333,0.11785113019775792,-0.9755170613478911,1.1421837280145577,hours
normal_patterned,fixed,idling_time_hours,2,58.96666666666652,0.23570226039551248,56.8489658773041,61.084367456028936,hours
normal_patterned,fixed,collection_trips,2,18.5,0.7071067811865476,12.146897631912653,24.85310236808735,count
normal_patterned,fixed,collection_stops,2,396.0,0.0,396.0,396.0,count
normal_patterned,fixed,wasted_pickups,2,199.5,23.33452377915607,-10.152378146882455,409.1523781468825,count
normal_patterned,fixed,base_driving_fuel_l,2,267.00659999999993,0.5129352590727069,262.3980595421895,271.61514045781036,litres
normal_patterned,fixed,traffic_fuel_penalty_l,2,47.1369375,0.2643271214092446,44.76205253827347,49.51182246172653,litres
normal_patterned,fixed,payload_fuel_penalty_l,2,14.511992019042278,1.0164584095325202,5.3794755441936175,23.64450849389094,litres
normal_patterned,fixed,driving_fuel_l,2,328.6555295190422,0.7678502718690328,321.75666854027764,335.55439049780676,litres
normal_patterned,fixed,collection_idle_fuel_l,2,158.40000000000117,0.0,158.40000000000117,158.40000000000117,litres
normal_patterned,fixed,depot_idle_fuel_l,2,18.5,0.7071067811865476,12.146897631912653,24.85310236808735,litres
normal_patterned,fixed,fuel_l,2,505.5555295190434,0.06074349068248519,505.0097709083662,506.10128812972056,litres
normal_patterned,fixed,co2_kg,2,1354.8888191110364,0.1627925550290571,1353.4261860344216,1356.3514521876511,kg
normal_patterned,fixed,collected_kg,2,101650.26501117567,6367.0055483560145,44444.98979233376,158855.54023001756,kg
normal_patterned,fixed,mean_fill_at_collection_pct,2,52.050491081895984,3.2215794722195756,23.105747913692365,80.9952342500996,%
normal_patterned,fixed,truck_utilization_pct,2,61.168972680516475,6.162027106673108,5.805355691959555,116.53258966907339,%
normal_patterned,fixed,unserved_required_bins,2,0.0,0.0,0.0,0.0,count
normal_patterned,fixed,inspection_events,2,30.5,7.7781745930520225,-39.38412604896081,100.38412604896081,count
normal_patterned,fixed,routing_fallbacks,2,0.0,0.0,0.0,0.0,count
normal_patterned,fixed,overflow_incidents_post_warmup,2,1.5,0.7071067811865476,-4.853102368087347,7.853102368087347,count
normal_patterned,fixed,overflow_bin_hours_post_warmup,2,12.5,0.7071067811865476,6.146897631912653,18.85310236808735,bin-hours
normal_patterned,fixed,overflow_spilled_kg_post_warmup,2,71.3972788351345,42.57927854417551,-311.16236073801025,453.95691840827925,kg
normal_patterned,fixed,distance_km_post_warmup,2,593.3479999999997,1.1398561312726907,583.1067989826431,603.5892010173563,km
normal_patterned,fixed,travel_time_hours_post_warmup,2,21.276258333333338,0.03557925620670352,20.95659139917907,21.595925267487605,hours
normal_patterned,fixed,service_time_hours_post_warmup,2,52.799999999999855,0.0,52.799999999999855,52.799999999999855,hours
normal_patterned,fixed,depot_unloading_time_hours_post_warmup,2,6.166666666666664,0.23570226039551562,4.048965877304218,8.284367456029111,hours
normal_patterned,fixed,turnaround_time_hours_post_warmup,2,0.08333333333333333,0.11785113019775792,-0.9755170613478911,1.1421837280145577,hours
normal_patterned,fixed,idling_time_hours_post_warmup,2,58.96666666666652,0.23570226039551248,56.8489658773041,61.084367456028936,hours
normal_patterned,fixed,collection_trips_post_warmup,2,18.5,0.7071067811865476,12.146897631912653,24.85310236808735,count
normal_patterned,fixed,collection_stops_post_warmup,2,396.0,0.0,396.0,396.0,count
normal_patterned,fixed,wasted_pickups_post_warmup,2,199.5,23.33452377915607,-10.152378146882455,409.1523781468825,count
normal_patterned,fixed,base_driving_fuel_l_post_warmup,2,267.00659999999993,0.5129352590727069,262.3980595421895,271.61514045781036,litres
normal_patterned,fixed,traffic_fuel_penalty_l_post_warmup,2,47.1369375,0.2643271214092446,44.76205253827347,49.51182246172653,litres
normal_patterned,fixed,payload_fuel_penalty_l_post_warmup,2,14.511992019042278,1.0164584095325202,5.3794755441936175,23.64450849389094,litres
normal_patterned,fixed,driving_fuel_l_post_warmup,2,328.6555295190422,0.7678502718690328,321.75666854027764,335.55439049780676,litres
normal_patterned,fixed,collection_idle_fuel_l_post_warmup,2,158.40000000000117,0.0,158.40000000000117,158.40000000000117,litres
normal_patterned,fixed,depot_idle_fuel_l_post_warmup,2,18.5,0.7071067811865476,12.146897631912653,24.85310236808735,litres
normal_patterned,fixed,fuel_l_post_warmup,2,505.5555295190434,0.06074349068248519,505.0097709083662,506.10128812972056,litres
normal_patterned,fixed,co2_kg_post_warmup,2,1354.8888191110364,0.1627925550290571,1353.4261860344216,1356.3514521876511,kg
normal_patterned,fixed,collected_kg_post_warmup,2,101650.26501117567,6367.0055483560145,44444.98979233376,158855.54023001756,kg
normal_patterned,fixed,mean_fill_at_collection_pct_post_warmup,2,52.050491081895984,3.2215794722195756,23.105747913692365,80.9952342500996,%
normal_patterned,fixed,truck_utilization_pct_post_warmup,2,61.168972680516475,6.162027106673108,5.805355691959555,116.53258966907339,%
normal_patterned,fixed,unserved_required_bins_post_warmup,2,0.0,0.0,0.0,0.0,count
normal_patterned,fixed,inspection_events_post_warmup,2,30.5,7.7781745930520225,-39.38412604896081,100.38412604896081,count
normal_patterned,fixed,routing_fallbacks_post_warmup,2,0.0,0.0,0.0,0.0,count
normal_patterned,fixed,uncollected_kg_at_horizon,2,8914.824598168285,1449.1174292946068,-4104.9789401878315,21934.6281365244,kg
normal_patterned,fixed,unfinished_trip_count,2,0.0,0.0,0.0,0.0,count
normal_patterned,smart,overflow_incidents,2,2.0,2.8284271247461903,-23.41240947234939,27.41240947234939,count
normal_patterned,smart,overflow_bin_hours,2,34.5,48.79036790187178,-403.86406339802693,472.86406339802693,bin-hours
normal_patterned,smart,overflow_spilled_kg,2,39.8183812132006,56.311694743450346,-466.1221227447783,545.7588851711795,kg
normal_patterned,smart,distance_km,2,914.9439999999995,117.12658144930174,-137.3965824547215,1967.2845824547205,km
normal_patterned,smart,travel_time_hours,2,28.20995347222223,3.2203734672796394,-0.7239541714981108,57.14386111594257,hours
normal_patterned,smart,service_time_hours,2,42.133333333333226,1.508494466531296,28.580048281413603,55.68661838525285,hours
normal_patterned,smart,depot_unloading_time_hours,2,12.333333333333337,1.88561808316413,-4.608272981566282,29.27493964823296,hours
normal_patterned,smart,turnaround_time_hours,2,0.0,0.0,0.0,0.0,hours
normal_patterned,smart,idling_time_hours,2,54.46666666666656,3.3941125496954263,23.971775299847316,84.9615580334858,hours
normal_patterned,smart,collection_trips,2,37.0,5.656854249492381,-13.824818944698777,87.82481894469878,count
normal_patterned,smart,collection_stops,2,316.0,11.313708498984761,214.35036211060245,417.6496378893976,count
normal_patterned,smart,wasted_pickups,2,32.0,0.0,32.0,32.0,count
normal_patterned,smart,base_driving_fuel_l,2,411.72479999999996,52.70696165218592,-61.828462104625714,885.2780621046256,litres
normal_patterned,smart,traffic_fuel_penalty_l,2,36.87692625000001,5.68147393984634,-14.169091836399616,87.92294433639964,litres
normal_patterned,smart,payload_fuel_penalty_l,2,11.550773075831646,0.14988990906500782,10.204065673824603,12.89748047783869,litres
normal_patterned,smart,driving_fuel_l,2,460.1524993258316,58.53832550109726,-65.7934882672007,986.098486918864,litres
normal_patterned,smart,collection_idle_fuel_l,2,126.40000000000072,4.525483399593969,85.74014484424112,167.05985515576032,litres
normal_patterned,smart,depot_idle_fuel_l,2,37.0,5.656854249492381,-13.824818944698777,87.82481894469878,litres
normal_patterned,smart,fuel_l,2,623.5524993258323,68.72066315018358,6.121837632341794,1240.9831610193228,litres
normal_patterned,smart,co2_kg,2,1671.1206981932307,184.17137724249193,16.406524854677173,3325.8348715317843,kg
normal_patterned,smart,collected_kg,2,102887.00046929144,2944.914873436348,76427.99009910486,129346.01083947801,kg
normal_patterned,smart,mean_fill_at_collection_pct,2,66.38961272682265,0.4634907332245122,62.225313708371644,70.55391174527365,%
normal_patterned,smart,truck_utilization_pct,2,31.193968467238953,3.8848231543491076,-3.7097827598118087,66.09771969428971,%
normal_patterned,smart,unserved_required_bins,2,0.0,0.0,0.0,0.0,count
normal_patterned,smart,inspection_events,2,398.5,116.67261889578035,-649.7618907344122,1446.7618907344122,count
normal_patterned,smart,routing_fallbacks,2,0.0,0.0,0.0,0.0,count
normal_patterned,smart,overflow_incidents_post_warmup,2,2.0,2.8284271247461903,-23.41240947234939,27.41240947234939,count
normal_patterned,smart,overflow_bin_hours_post_warmup,2,34.5,48.79036790187178,-403.86406339802693,472.86406339802693,bin-hours
normal_patterned,smart,overflow_spilled_kg_post_warmup,2,39.8183812132006,56.311694743450346,-466.1221227447783,545.7588851711795,kg
normal_patterned,smart,distance_km_post_warmup,2,914.9439999999995,117.12658144930174,-137.3965824547215,1967.2845824547205,km
normal_patterned,smart,travel_time_hours_post_warmup,2,28.20995347222223,3.2203734672796394,-0.7239541714981108,57.14386111594257,hours
normal_patterned,smart,service_time_hours_post_warmup,2,42.133333333333226,1.508494466531296,28.580048281413603,55.68661838525285,hours
normal_patterned,smart,depot_unloading_time_hours_post_warmup,2,12.333333333333337,1.88561808316413,-4.608272981566282,29.27493964823296,hours
normal_patterned,smart,turnaround_time_hours_post_warmup,2,0.0,0.0,0.0,0.0,hours
normal_patterned,smart,idling_time_hours_post_warmup,2,54.46666666666656,3.3941125496954263,23.971775299847316,84.9615580334858,hours
normal_patterned,smart,collection_trips_post_warmup,2,37.0,5.656854249492381,-13.824818944698777,87.82481894469878,count
normal_patterned,smart,collection_stops_post_warmup,2,316.0,11.313708498984761,214.35036211060245,417.6496378893976,count
normal_patterned,smart,wasted_pickups_post_warmup,2,32.0,0.0,32.0,32.0,count
normal_patterned,smart,base_driving_fuel_l_post_warmup,2,411.72479999999996,52.70696165218592,-61.828462104625714,885.2780621046256,litres
normal_patterned,smart,traffic_fuel_penalty_l_post_warmup,2,36.87692625000001,5.68147393984634,-14.169091836399616,87.92294433639964,litres
normal_patterned,smart,payload_fuel_penalty_l_post_warmup,2,11.550773075831646,0.14988990906500782,10.204065673824603,12.89748047783869,litres
normal_patterned,smart,driving_fuel_l_post_warmup,2,460.1524993258316,58.53832550109726,-65.7934882672007,986.098486918864,litres
normal_patterned,smart,collection_idle_fuel_l_post_warmup,2,126.40000000000072,4.525483399593969,85.74014484424112,167.05985515576032,litres
normal_patterned,smart,depot_idle_fuel_l_post_warmup,2,37.0,5.656854249492381,-13.824818944698777,87.82481894469878,litres
normal_patterned,smart,fuel_l_post_warmup,2,623.5524993258323,68.72066315018358,6.121837632341794,1240.9831610193228,litres
normal_patterned,smart,co2_kg_post_warmup,2,1671.1206981932307,184.17137724249193,16.406524854677173,3325.8348715317843,kg
normal_patterned,smart,collected_kg_post_warmup,2,102887.00046929144,2944.914873436348,76427.99009910486,129346.01083947801,kg
normal_patterned,smart,mean_fill_at_collection_pct_post_warmup,2,66.38961272682265,0.4634907332245122,62.225313708371644,70.55391174527365,%
normal_patterned,smart,truck_utilization_pct_post_warmup,2,31.193968467238953,3.8848231543491076,-3.7097827598118087,66.09771969428971,%
normal_patterned,smart,unserved_required_bins_post_warmup,2,0.0,0.0,0.0,0.0,count
normal_patterned,smart,inspection_events_post_warmup,2,375.0,115.96551211459379,-666.9087883663249,1416.9087883663249,count
normal_patterned,smart,routing_fallbacks_post_warmup,2,0.0,0.0,0.0,0.0,count
normal_patterned,smart,uncollected_kg_at_horizon,2,7709.668037674413,1874.0822723374054,-9128.29312909342,24547.629204442244,kg
normal_patterned,smart,unfinished_trip_count,2,0.0,0.0,0.0,0.0,count
persistent_multi_day_surge,fixed,overflow_incidents,2,37.5,14.849242404917497,-95.91514972983427,170.91514972983427,count
persistent_multi_day_surge,fixed,overflow_bin_hours,2,504.5,106.77312395916867,-454.81845758118925,1463.8184575811893,bin-hours
persistent_multi_day_surge,fixed,overflow_spilled_kg,2,3255.0225558871507,15.11559547892555,3119.214318733677,3390.8307930406245,kg
persistent_multi_day_surge,fixed,distance_km,2,604.0069999999996,1.9897984822589196,586.129369936202,621.8846300637972,km
persistent_multi_day_surge,fixed,travel_time_hours,2,21.536984027777784,0.07096504014133181,20.899388438867195,22.174579616688373,hours
persistent_multi_day_surge,fixed,service_time_hours,2,52.799999999999855,0.0,52.799999999999855,52.799999999999855,hours
persistent_multi_day_surge,fixed,depot_unloading_time_hours,2,7.166666666666664,0.23570226039551562,5.048965877304218,9.284367456029111,hours
persistent_multi_day_surge,fixed,turnaround_time_hours,2,0.5833333333333333,0.11785113019775789,-0.47551706134789096,1.6421837280145575,hours
persistent_multi_day_surge,fixed,idling_time_hours,2,59.96666666666652,0.23570226039551248,57.8489658773041,62.084367456028936,hours
persistent_multi_day_surge,fixed,collection_trips,2,21.5,0.7071067811865476,15.146897631912653,27.85310236808735,count
persistent_multi_day_surge,fixed,collection_stops,2,396.0,0.0,396.0,396.0,count
persistent_multi_day_surge,fixed,wasted_pickups,2,151.5,17.67766952966369,-7.327559202183664,310.3275592021837,count
persistent_multi_day_surge,fixed,base_driving_fuel_l,2,271.80314999999996,0.8954093170164455,263.7582164712917,279.84808352870823,litres
persistent_multi_day_surge,fixed,traffic_fuel_penalty_l,2,46.53282375,0.28327581537809154,43.98769152756464,49.077955972435355,litres
persistent_multi_day_surge,fixed,payload_fuel_penalty_l,2,15.930029512197391,0.9884470121678934,7.049185457505734,24.81087356688905,litres
persistent_multi_day_surge,fixed,driving_fuel_l,2,334.2660032621974,2.167132144562478,314.79509345636166,353.7369130680331,litres
persistent_multi_day_surge,fixed,collection_idle_fuel_l,2,158.40000000000117,0.0,158.40000000000117,158.40000000000117,litres
persistent_multi_day_surge,fixed,depot_idle_fuel_l,2,21.5,0.7071067811865476,15.146897631912653,27.85310236808735,litres
persistent_multi_day_surge,fixed,fuel_l,2,514.1660032621985,2.874238925749066,488.34199108827505,539.9900154361219,litres
persistent_multi_day_surge,fixed,co2_kg,2,1377.9648887426922,7.702960321007455,1308.7565361165778,1447.1732413688067,kg
persistent_multi_day_surge,fixed,collected_kg,2,117707.39680501143,7198.8279607768545,53028.49372856201,182386.29988146084,kg
persistent_multi_day_surge,fixed,mean_fill_at_collection_pct,2,59.806179666064615,3.8285607069377683,25.40792647324791,94.20443285888132,%
persistent_multi_day_surge,fixed,truck_utilization_pct,2,60.80240166603933,1.7206133400688475,45.34330414895553,76.26149918312314,%
persistent_multi_day_surge,fixed,unserved_required_bins,2,0.0,0.0,0.0,0.0,count
persistent_multi_day_surge,fixed,inspection_events,2,29.5,7.7781745930520225,-40.38412604896081,99.38412604896081,count
persistent_multi_day_surge,fixed,routing_fallbacks,2,0.0,0.0,0.0,0.0,count
persistent_multi_day_surge,fixed,overflow_incidents_post_warmup,2,37.5,14.849242404917497,-95.91514972983427,170.91514972983427,count
persistent_multi_day_surge,fixed,overflow_bin_hours_post_warmup,2,504.5,106.77312395916867,-454.81845758118925,1463.8184575811893,bin-hours
persistent_multi_day_surge,fixed,overflow_spilled_kg_post_warmup,2,3255.0225558871507,15.11559547892555,3119.214318733677,3390.8307930406245,kg
persistent_multi_day_surge,fixed,distance_km_post_warmup,2,604.0069999999996,1.9897984822589196,586.129369936202,621.8846300637972,km
persistent_multi_day_surge,fixed,travel_time_hours_post_warmup,2,21.536984027777784,0.07096504014133181,20.899388438867195,22.174579616688373,hours
persistent_multi_day_surge,fixed,service_time_hours_post_warmup,2,52.799999999999855,0.0,52.799999999999855,52.799999999999855,hours
persistent_multi_day_surge,fixed,depot_unloading_time_hours_post_warmup,2,7.166666666666664,0.23570226039551562,5.048965877304218,9.284367456029111,hours
persistent_multi_day_surge,fixed,turnaround_time_hours_post_warmup,2,0.5833333333333333,0.11785113019775789,-0.47551706134789096,1.6421837280145575,hours
persistent_multi_day_surge,fixed,idling_time_hours_post_warmup,2,59.96666666666652,0.23570226039551248,57.8489658773041,62.084367456028936,hours
persistent_multi_day_surge,fixed,collection_trips_post_warmup,2,21.5,0.7071067811865476,15.146897631912653,27.85310236808735,count
persistent_multi_day_surge,fixed,collection_stops_post_warmup,2,396.0,0.0,396.0,396.0,count
persistent_multi_day_surge,fixed,wasted_pickups_post_warmup,2,151.5,17.67766952966369,-7.327559202183664,310.3275592021837,count
persistent_multi_day_surge,fixed,base_driving_fuel_l_post_warmup,2,271.80314999999996,0.8954093170164455,263.7582164712917,279.84808352870823,litres
persistent_multi_day_surge,fixed,traffic_fuel_penalty_l_post_warmup,2,46.53282375,0.28327581537809154,43.98769152756464,49.077955972435355,litres
persistent_multi_day_surge,fixed,payload_fuel_penalty_l_post_warmup,2,15.930029512197391,0.9884470121678934,7.049185457505734,24.81087356688905,litres
persistent_multi_day_surge,fixed,driving_fuel_l_post_warmup,2,334.2660032621974,2.167132144562478,314.79509345636166,353.7369130680331,litres
persistent_multi_day_surge,fixed,collection_idle_fuel_l_post_warmup,2,158.40000000000117,0.0,158.40000000000117,158.40000000000117,litres
persistent_multi_day_surge,fixed,depot_idle_fuel_l_post_warmup,2,21.5,0.7071067811865476,15.146897631912653,27.85310236808735,litres
persistent_multi_day_surge,fixed,fuel_l_post_warmup,2,514.1660032621985,2.874238925749066,488.34199108827505,539.9900154361219,litres
persistent_multi_day_surge,fixed,co2_kg_post_warmup,2,1377.9648887426922,7.702960321007455,1308.7565361165778,1447.1732413688067,kg
persistent_multi_day_surge,fixed,collected_kg_post_warmup,2,117707.39680501143,7198.8279607768545,53028.49372856201,182386.29988146084,kg
persistent_multi_day_surge,fixed,mean_fill_at_collection_pct_post_warmup,2,59.806179666064615,3.8285607069377683,25.40792647324791,94.20443285888132,%
persistent_multi_day_surge,fixed,truck_utilization_pct_post_warmup,2,60.80240166603933,1.7206133400688475,45.34330414895553,76.26149918312314,%
persistent_multi_day_surge,fixed,unserved_required_bins_post_warmup,2,0.0,0.0,0.0,0.0,count
persistent_multi_day_surge,fixed,inspection_events_post_warmup,2,29.5,7.7781745930520225,-40.38412604896081,99.38412604896081,count
persistent_multi_day_surge,fixed,routing_fallbacks_post_warmup,2,0.0,0.0,0.0,0.0,count
persistent_multi_day_surge,fixed,uncollected_kg_at_horizon,2,8914.824598168285,1449.1174292946068,-4104.9789401878315,21934.6281365244,kg
persistent_multi_day_surge,fixed,unfinished_trip_count,2,0.0,0.0,0.0,0.0,count
persistent_multi_day_surge,smart,overflow_incidents,2,4.0,1.4142135623730951,-8.706204736174694,16.706204736174694,count
persistent_multi_day_surge,smart,overflow_bin_hours,2,55.0,66.46803743153546,-542.1916226002105,652.1916226002105,bin-hours
persistent_multi_day_surge,smart,overflow_spilled_kg,2,112.65757070170712,13.884332808618385,-12.088210264683141,237.40335166809737,kg
persistent_multi_day_surge,smart,distance_km,2,1098.4644999999994,110.28815176844701,107.56477054704771,2089.364229452951,km
persistent_multi_day_surge,smart,travel_time_hours,2,31.8262152777778,2.8024959477316966,6.646788187271259,57.00564236828434,hours
persistent_multi_day_surge,smart,service_time_hours,2,51.933333333333195,2.734146220587974,27.368004176728874,76.49866248993752,hours
persistent_multi_day_surge,smart,depot_unloading_time_hours,2,14.333333333333341,1.4142135623730976,1.6271285971586238,27.03953806950806,hours
persistent_multi_day_surge,smart,turnaround_time_hours,2,0.0,0.0,0.0,0.0,hours
persistent_multi_day_surge,smart,idling_time_hours,2,66.26666666666654,4.148359782961074,28.995132773887484,103.53820055944558,hours
persistent_multi_day_surge,smart,collection_trips,2,43.0,4.242640687119285,4.881385791475921,81.11861420852408,count
persistent_multi_day_surge,smart,collection_stops,2,389.5,20.506096654409877,205.26003132546694,573.7399686745331,count
persistent_multi_day_surge,smart,wasted_pickups,2,60.5,23.33452377915607,-149.15237814688246,270.1523781468825,count
persistent_multi_day_surge,smart,base_driving_fuel_l,2,494.3090249999999,49.62966829580097,48.40414674617335,940.2139032538264,litres
persistent_multi_day_surge,smart,traffic_fuel_penalty_l,2,26.092260000000017,1.6613438468638833,11.165677751690675,41.01884224830936,litres
persistent_multi_day_surge,smart,payload_fuel_penalty_l,2,13.374259128704953,0.07829035813068609,12.67084816890078,14.077670088509125,litres
persistent_multi_day_surge,smart,driving_fuel_l,2,533.7755441287048,51.36930250079548,72.2406726667653,995.3104155906444,litres
persistent_multi_day_surge,smart,collection_idle_fuel_l,2,155.80000000000115,8.202438661764067,82.10401253018689,229.49598746981542,litres
persistent_multi_day_surge,smart,depot_idle_fuel_l,2,43.0,4.242640687119285,4.881385791475921,81.11861420852408,litres
persistent_multi_day_surge,smart,fuel_l,2,732.575544128706,63.81438184967877,159.22607098842877,1305.9250172689833,litres
persistent_multi_day_surge,smart,co2_kg,2,1963.3024582649323,171.0225433571391,426.72587024898894,3499.8790462808756,kg
persistent_multi_day_surge,smart,collected_kg,2,124119.53560971998,4096.838131098769,87310.90539310838,160928.1658263316,kg
persistent_multi_day_surge,smart,mean_fill_at_collection_pct,2,64.78547923599437,1.2898599863256106,53.19654705254744,76.3744114194413,%
persistent_multi_day_surge,smart,truck_utilization_pct,2,32.176626359578435,2.116126522988539,13.163983881717417,51.18926883743946,%
persistent_multi_day_surge,smart,unserved_required_bins,2,0.0,0.0,0.0,0.0,count
persistent_multi_day_surge,smart,inspection_events,2,401.5,115.25840533340725,-634.0556859982375,1437.0556859982375,count
persistent_multi_day_surge,smart,routing_fallbacks,2,0.0,0.0,0.0,0.0,count
persistent_multi_day_surge,smart,overflow_incidents_post_warmup,2,4.0,1.4142135623730951,-8.706204736174694,16.706204736174694,count
persistent_multi_day_surge,smart,overflow_bin_hours_post_warmup,2,55.0,66.46803743153546,-542.1916226002105,652.1916226002105,bin-hours
persistent_multi_day_surge,smart,overflow_spilled_kg_post_warmup,2,112.65757070170712,13.884332808618385,-12.088210264683141,237.40335166809737,kg
persistent_multi_day_surge,smart,distance_km_post_warmup,2,1098.4644999999994,110.28815176844701,107.56477054704771,2089.364229452951,km
persistent_multi_day_surge,smart,travel_time_hours_post_warmup,2,31.8262152777778,2.8024959477316966,6.646788187271259,57.00564236828434,hours
persistent_multi_day_surge,smart,service_time_hours_post_warmup,2,51.933333333333195,2.734146220587974,27.368004176728874,76.49866248993752,hours
persistent_multi_day_surge,smart,depot_unloading_time_hours_post_warmup,2,14.333333333333341,1.4142135623730976,1.6271285971586238,27.03953806950806,hours
persistent_multi_day_surge,smart,turnaround_time_hours_post_warmup,2,0.0,0.0,0.0,0.0,hours
persistent_multi_day_surge,smart,idling_time_hours_post_warmup,2,66.26666666666654,4.148359782961074,28.995132773887484,103.53820055944558,hours
persistent_multi_day_surge,smart,collection_trips_post_warmup,2,43.0,4.242640687119285,4.881385791475921,81.11861420852408,count
persistent_multi_day_surge,smart,collection_stops_post_warmup,2,389.5,20.506096654409877,205.26003132546694,573.7399686745331,count
persistent_multi_day_surge,smart,wasted_pickups_post_warmup,2,60.5,23.33452377915607,-149.15237814688246,270.1523781468825,count
persistent_multi_day_surge,smart,base_driving_fuel_l_post_warmup,2,494.3090249999999,49.62966829580097,48.40414674617335,940.2139032538264,litres
persistent_multi_day_surge,smart,traffic_fuel_penalty_l_post_warmup,2,26.092260000000017,1.6613438468638833,11.165677751690675,41.01884224830936,litres
persistent_multi_day_surge,smart,payload_fuel_penalty_l_post_warmup,2,13.374259128704953,0.07829035813068609,12.67084816890078,14.077670088509125,litres
persistent_multi_day_surge,smart,driving_fuel_l_post_warmup,2,533.7755441287048,51.36930250079548,72.2406726667653,995.3104155906444,litres
persistent_multi_day_surge,smart,collection_idle_fuel_l_post_warmup,2,155.80000000000115,8.202438661764067,82.10401253018689,229.49598746981542,litres
persistent_multi_day_surge,smart,depot_idle_fuel_l_post_warmup,2,43.0,4.242640687119285,4.881385791475921,81.11861420852408,litres
persistent_multi_day_surge,smart,fuel_l_post_warmup,2,732.575544128706,63.81438184967877,159.22607098842877,1305.9250172689833,litres
persistent_multi_day_surge,smart,co2_kg_post_warmup,2,1963.3024582649323,171.0225433571391,426.72587024898894,3499.8790462808756,kg
persistent_multi_day_surge,smart,collected_kg_post_warmup,2,124119.53560971998,4096.838131098769,87310.90539310838,160928.1658263316,kg
persistent_multi_day_surge,smart,mean_fill_at_collection_pct_post_warmup,2,64.78547923599437,1.2898599863256106,53.19654705254744,76.3744114194413,%
persistent_multi_day_surge,smart,truck_utilization_pct_post_warmup,2,32.176626359578435,2.116126522988539,13.163983881717417,51.18926883743946,%
persistent_multi_day_surge,smart,unserved_required_bins_post_warmup,2,0.0,0.0,0.0,0.0,count
persistent_multi_day_surge,smart,inspection_events_post_warmup,2,378.0,114.5512985522207,-651.20258363015,1407.20258363015,count
persistent_multi_day_surge,smart,routing_fallbacks_post_warmup,2,0.0,0.0,0.0,0.0,count
persistent_multi_day_surge,smart,uncollected_kg_at_horizon,2,5645.0507786453145,1654.1036630538815,-9216.480999024325,20506.582556314956,kg
persistent_multi_day_surge,smart,unfinished_trip_count,2,0.0,0.0,0.0,0.0,count
reduced_truck_capacity,fixed,overflow_incidents,2,1.5,0.7071067811865476,-4.853102368087347,7.853102368087347,count
reduced_truck_capacity,fixed,overflow_bin_hours,2,12.5,0.7071067811865476,6.146897631912653,18.85310236808735,bin-hours
reduced_truck_capacity,fixed,overflow_spilled_kg,2,71.3972788351345,42.57927854417551,-311.16236073801025,453.95691840827925,kg
reduced_truck_capacity,fixed,distance_km,2,627.5834999999996,6.79741748754616,566.5111269355771,688.6558730644222,km
reduced_truck_capacity,fixed,travel_time_hours,2,22.06651875,0.17187114200215817,20.522317805656744,23.610719694343256,hours
reduced_truck_capacity,fixed,service_time_hours,2,52.799999999999855,0.0,52.799999999999855,52.799999999999855,hours
reduced_truck_capacity,fixed,depot_unloading_time_hours,2,8.666666666666664,0.4714045207910325,4.431265087941759,12.902068245391568,hours
reduced_truck_capacity,fixed,turnaround_time_hours,2,1.3333333333333333,0.23570226039551595,-0.7843674560291165,3.4510341226957832,hours
reduced_truck_capacity,fixed,idling_time_hours,2,61.46666666666652,0.471404520791035,57.231265087941594,65.70206824539144,hours
reduced_truck_capacity,fixed,collection_trips,2,26.0,1.4142135623730951,13.293795263825306,38.7062047361747,count
reduced_truck_capacity,fixed,collection_stops,2,396.0,0.0,396.0,396.0,count
reduced_truck_capacity,fixed,wasted_pickups,2,197.0,21.213203435596427,6.40692895737962,387.5930710426204,count
reduced_truck_capacity,fixed,base_driving_fuel_l,2,282.4125749999999,3.0588378693958687,254.93000712100886,309.8951428789909,litres
reduced_truck_capacity,fixed,traffic_fuel_penalty_l,2,45.830340000000014,0.27295028860582843,43.37797895489454,48.28270104510549,litres
reduced_truck_capacity,fixed,payload_fuel_penalty_l,2,19.237246905195956,0.8741144316131286,11.383640330893254,27.09085347949866,litres
reduced_truck_capacity,fixed,driving_fuel_l,2,347.48016190519587,4.20590258961481,309.6916264067968,385.26869740359496,litres
reduced_truck_capacity,fixed,collection_idle_fuel_l,2,158.40000000000117,0.0,158.40000000000117,158.40000000000117,litres
reduced_truck_capacity,fixed,depot_idle_fuel_l,2,26.0,1.4142135623730951,13.293795263825306,38.7062047361747,litres
reduced_truck_capacity,fixed,fuel_l,2,531.880161905197,5.620116151987905,481.38542167062326,582.3749021397708,litres
reduced_truck_capacity,fixed,co2_kg,2,1425.4388339059283,15.06191128732749,1290.1129300772714,1560.7647377345852,kg
reduced_truck_capacity,fixed,collected_kg,2,101694.33387554082,6376.98290797054,44399.4156371709,158989.25211391074,kg
reduced_truck_capacity,fixed,mean_fill_at_collection_pct,2,52.07330442923305,3.22121573082653,23.131829347783814,81.01477951068227,%
reduced_truck_capacity,fixed,truck_utilization_pct,2,66.84503888335105,0.5567343950350523,61.84297880190524,71.84709896479686,%
reduced_truck_capacity,fixed,unserved_required_bins,2,0.0,0.0,0.0,0.0,count
reduced_truck_capacity,fixed,inspection_events,2,30.5,7.7781745930520225,-39.38412604896081,100.38412604896081,count
reduced_truck_capacity,fixed,routing_fallbacks,2,0.0,0.0,0.0,0.0,count
reduced_truck_capacity,fixed,overflow_incidents_post_warmup,2,1.5,0.7071067811865476,-4.853102368087347,7.853102368087347,count
reduced_truck_capacity,fixed,overflow_bin_hours_post_warmup,2,12.5,0.7071067811865476,6.146897631912653,18.85310236808735,bin-hours
reduced_truck_capacity,fixed,overflow_spilled_kg_post_warmup,2,71.3972788351345,42.57927854417551,-311.16236073801025,453.95691840827925,kg
reduced_truck_capacity,fixed,distance_km_post_warmup,2,627.5834999999996,6.79741748754616,566.5111269355771,688.6558730644222,km
reduced_truck_capacity,fixed,travel_time_hours_post_warmup,2,22.06651875,0.17187114200215817,20.522317805656744,23.610719694343256,hours
reduced_truck_capacity,fixed,service_time_hours_post_warmup,2,52.799999999999855,0.0,52.799999999999855,52.799999999999855,hours
reduced_truck_capacity,fixed,depot_unloading_time_hours_post_warmup,2,8.666666666666664,0.4714045207910325,4.431265087941759,12.902068245391568,hours
reduced_truck_capacity,fixed,turnaround_time_hours_post_warmup,2,1.3333333333333333,0.23570226039551595,-0.7843674560291165,3.4510341226957832,hours
reduced_truck_capacity,fixed,idling_time_hours_post_warmup,2,61.46666666666652,0.471404520791035,57.231265087941594,65.70206824539144,hours
reduced_truck_capacity,fixed,collection_trips_post_warmup,2,26.0,1.4142135623730951,13.293795263825306,38.7062047361747,count
reduced_truck_capacity,fixed,collection_stops_post_warmup,2,396.0,0.0,396.0,396.0,count
reduced_truck_capacity,fixed,wasted_pickups_post_warmup,2,197.0,21.213203435596427,6.40692895737962,387.5930710426204,count
reduced_truck_capacity,fixed,base_driving_fuel_l_post_warmup,2,282.4125749999999,3.0588378693958687,254.93000712100886,309.8951428789909,litres
reduced_truck_capacity,fixed,traffic_fuel_penalty_l_post_warmup,2,45.830340000000014,0.27295028860582843,43.37797895489454,48.28270104510549,litres
reduced_truck_capacity,fixed,payload_fuel_penalty_l_post_warmup,2,19.237246905195956,0.8741144316131286,11.383640330893254,27.09085347949866,litres
reduced_truck_capacity,fixed,driving_fuel_l_post_warmup,2,347.48016190519587,4.20590258961481,309.6916264067968,385.26869740359496,litres
reduced_truck_capacity,fixed,collection_idle_fuel_l_post_warmup,2,158.40000000000117,0.0,158.40000000000117,158.40000000000117,litres
reduced_truck_capacity,fixed,depot_idle_fuel_l_post_warmup,2,26.0,1.4142135623730951,13.293795263825306,38.7062047361747,litres
reduced_truck_capacity,fixed,fuel_l_post_warmup,2,531.880161905197,5.620116151987905,481.38542167062326,582.3749021397708,litres
reduced_truck_capacity,fixed,co2_kg_post_warmup,2,1425.4388339059283,15.06191128732749,1290.1129300772714,1560.7647377345852,kg
reduced_truck_capacity,fixed,collected_kg_post_warmup,2,101694.33387554082,6376.98290797054,44399.4156371709,158989.25211391074,kg
reduced_truck_capacity,fixed,mean_fill_at_collection_pct_post_warmup,2,52.07330442923305,3.22121573082653,23.131829347783814,81.01477951068227,%
reduced_truck_capacity,fixed,truck_utilization_pct_post_warmup,2,66.84503888335105,0.5567343950350523,61.84297880190524,71.84709896479686,%
reduced_truck_capacity,fixed,unserved_required_bins_post_warmup,2,0.0,0.0,0.0,0.0,count
reduced_truck_capacity,fixed,inspection_events_post_warmup,2,30.5,7.7781745930520225,-39.38412604896081,100.38412604896081,count
reduced_truck_capacity,fixed,routing_fallbacks_post_warmup,2,0.0,0.0,0.0,0.0,count
reduced_truck_capacity,fixed,uncollected_kg_at_horizon,2,8870.75573380305,1459.094788909165,-4238.690824081379,21980.202291687478,kg
reduced_truck_capacity,fixed,unfinished_trip_count,2,0.0,0.0,0.0,0.0,count
reduced_truck_capacity,smart,overflow_incidents,2,2.0,2.8284271247461903,-23.41240947234939,27.41240947234939,count
reduced_truck_capacity,smart,overflow_bin_hours,2,34.0,48.08326112068523,-398.01096102993955,466.01096102993955,bin-hours
reduced_truck_capacity,smart,overflow_spilled_kg,2,37.9975530793388,53.73665490179249,-444.8071358204052,520.8022419790829,kg
reduced_truck_capacity,smart,distance_km,2,953.7589999999996,69.20171224760281,332.0062836447619,1575.5117163552372,km
reduced_truck_capacity,smart,travel_time_hours,2,27.883521527777802,2.4826155713141747,5.578105592294666,50.18893746326094,hours
reduced_truck_capacity,smart,service_time_hours,2,42.599999999999895,2.734146220587974,18.034670843395574,67.16532915660422,hours
reduced_truck_capacity,smart,depot_unloading_time_hours,2,12.83333333333334,0.7071067811865488,6.480230965245981,19.1864357014207,hours
reduced_truck_capacity,smart,turnaround_time_hours,2,0.0,0.0,0.0,0.0,hours
reduced_truck_capacity,smart,idling_time_hours,2,55.43333333333323,3.441253001774527,24.514901808641515,86.35176485802495,hours
reduced_truck_capacity,smart,collection_trips,2,38.5,2.1213203435596424,19.44069289573796,57.55930710426204,count
reduced_truck_capacity,smart,collection_stops,2,319.5,20.506096654409877,135.26003132546694,503.7399686745331,count
reduced_truck_capacity,smart,wasted_pickups,2,41.5,3.5355339059327378,9.734488159563266,73.26551184043673,count
reduced_truck_capacity,smart,base_driving_fuel_l,2,429.19155,31.140770511421266,149.40282764014307,708.9802723598569,litres
reduced_truck_capacity,smart,traffic_fuel_penalty_l,2,25.003158750000004,9.076360771467177,-56.54470735031203,106.55102485031205,litres
reduced_truck_capacity,smart,payload_fuel_penalty_l,2,16.535370980885542,2.0783537497063573,-2.137896593816482,35.20863855558757,litres
reduced_truck_capacity,smart,driving_fuel_l,2,470.73007973088556,42.29548503259481,90.7202236960145,850.7399357657566,litres
reduced_truck_capacity,smart,collection_idle_fuel_l,2,127.80000000000074,8.202438661764067,54.10401253018648,201.495987469815,litres
reduced_truck_capacity,smart,depot_idle_fuel_l,2,38.5,2.1213203435596424,19.44069289573796,57.55930710426204,litres
reduced_truck_capacity,smart,fuel_l,2,637.0300797308862,52.6192440379185,164.26492912193896,1109.7952303398333,litres
reduced_truck_capacity,smart,co2_kg,2,1707.2406136787754,141.0195740216217,440.23001004679577,2974.2512173107552,kg
reduced_truck_capacity,smart,collected_kg,2,102049.70142366018,6756.00290222784,41349.423645352195,162749.97920196818,kg
reduced_truck_capacity,smart,mean_fill_at_collection_pct,2,64.78907223497556,0.36721813229897987,61.48974821774799,68.08839625220314,%
reduced_truck_capacity,smart,truck_utilization_pct,2,45.29623101885072,0.5038808506765265,40.76904119287397,49.82342084482747,%
reduced_truck_capacity,smart,unserved_required_bins,2,0.0,0.0,0.0,0.0,count
reduced_truck_capacity,smart,inspection_events,2,393.0,108.89444430272832,-585.3777646854514,1371.3777646854514,count
reduced_truck_capacity,smart,routing_fallbacks,2,0.0,0.0,0.0,0.0,count
reduced_truck_capacity,smart,overflow_incidents_post_warmup,2,2.0,2.8284271247461903,-23.41240947234939,27.41240947234939,count
reduced_truck_capacity,smart,overflow_bin_hours_post_warmup,2,34.0,48.08326112068523,-398.01096102993955,466.01096102993955,bin-hours
reduced_truck_capacity,smart,overflow_spilled_kg_post_warmup,2,37.9975530793388,53.73665490179249,-444.8071358204052,520.8022419790829,kg
reduced_truck_capacity,smart,distance_km_post_warmup,2,953.7589999999996,69.20171224760281,332.0062836447619,1575.5117163552372,km
reduced_truck_capacity,smart,travel_time_hours_post_warmup,2,27.883521527777802,2.4826155713141747,5.578105592294666,50.18893746326094,hours
reduced_truck_capacity,smart,service_time_hours_post_warmup,2,42.599999999999895,2.734146220587974,18.034670843395574,67.16532915660422,hours
reduced_truck_capacity,smart,depot_unloading_time_hours_post_warmup,2,12.83333333333334,0.7071067811865488,6.480230965245981,19.1864357014207,hours
reduced_truck_capacity,smart,turnaround_time_hours_post_warmup,2,0.0,0.0,0.0,0.0,hours
reduced_truck_capacity,smart,idling_time_hours_post_warmup,2,55.43333333333323,3.441253001774527,24.514901808641515,86.35176485802495,hours
reduced_truck_capacity,smart,collection_trips_post_warmup,2,38.5,2.1213203435596424,19.44069289573796,57.55930710426204,count
reduced_truck_capacity,smart,collection_stops_post_warmup,2,319.5,20.506096654409877,135.26003132546694,503.7399686745331,count
reduced_truck_capacity,smart,wasted_pickups_post_warmup,2,41.5,3.5355339059327378,9.734488159563266,73.26551184043673,count
reduced_truck_capacity,smart,base_driving_fuel_l_post_warmup,2,429.19155,31.140770511421266,149.40282764014307,708.9802723598569,litres
reduced_truck_capacity,smart,traffic_fuel_penalty_l_post_warmup,2,25.003158750000004,9.076360771467177,-56.54470735031203,106.55102485031205,litres
reduced_truck_capacity,smart,payload_fuel_penalty_l_post_warmup,2,16.535370980885542,2.0783537497063573,-2.137896593816482,35.20863855558757,litres
reduced_truck_capacity,smart,driving_fuel_l_post_warmup,2,470.73007973088556,42.29548503259481,90.7202236960145,850.7399357657566,litres
reduced_truck_capacity,smart,collection_idle_fuel_l_post_warmup,2,127.80000000000074,8.202438661764067,54.10401253018648,201.495987469815,litres
reduced_truck_capacity,smart,depot_idle_fuel_l_post_warmup,2,38.5,2.1213203435596424,19.44069289573796,57.55930710426204,litres
reduced_truck_capacity,smart,fuel_l_post_warmup,2,637.0300797308862,52.6192440379185,164.26492912193896,1109.7952303398333,litres
reduced_truck_capacity,smart,co2_kg_post_warmup,2,1707.2406136787754,141.0195740216217,440.23001004679577,2974.2512173107552,kg
reduced_truck_capacity,smart,collected_kg_post_warmup,2,102049.70142366018,6756.00290222784,41349.423645352195,162749.97920196818,kg
reduced_truck_capacity,smart,mean_fill_at_collection_pct_post_warmup,2,64.78907223497556,0.36721813229897987,61.48974821774799,68.08839625220314,%
reduced_truck_capacity,smart,truck_utilization_pct_post_warmup,2,45.29623101885072,0.5038808506765265,40.76904119287397,49.82342084482747,%
reduced_truck_capacity,smart,unserved_required_bins_post_warmup,2,0.0,0.0,0.0,0.0,count
reduced_truck_capacity,smart,inspection_events_post_warmup,2,369.5,108.18733752154178,-602.5246623173641,1341.5246623173641,count
reduced_truck_capacity,smart,routing_fallbacks_post_warmup,2,0.0,0.0,0.0,0.0,count
reduced_truck_capacity,smart,uncollected_kg_at_horizon,2,8548.787911439545,1934.4307166125607,-8831.38251485698,25928.95833773607,kg
reduced_truck_capacity,smart,unfinished_trip_count,2,0.0,0.0,0.0,0.0,count
sensor_failure,fixed,overflow_incidents,2,1.5,0.7071067811865476,-4.853102368087347,7.853102368087347,count
sensor_failure,fixed,overflow_bin_hours,2,12.5,0.7071067811865476,6.146897631912653,18.85310236808735,bin-hours
sensor_failure,fixed,overflow_spilled_kg,2,71.3972788351345,42.57927854417551,-311.16236073801025,453.95691840827925,kg
sensor_failure,fixed,distance_km,2,593.3479999999997,1.1398561312726907,583.1067989826431,603.5892010173563,km
sensor_failure,fixed,travel_time_hours,2,21.276258333333338,0.03557925620670352,20.95659139917907,21.595925267487605,hours
sensor_failure,fixed,service_time_hours,2,52.799999999999855,0.0,52.799999999999855,52.799999999999855,hours
sensor_failure,fixed,depot_unloading_time_hours,2,6.166666666666664,0.23570226039551562,4.048965877304218,8.284367456029111,hours
sensor_failure,fixed,turnaround_time_hours,2,0.08333333333333333,0.11785113019775792,-0.9755170613478911,1.1421837280145577,hours
sensor_failure,fixed,idling_time_hours,2,58.96666666666652,0.23570226039551248,56.8489658773041,61.084367456028936,hours
sensor_failure,fixed,collection_trips,2,18.5,0.7071067811865476,12.146897631912653,24.85310236808735,count
sensor_failure,fixed,collection_stops,2,396.0,0.0,396.0,396.0,count
sensor_failure,fixed,wasted_pickups,2,199.5,23.33452377915607,-10.152378146882455,409.1523781468825,count
sensor_failure,fixed,base_driving_fuel_l,2,267.00659999999993,0.5129352590727069,262.3980595421895,271.61514045781036,litres
sensor_failure,fixed,traffic_fuel_penalty_l,2,47.1369375,0.2643271214092446,44.76205253827347,49.51182246172653,litres
sensor_failure,fixed,payload_fuel_penalty_l,2,14.511992019042278,1.0164584095325202,5.3794755441936175,23.64450849389094,litres
sensor_failure,fixed,driving_fuel_l,2,328.6555295190422,0.7678502718690328,321.75666854027764,335.55439049780676,litres
sensor_failure,fixed,collection_idle_fuel_l,2,158.40000000000117,0.0,158.40000000000117,158.40000000000117,litres
sensor_failure,fixed,depot_idle_fuel_l,2,18.5,0.7071067811865476,12.146897631912653,24.85310236808735,litres
sensor_failure,fixed,fuel_l,2,505.5555295190434,0.06074349068248519,505.0097709083662,506.10128812972056,litres
sensor_failure,fixed,co2_kg,2,1354.8888191110364,0.1627925550290571,1353.4261860344216,1356.3514521876511,kg
sensor_failure,fixed,collected_kg,2,101650.26501117567,6367.0055483560145,44444.98979233376,158855.54023001756,kg
sensor_failure,fixed,mean_fill_at_collection_pct,2,52.050491081895984,3.2215794722195756,23.105747913692365,80.9952342500996,%
sensor_failure,fixed,truck_utilization_pct,2,61.168972680516475,6.162027106673108,5.805355691959555,116.53258966907339,%
sensor_failure,fixed,unserved_required_bins,2,0.0,0.0,0.0,0.0,count
sensor_failure,fixed,inspection_events,2,178.0,12.727922061357855,63.64415737442776,292.3558426255722,count
sensor_failure,fixed,routing_fallbacks,2,0.0,0.0,0.0,0.0,count
sensor_failure,fixed,overflow_incidents_post_warmup,2,1.5,0.7071067811865476,-4.853102368087347,7.853102368087347,count
sensor_failure,fixed,overflow_bin_hours_post_warmup,2,12.5,0.7071067811865476,6.146897631912653,18.85310236808735,bin-hours
sensor_failure,fixed,overflow_spilled_kg_post_warmup,2,71.3972788351345,42.57927854417551,-311.16236073801025,453.95691840827925,kg
sensor_failure,fixed,distance_km_post_warmup,2,593.3479999999997,1.1398561312726907,583.1067989826431,603.5892010173563,km
sensor_failure,fixed,travel_time_hours_post_warmup,2,21.276258333333338,0.03557925620670352,20.95659139917907,21.595925267487605,hours
sensor_failure,fixed,service_time_hours_post_warmup,2,52.799999999999855,0.0,52.799999999999855,52.799999999999855,hours
sensor_failure,fixed,depot_unloading_time_hours_post_warmup,2,6.166666666666664,0.23570226039551562,4.048965877304218,8.284367456029111,hours
sensor_failure,fixed,turnaround_time_hours_post_warmup,2,0.08333333333333333,0.11785113019775792,-0.9755170613478911,1.1421837280145577,hours
sensor_failure,fixed,idling_time_hours_post_warmup,2,58.96666666666652,0.23570226039551248,56.8489658773041,61.084367456028936,hours
sensor_failure,fixed,collection_trips_post_warmup,2,18.5,0.7071067811865476,12.146897631912653,24.85310236808735,count
sensor_failure,fixed,collection_stops_post_warmup,2,396.0,0.0,396.0,396.0,count
sensor_failure,fixed,wasted_pickups_post_warmup,2,199.5,23.33452377915607,-10.152378146882455,409.1523781468825,count
sensor_failure,fixed,base_driving_fuel_l_post_warmup,2,267.00659999999993,0.5129352590727069,262.3980595421895,271.61514045781036,litres
sensor_failure,fixed,traffic_fuel_penalty_l_post_warmup,2,47.1369375,0.2643271214092446,44.76205253827347,49.51182246172653,litres
sensor_failure,fixed,payload_fuel_penalty_l_post_warmup,2,14.511992019042278,1.0164584095325202,5.3794755441936175,23.64450849389094,litres
sensor_failure,fixed,driving_fuel_l_post_warmup,2,328.6555295190422,0.7678502718690328,321.75666854027764,335.55439049780676,litres
sensor_failure,fixed,collection_idle_fuel_l_post_warmup,2,158.40000000000117,0.0,158.40000000000117,158.40000000000117,litres
sensor_failure,fixed,depot_idle_fuel_l_post_warmup,2,18.5,0.7071067811865476,12.146897631912653,24.85310236808735,litres
sensor_failure,fixed,fuel_l_post_warmup,2,505.5555295190434,0.06074349068248519,505.0097709083662,506.10128812972056,litres
sensor_failure,fixed,co2_kg_post_warmup,2,1354.8888191110364,0.1627925550290571,1353.4261860344216,1356.3514521876511,kg
sensor_failure,fixed,collected_kg_post_warmup,2,101650.26501117567,6367.0055483560145,44444.98979233376,158855.54023001756,kg
sensor_failure,fixed,mean_fill_at_collection_pct_post_warmup,2,52.050491081895984,3.2215794722195756,23.105747913692365,80.9952342500996,%
sensor_failure,fixed,truck_utilization_pct_post_warmup,2,61.168972680516475,6.162027106673108,5.805355691959555,116.53258966907339,%
sensor_failure,fixed,unserved_required_bins_post_warmup,2,0.0,0.0,0.0,0.0,count
sensor_failure,fixed,inspection_events_post_warmup,2,178.0,12.727922061357855,63.64415737442776,292.3558426255722,count
sensor_failure,fixed,routing_fallbacks_post_warmup,2,0.0,0.0,0.0,0.0,count
sensor_failure,fixed,uncollected_kg_at_horizon,2,8914.824598168285,1449.1174292946068,-4104.9789401878315,21934.6281365244,kg
sensor_failure,fixed,unfinished_trip_count,2,0.0,0.0,0.0,0.0,count
sensor_failure,smart,overflow_incidents,2,11.5,6.363961030678928,-45.67792131278612,68.67792131278611,count
sensor_failure,smart,overflow_bin_hours,2,330.0,421.4356415871823,-3456.449011380059,4116.449011380058,bin-hours
sensor_failure,smart,overflow_spilled_kg,2,521.427331483276,657.1286266822419,-5382.639133990978,6425.49379695753,kg
sensor_failure,smart,distance_km,2,1294.4919999999993,144.70091748845314,-5.594162400662981,2594.5781624006613,km
sensor_failure,smart,travel_time_hours,2,37.24885763888891,4.048348367597001,0.8758906622962144,73.6218246154816,hours
sensor_failure,smart,service_time_hours,2,40.13333333333323,3.205550741379004,11.33260259800403,68.93406406866244,hours
sensor_failure,smart,depot_unloading_time_hours,2,20.166666666666664,2.121320343559635,1.107359562404696,39.22597377092863,hours
sensor_failure,smart,turnaround_time_hours,2,0.0,0.0,0.0,0.0,hours
sensor_failure,smart,idling_time_hours,2,60.2999999999999,5.326871084938636,12.439962160408747,108.16003783959104,hours
sensor_failure,smart,collection_trips,2,60.5,6.363961030678928,3.3220786872138817,117.67792131278611,count
sensor_failure,smart,collection_stops,2,301.0,24.041630560342615,84.99451948503022,517.0054805149698,count
sensor_failure,smart,wasted_pickups,2,42.5,10.606601717798213,-52.79653552131019,137.7965355213102,count
sensor_failure,smart,base_driving_fuel_l,2,582.5213999999999,65.11541286980378,-2.5173730802969203,1167.5601730802966,litres
sensor_failure,smart,traffic_fuel_penalty_l,2,48.91269374999999,9.11718558147899,-33.00196871553365,130.82735621553363,litres
sensor_failure,smart,payload_fuel_penalty_l,2,9.624310850618944,0.9674952356819299,0.9317110390177721,18.316910662220117,litres
sensor_failure,smart,driving_fuel_l,2,641.0584046006188,75.20009368696472,-34.58763075681293,1316.7044399580504,litres
sensor_failure,smart,collection_idle_fuel_l,2,120.40000000000063,9.616652224137184,33.99780779401148,206.8021922059898,litres
sensor_failure,smart,depot_idle_fuel_l,2,60.5,6.363961030678928,3.3220786872138817,117.67792131278611,litres
sensor_failure,smart,fuel_l,2,821.9584046006195,91.18070694178078,2.7322557244127665,1641.1845534768263,litres
sensor_failure,smart,co2_kg,2,2202.8485243296604,244.36429460397247,7.322445341426828,4398.374603317894,kg
sensor_failure,smart,collected_kg,2,100426.68458087639,8261.423480141504,26200.739544135562,174652.62961761723,kg
sensor_failure,smart,mean_fill_at_collection_pct,2,66.99905734117708,0.9275079999043458,58.66572858887128,75.33238609348287,%
sensor_failure,smart,truck_utilization_pct,2,18.466198805251047,0.42519959268748503,14.645932034962536,22.28646557553956,%
sensor_failure,smart,unserved_required_bins,2,3.0,0.0,3.0,3.0,count
sensor_failure,smart,inspection_events,2,2351.0,103.23759005323593,1423.4470542592476,3278.5529457407524,count
sensor_failure,smart,routing_fallbacks,2,0.0,0.0,0.0,0.0,count
sensor_failure,smart,overflow_incidents_post_warmup,2,11.5,6.363961030678928,-45.67792131278612,68.67792131278611,count
sensor_failure,smart,overflow_bin_hours_post_warmup,2,330.0,421.4356415871823,-3456.449011380059,4116.449011380058,bin-hours
sensor_failure,smart,overflow_spilled_kg_post_warmup,2,521.427331483276,657.1286266822419,-5382.639133990978,6425.49379695753,kg
sensor_failure,smart,distance_km_post_warmup,2,1294.4919999999993,144.70091748845314,-5.594162400662981,2594.5781624006613,km
sensor_failure,smart,travel_time_hours_post_warmup,2,37.24885763888891,4.048348367597001,0.8758906622962144,73.6218246154816,hours
sensor_failure,smart,service_time_hours_post_warmup,2,40.13333333333323,3.205550741379004,11.33260259800403,68.93406406866244,hours
sensor_failure,smart,depot_unloading_time_hours_post_warmup,2,20.166666666666664,2.121320343559635,1.107359562404696,39.22597377092863,hours
sensor_failure,smart,turnaround_time_hours_post_warmup,2,0.0,0.0,0.0,0.0,hours
sensor_failure,smart,idling_time_hours_post_warmup,2,60.2999999999999,5.326871084938636,12.439962160408747,108.16003783959104,hours
sensor_failure,smart,collection_trips_post_warmup,2,60.5,6.363961030678928,3.3220786872138817,117.67792131278611,count
sensor_failure,smart,collection_stops_post_warmup,2,301.0,24.041630560342615,84.99451948503022,517.0054805149698,count
sensor_failure,smart,wasted_pickups_post_warmup,2,42.5,10.606601717798213,-52.79653552131019,137.7965355213102,count
sensor_failure,smart,base_driving_fuel_l_post_warmup,2,582.5213999999999,65.11541286980378,-2.5173730802969203,1167.5601730802966,litres
sensor_failure,smart,traffic_fuel_penalty_l_post_warmup,2,48.91269374999999,9.11718558147899,-33.00196871553365,130.82735621553363,litres
sensor_failure,smart,payload_fuel_penalty_l_post_warmup,2,9.624310850618944,0.9674952356819299,0.9317110390177721,18.316910662220117,litres
sensor_failure,smart,driving_fuel_l_post_warmup,2,641.0584046006188,75.20009368696472,-34.58763075681293,1316.7044399580504,litres
sensor_failure,smart,collection_idle_fuel_l_post_warmup,2,120.40000000000063,9.616652224137184,33.99780779401148,206.8021922059898,litres
sensor_failure,smart,depot_idle_fuel_l_post_warmup,2,60.5,6.363961030678928,3.3220786872138817,117.67792131278611,litres
sensor_failure,smart,fuel_l_post_warmup,2,821.9584046006195,91.18070694178078,2.7322557244127665,1641.1845534768263,litres
sensor_failure,smart,co2_kg_post_warmup,2,2202.8485243296604,244.36429460397247,7.322445341426828,4398.374603317894,kg
sensor_failure,smart,collected_kg_post_warmup,2,100426.68458087639,8261.423480141504,26200.739544135562,174652.62961761723,kg
sensor_failure,smart,mean_fill_at_collection_pct_post_warmup,2,66.99905734117708,0.9275079999043458,58.66572858887128,75.33238609348287,%
sensor_failure,smart,truck_utilization_pct_post_warmup,2,18.466198805251047,0.42519959268748503,14.645932034962536,22.28646557553956,%
sensor_failure,smart,unserved_required_bins_post_warmup,2,3.0,0.0,3.0,3.0,count
sensor_failure,smart,inspection_events_post_warmup,2,2119.0,98.99494936611666,1229.5656684677715,3008.4343315322285,count
sensor_failure,smart,routing_fallbacks_post_warmup,2,0.0,0.0,0.0,0.0,count
sensor_failure,smart,uncollected_kg_at_horizon,2,9688.374975819339,4043.243266306655,-26638.724485484367,46015.47443712304,kg
sensor_failure,smart,unfinished_trip_count,2,0.0,0.0,0.0,0.0,count
traffic_disruption,fixed,overflow_incidents,2,1.5,0.7071067811865476,-4.853102368087347,7.853102368087347,count
traffic_disruption,fixed,overflow_bin_hours,2,12.5,0.7071067811865476,6.146897631912653,18.85310236808735,bin-hours
traffic_disruption,fixed,overflow_spilled_kg,2,71.3972788351345,42.57927854417551,-311.16236073801025,453.95691840827925,kg
traffic_disruption,fixed,distance_km,2,593.3479999999997,1.1398561312726907,583.1067989826431,603.5892010173563,km
traffic_disruption,fixed,travel_time_hours,2,28.27874812500003,0.050132103019171405,27.82832904985857,28.729167200141486,hours
traffic_disruption,fixed,service_time_hours,2,52.799999999999855,0.0,52.799999999999855,52.799999999999855,hours
traffic_disruption,fixed,depot_unloading_time_hours,2,6.166666666666664,0.23570226039551562,4.048965877304218,8.284367456029111,hours
traffic_disruption,fixed,turnaround_time_hours,2,0.08333333333333333,0.11785113019775792,-0.9755170613478911,1.1421837280145577,hours
traffic_disruption,fixed,idling_time_hours,2,58.96666666666652,0.23570226039551248,56.8489658773041,61.084367456028936,hours
traffic_disruption,fixed,collection_trips,2,18.5,0.7071067811865476,12.146897631912653,24.85310236808735,count
traffic_disruption,fixed,collection_stops,2,396.0,0.0,396.0,396.0,count
traffic_disruption,fixed,wasted_pickups,2,199.0,22.627416997969522,-4.299275778795106,402.2992757787951,count
traffic_disruption,fixed,base_driving_fuel_l,2,267.00659999999993,0.5129352590727069,262.3980595421895,271.61514045781036,litres
traffic_disruption,fixed,traffic_fuel_penalty_l,2,153.55810181250015,0.18283421392602933,151.91540157490422,155.2008020500961,litres
traffic_disruption,fixed,payload_fuel_penalty_l,2,19.236368566181273,1.339059814280258,7.205393466721491,31.267343665641057,litres
traffic_disruption,fixed,driving_fuel_l,2,439.80107037868135,1.0089587691336006,430.73593549943587,448.8662052579268,litres
traffic_disruption,fixed,collection_idle_fuel_l,2,158.40000000000117,0.0,158.40000000000117,158.40000000000117,litres
traffic_disruption,fixed,depot_idle_fuel_l,2,18.5,0.7071067811865476,12.146897631912653,24.85310236808735,litres
traffic_disruption,fixed,fuel_l,2,616.7010703786825,0.30185198794705315,613.9890378675244,619.4131028898406,litres
traffic_disruption,fixed,co2_kg,2,1652.7588686148692,0.808963327698173,1645.4906214849648,1660.0271157447737,kg
traffic_disruption,fixed,collected_kg,2,101660.10018947409,6368.458376443569,44441.7718281521,158878.4285507961,kg
traffic_disruption,fixed,mean_fill_at_collection_pct,2,52.05566604422275,3.2228044509895195,23.0999168784368,81.01141521000869,%
traffic_disruption,fixed,truck_utilization_pct,2,61.17490070036109,6.1631262567994485,5.8014082397307405,116.54839316099145,%
traffic_disruption,fixed,unserved_required_bins,2,0.0,0.0,0.0,0.0,count
traffic_disruption,fixed,inspection_events,2,30.5,7.7781745930520225,-39.38412604896081,100.38412604896081,count
traffic_disruption,fixed,routing_fallbacks,2,0.0,0.0,0.0,0.0,count
traffic_disruption,fixed,overflow_incidents_post_warmup,2,1.5,0.7071067811865476,-4.853102368087347,7.853102368087347,count
traffic_disruption,fixed,overflow_bin_hours_post_warmup,2,12.5,0.7071067811865476,6.146897631912653,18.85310236808735,bin-hours
traffic_disruption,fixed,overflow_spilled_kg_post_warmup,2,71.3972788351345,42.57927854417551,-311.16236073801025,453.95691840827925,kg
traffic_disruption,fixed,distance_km_post_warmup,2,593.3479999999997,1.1398561312726907,583.1067989826431,603.5892010173563,km
traffic_disruption,fixed,travel_time_hours_post_warmup,2,28.27874812500003,0.050132103019171405,27.82832904985857,28.729167200141486,hours
traffic_disruption,fixed,service_time_hours_post_warmup,2,52.799999999999855,0.0,52.799999999999855,52.799999999999855,hours
traffic_disruption,fixed,depot_unloading_time_hours_post_warmup,2,6.166666666666664,0.23570226039551562,4.048965877304218,8.284367456029111,hours
traffic_disruption,fixed,turnaround_time_hours_post_warmup,2,0.08333333333333333,0.11785113019775792,-0.9755170613478911,1.1421837280145577,hours
traffic_disruption,fixed,idling_time_hours_post_warmup,2,58.96666666666652,0.23570226039551248,56.8489658773041,61.084367456028936,hours
traffic_disruption,fixed,collection_trips_post_warmup,2,18.5,0.7071067811865476,12.146897631912653,24.85310236808735,count
traffic_disruption,fixed,collection_stops_post_warmup,2,396.0,0.0,396.0,396.0,count
traffic_disruption,fixed,wasted_pickups_post_warmup,2,199.0,22.627416997969522,-4.299275778795106,402.2992757787951,count
traffic_disruption,fixed,base_driving_fuel_l_post_warmup,2,267.00659999999993,0.5129352590727069,262.3980595421895,271.61514045781036,litres
traffic_disruption,fixed,traffic_fuel_penalty_l_post_warmup,2,153.55810181250015,0.18283421392602933,151.91540157490422,155.2008020500961,litres
traffic_disruption,fixed,payload_fuel_penalty_l_post_warmup,2,19.236368566181273,1.339059814280258,7.205393466721491,31.267343665641057,litres
traffic_disruption,fixed,driving_fuel_l_post_warmup,2,439.80107037868135,1.0089587691336006,430.73593549943587,448.8662052579268,litres
traffic_disruption,fixed,collection_idle_fuel_l_post_warmup,2,158.40000000000117,0.0,158.40000000000117,158.40000000000117,litres
traffic_disruption,fixed,depot_idle_fuel_l_post_warmup,2,18.5,0.7071067811865476,12.146897631912653,24.85310236808735,litres
traffic_disruption,fixed,fuel_l_post_warmup,2,616.7010703786825,0.30185198794705315,613.9890378675244,619.4131028898406,litres
traffic_disruption,fixed,co2_kg_post_warmup,2,1652.7588686148692,0.808963327698173,1645.4906214849648,1660.0271157447737,kg
traffic_disruption,fixed,collected_kg_post_warmup,2,101660.10018947409,6368.458376443569,44441.7718281521,158878.4285507961,kg
traffic_disruption,fixed,mean_fill_at_collection_pct_post_warmup,2,52.05566604422275,3.2228044509895195,23.0999168784368,81.01141521000869,%
traffic_disruption,fixed,truck_utilization_pct_post_warmup,2,61.17490070036109,6.1631262567994485,5.8014082397307405,116.54839316099145,%
traffic_disruption,fixed,unserved_required_bins_post_warmup,2,0.0,0.0,0.0,0.0,count
traffic_disruption,fixed,inspection_events_post_warmup,2,30.5,7.7781745930520225,-39.38412604896081,100.38412604896081,count
traffic_disruption,fixed,routing_fallbacks_post_warmup,2,0.0,0.0,0.0,0.0,count
traffic_disruption,fixed,uncollected_kg_at_horizon,2,8904.989419869846,1450.5702573821454,-4127.867260966219,21937.84610070591,kg
traffic_disruption,fixed,unfinished_trip_count,2,0.0,0.0,0.0,0.0,count
traffic_disruption,smart,overflow_incidents,2,2.0,2.8284271247461903,-23.41240947234939,27.41240947234939,count
traffic_disruption,smart,overflow_bin_hours,2,34.0,48.08326112068523,-398.01096102993955,466.01096102993955,bin-hours
traffic_disruption,smart,overflow_spilled_kg,2,39.32076609206137,55.60796069029331,-460.29693825690606,538.9384704410288,kg
traffic_disruption,smart,distance_km,2,915.3204999999996,117.65903285553524,-141.80396853789148,1972.4449685378906,km
traffic_disruption,smart,travel_time_hours,2,37.838883749999994,4.440549268571662,-2.057868514816029,77.73563601481601,hours
traffic_disruption,smart,service_time_hours,2,42.19999999999989,1.602775370689502,27.799634632335287,56.600365367664494,hours
traffic_disruption,smart,depot_unloading_time_hours,2,12.333333333333337,1.88561808316413,-4.608272981566282,29.27493964823296,hours
traffic_disruption,smart,turnaround_time_hours,2,0.0,0.0,0.0,0.0,hours
traffic_disruption,smart,idling_time_hours,2,54.53333333333323,3.4883934538536323,23.19136165076901,85.87530501589745,hours
traffic_disruption,smart,collection_trips,2,37.0,5.656854249492381,-13.824818944698777,87.82481894469878,count
traffic_disruption,smart,collection_stops,2,316.5,12.020815280171307,208.4972597425151,424.5027402574849,count
traffic_disruption,smart,wasted_pickups,2,31.5,0.7071067811865476,25.14689763191265,37.85310236808735,count
traffic_disruption,smart,base_driving_fuel_l,2,411.8942249999999,52.94656478499097,-63.811785842052075,887.6002358420519,litres
traffic_disruption,smart,traffic_fuel_penalty_l,2,191.14775775000012,26.304662881026697,-45.19026146792302,427.48577696792324,litres
traffic_disruption,smart,payload_fuel_penalty_l,2,15.529408584695911,0.36603231775833617,12.240738688411192,18.81807848098063,litres
traffic_disruption,smart,driving_fuel_l,2,618.571391334696,79.61725998377602,-96.76130862156401,1333.904091290956,litres
traffic_disruption,smart,collection_idle_fuel_l,2,126.60000000000072,4.808326112068592,83.39890389700614,169.8010961029953,litres
traffic_disruption,smart,depot_idle_fuel_l,2,37.0,5.656854249492381,-13.824818944698777,87.82481894469878,litres
traffic_disruption,smart,fuel_l,2,782.1713913346968,90.08244034533698,-27.18722366925647,1591.5300063386499,litres
traffic_disruption,smart,co2_kg,2,2096.2193287769874,241.42094012550325,-72.86175943360831,4265.300416987583,kg
traffic_disruption,smart,collected_kg,2,103154.51290274519,3297.278000148317,73529.64544519759,132779.3803602928,kg
traffic_disruption,smart,mean_fill_at_collection_pct,2,66.44793113572322,0.39543620858482786,62.895077761905874,70.00078450954058,%
traffic_disruption,smart,truck_utilization_pct,2,31.267067971324003,3.790184435104895,-2.7863880989836076,65.32052404163161,%
traffic_disruption,smart,unserved_required_bins,2,0.0,0.0,0.0,0.0,count
traffic_disruption,smart,inspection_events,2,399.0,117.37972567696688,-655.6149931024995,1453.6149931024995,count
traffic_disruption,smart,routing_fallbacks,2,0.0,0.0,0.0,0.0,count
traffic_disruption,smart,overflow_incidents_post_warmup,2,2.0,2.8284271247461903,-23.41240947234939,27.41240947234939,count
traffic_disruption,smart,overflow_bin_hours_post_warmup,2,34.0,48.08326112068523,-398.01096102993955,466.01096102993955,bin-hours
traffic_disruption,smart,overflow_spilled_kg_post_warmup,2,39.32076609206137,55.60796069029331,-460.29693825690606,538.9384704410288,kg
traffic_disruption,smart,distance_km_post_warmup,2,915.3204999999996,117.65903285553524,-141.80396853789148,1972.4449685378906,km
traffic_disruption,smart,travel_time_hours_post_warmup,2,37.838883749999994,4.440549268571662,-2.057868514816029,77.73563601481601,hours
traffic_disruption,smart,service_time_hours_post_warmup,2,42.19999999999989,1.602775370689502,27.799634632335287,56.600365367664494,hours
traffic_disruption,smart,depot_unloading_time_hours_post_warmup,2,12.333333333333337,1.88561808316413,-4.608272981566282,29.27493964823296,hours
traffic_disruption,smart,turnaround_time_hours_post_warmup,2,0.0,0.0,0.0,0.0,hours
traffic_disruption,smart,idling_time_hours_post_warmup,2,54.53333333333323,3.4883934538536323,23.19136165076901,85.87530501589745,hours
traffic_disruption,smart,collection_trips_post_warmup,2,37.0,5.656854249492381,-13.824818944698777,87.82481894469878,count
traffic_disruption,smart,collection_stops_post_warmup,2,316.5,12.020815280171307,208.4972597425151,424.5027402574849,count
traffic_disruption,smart,wasted_pickups_post_warmup,2,31.5,0.7071067811865476,25.14689763191265,37.85310236808735,count
traffic_disruption,smart,base_driving_fuel_l_post_warmup,2,411.8942249999999,52.94656478499097,-63.811785842052075,887.6002358420519,litres
traffic_disruption,smart,traffic_fuel_penalty_l_post_warmup,2,191.14775775000012,26.304662881026697,-45.19026146792302,427.48577696792324,litres
traffic_disruption,smart,payload_fuel_penalty_l_post_warmup,2,15.529408584695911,0.36603231775833617,12.240738688411192,18.81807848098063,litres
traffic_disruption,smart,driving_fuel_l_post_warmup,2,618.571391334696,79.61725998377602,-96.76130862156401,1333.904091290956,litres
traffic_disruption,smart,collection_idle_fuel_l_post_warmup,2,126.60000000000072,4.808326112068592,83.39890389700614,169.8010961029953,litres
traffic_disruption,smart,depot_idle_fuel_l_post_warmup,2,37.0,5.656854249492381,-13.824818944698777,87.82481894469878,litres
traffic_disruption,smart,fuel_l_post_warmup,2,782.1713913346968,90.08244034533698,-27.18722366925647,1591.5300063386499,litres
traffic_disruption,smart,co2_kg_post_warmup,2,2096.2193287769874,241.42094012550325,-72.86175943360831,4265.300416987583,kg
traffic_disruption,smart,collected_kg_post_warmup,2,103154.51290274519,3297.278000148317,73529.64544519759,132779.3803602928,kg
traffic_disruption,smart,mean_fill_at_collection_pct_post_warmup,2,66.44793113572322,0.39543620858482786,62.895077761905874,70.00078450954058,%
traffic_disruption,smart,truck_utilization_pct_post_warmup,2,31.267067971324003,3.790184435104895,-2.7863880989836076,65.32052404163161,%
traffic_disruption,smart,unserved_required_bins_post_warmup,2,0.0,0.0,0.0,0.0,count
traffic_disruption,smart,inspection_events_post_warmup,2,375.5,116.67261889578035,-672.7618907344122,1423.7618907344122,count
traffic_disruption,smart,routing_fallbacks_post_warmup,2,0.0,0.0,0.0,0.0,count
traffic_disruption,smart,uncollected_kg_at_horizon,2,7442.653219341842,1522.4228796785155,-6235.773659673278,21121.08009835696,kg
traffic_disruption,smart,unfinished_trip_count,2,0.0,0.0,0.0,0.0,count
