policy,scenario,replication,overflow_incidents,overflow_bin_hours,overflow_spilled_kg,distance_km,travel_time_hours,service_time_hours,depot_unloading_time_hours,turnaround_time_hours,idling_time_hours,collection_trips,collection_stops,wasted_pickups,collected_kg,mean_fill_at_collection_pct,truck_utilization_pct,unserved_required_bins,inspection_events,base_driving_fuel_l,traffic_fuel_penalty_l,payload_fuel_penalty_l,driving_fuel_l,collection_idle_fuel_l,depot_idle_fuel_l,fuel_l,co2_kg,routing_fallbacks,forecast_driven_dispatches,capacity_constrained_decisions,dispatch_limit_blocks,sensor_uncertainty_decisions,overflow_incidents_post_warmup,overflow_bin_hours_post_warmup,overflow_spilled_kg_post_warmup,distance_km_post_warmup,travel_time_hours_post_warmup,service_time_hours_post_warmup,depot_unloading_time_hours_post_warmup,turnaround_time_hours_post_warmup,idling_time_hours_post_warmup,collection_trips_post_warmup,collection_stops_post_warmup,wasted_pickups_post_warmup,collected_kg_post_warmup,mean_fill_at_collection_pct_post_warmup,truck_utilization_pct_post_warmup,unserved_required_bins_post_warmup,inspection_events_post_warmup,base_driving_fuel_l_post_warmup,traffic_fuel_penalty_l_post_warmup,payload_fuel_penalty_l_post_warmup,driving_fuel_l_post_warmup,collection_idle_fuel_l_post_warmup,depot_idle_fuel_l_post_warmup,fuel_l_post_warmup,co2_kg_post_warmup,routing_fallbacks_post_warmup,forecast_driven_dispatches_post_warmup,capacity_constrained_decisions_post_warmup,dispatch_limit_blocks_post_warmup,sensor_uncertainty_decisions_post_warmup,uncollected_kg_at_horizon,unfinished_trip_count,analysis_warmup_days
fixed,normal_patterned,0,11.0,702.0,3498.831147665477,689.0709999999995,21.356245833333325,38.13333333333324,5.999999999999998,1.5,44.13333333333324,18.0,286.0,89.0,93236.06949225566,58.10718186588428,57.55312931620719,11.0,25.0,310.0819499999998,30.48603750000001,14.084060979164914,354.6520484791647,114.40000000000055,18.0,487.05204847916525,1305.299489924163,0.0,0.0,1.0,0.0,7.0,11.0,702.0,3498.831147665477,689.0709999999995,21.356245833333325,38.13333333333324,5.999999999999998,1.5,44.13333333333324,18.0,286.0,89.0,93236.06949225566,58.10718186588428,57.55312931620719,11.0,25.0,310.0819499999998,30.48603750000001,14.084060979164914,354.6520484791647,114.40000000000055,18.0,487.05204847916525,1305.299489924163,0.0,0.0,1.0,0.0,7.0,9877.304318810016,0,3
smart,normal_patterned,0,0.0,0.0,0.0,1163.423,32.52018611111113,36.26666666666658,12.000000000000004,2.0,48.26666666666658,36.0,272.0,23.0,99092.48326901198,65.33038537512525,30.584099774386413,0.0,228.0,523.5403499999996,29.792115000000013,12.829619914403434,566.1620849144031,108.80000000000047,36.0,710.9620849144035,1905.3783875706015,0.0,24.0,0.0,25.0,83.0,0.0,0.0,0.0,1163.423,32.52018611111113,36.26666666666658,12.000000000000004,2.0,48.26666666666658,36.0,272.0,23.0,99092.48326901198,65.33038537512525,30.584099774386413,0.0,212.0,523.5403499999996,29.792115000000013,12.829619914403434,566.1620849144031,108.80000000000047,36.0,710.9620849144035,1905.3783875706015,0.0,24.0,0.0,25.0,73.0,7519.721689719167,0,3
fixed,high_demand_seasonal,0,71.0,4897.0,35784.48323363525,573.8459999999999,18.347041666666676,30.79999999999993,5.999999999999998,1.5,36.799999999999926,18.0,231.0,7.0,105998.34237988292,79.93216391367675,65.4310755431376,66.0,23.0,258.2307,33.4215,13.964234636965262,305.61643463696527,92.40000000000023,18.0,416.0164346369655,1114.9240448270677,0.0,0.0,6.0,0.0,7.0,71.0,4897.0,35784.48323363525,573.8459999999999,18.347041666666676,30.79999999999993,5.999999999999998,1.5,36.799999999999926,18.0,231.0,7.0,105998.34237988292,79.93216391367675,65.4310755431376,66.0,23.0,258.2307,33.4215,13.964234636965262,305.61643463696527,92.40000000000023,18.0,416.0164346369655,1114.9240448270677,0.0,0.0,6.0,0.0,7.0,15489.520452714407,0,3
smart,high_demand_seasonal,0,12.0,103.0,627.7330707804499,1421.3369999999998,38.97699166666662,50.66666666666653,14.333333333333341,2.1666666666666665,64.99999999999987,43.0,380.0,28.0,149535.03352856595,70.087055704049,38.639543547433064,0.0,236.0,639.6016499999993,28.79581500000001,20.410542241826757,688.8080072418261,152.00000000000108,43.0,883.8080072418272,2368.605459408097,0.0,30.0,0.0,23.0,83.0,12.0,103.0,627.7330707804499,1356.4589999999996,36.87523194444441,47.33333333333321,14.000000000000007,2.0,61.333333333333215,41.0,355.0,28.0,139610.97466791354,70.07022884693734,37.83495248452942,0.0,220.0,610.4065499999992,25.24533750000002,19.380488633032773,655.032376133032,142.00000000000094,42.0,839.0323761330329,2248.6067680365286,0.0,29.0,0.0,23.0,73.0,7109.5794668861045,0,3
fixed,event_heavy,0,2.0,10.0,49.94870583284046,712.1159999999994,21.958599999999993,39.5999999999999,5.999999999999998,1.5,45.5999999999999,18.0,297.0,115.0,93253.70449184699,55.77278604861175,57.56401511842407,0.0,25.0,320.4521999999997,30.024675000000002,14.540845503658936,365.01772050365867,118.80000000000061,18.0,501.8177205036593,1344.871490949807,0.0,0.0,0.0,0.0,7.0,2.0,10.0,49.94870583284046,712.1159999999994,21.958599999999993,39.5999999999999,5.999999999999998,1.5,45.5999999999999,18.0,297.0,115.0,93253.70449184699,55.77278604861175,57.56401511842407,0.0,25.0,320.4521999999997,30.024675000000002,14.540845503658936,365.01772050365867,118.80000000000061,18.0,501.8177205036593,1344.871490949807,0.0,0.0,0.0,0.0,7.0,9310.084879134683,0,3
smart,event_heavy,0,4.0,21.0,146.02393919931853,1120.6439999999989,31.147400000000022,33.86666666666659,12.000000000000004,2.0,45.86666666666659,36.0,254.0,34.0,95176.18390662291,66.86076622573407,29.37536540327868,0.0,240.0,504.2897999999998,31.235602500000013,12.71079675598126,548.2361992559811,101.60000000000036,36.0,685.8361992559815,1838.0410140060303,0.0,24.0,0.0,21.0,88.0,4.0,21.0,146.02393919931853,1120.6439999999989,31.147400000000022,33.86666666666659,12.000000000000004,2.0,45.86666666666659,36.0,254.0,34.0,95176.18390662291,66.86076622573407,29.37536540327868,0.0,224.0,504.2897999999998,31.235602500000013,12.71079675598126,548.2361992559811,101.60000000000036,36.0,685.8361992559815,1838.0410140060303,0.0,24.0,0.0,21.0,78.0,7291.53023099232,0,3
fixed,persistent_multi_day_surge,0,30.0,1763.0,13233.20798636394,666.0259999999995,20.754533333333324,36.66666666666658,5.999999999999998,1.5,42.66666666666658,18.0,275.0,54.0,101693.6164732218,65.14307052738278,62.77383732914926,22.0,25.0,299.71169999999984,31.104562500000007,14.924663115770407,345.7409256157702,110.00000000000048,18.0,473.7409256157707,1269.6256806502656,0.0,0.0,2.0,0.0,7.0,30.0,1763.0,13233.20798636394,666.0259999999995,20.754533333333324,36.66666666666658,5.999999999999998,1.5,42.66666666666658,18.0,275.0,54.0,101693.6164732218,65.14307052738278,62.77383732914926,22.0,25.0,299.71169999999984,31.104562500000007,14.924663115770407,345.7409256157702,110.00000000000048,18.0,473.7409256157707,1269.6256806502656,0.0,0.0,2.0,0.0,7.0,9877.304318810016,0,3
smart,persistent_multi_day_surge,0,3.0,19.0,37.1147741511778,1288.8559999999993,35.01632222222223,40.53333333333323,13.666666666666673,2.333333333333333,54.1999999999999,41.0,304.0,37.0,113927.34119379199,67.00257830115308,30.874618209699722,0.0,214.0,579.9851999999994,21.6682875,14.25412424953863,615.9076117495381,121.60000000000065,41.0,778.5076117495387,2086.400399488764,0.0,27.0,0.0,33.0,76.0,3.0,19.0,37.1147741511778,1288.8559999999993,35.01632222222223,40.53333333333323,13.666666666666673,2.333333333333333,54.1999999999999,41.0,304.0,37.0,113927.34119379199,67.00257830115308,30.874618209699722,0.0,198.0,579.9851999999994,21.6682875,14.25412424953863,615.9076117495381,121.60000000000065,41.0,778.5076117495387,2086.400399488764,0.0,27.0,0.0,33.0,66.0,10839.672810452616,0,3
fixed,localized_surge,0,18.0,870.0,5522.320298811595,689.0709999999995,21.356887499999992,38.13333333333324,5.999999999999998,1.5,44.13333333333324,18.0,286.0,80.0,97117.46589049126,60.26451086802132,59.94905301882177,11.0,25.0,310.0819499999998,30.643200000000014,14.574303311654266,355.2994533116541,114.40000000000055,18.0,487.6994533116546,1307.0345348752344,0.0,0.0,1.0,0.0,7.0,18.0,870.0,5522.320298811595,689.0709999999995,21.356887499999992,38.13333333333324,5.999999999999998,1.5,44.13333333333324,18.0,286.0,80.0,97117.46589049126,60.26451086802132,59.94905301882177,11.0,25.0,310.0819499999998,30.643200000000014,14.574303311654266,355.2994533116541,114.40000000000055,18.0,487.6994533116546,1307.0345348752344,0.0,0.0,1.0,0.0,7.0,9877.304318810016,0,3
smart,localized_surge,0,4.0,17.0,57.59311266542535,1222.2599999999984,33.3589513888889,36.933333333333245,13.33333333333334,2.4999999999999996,50.26666666666658,40.0,277.0,24.0,102377.11878153597,65.8042617714903,28.43808855042666,0.0,203.0,550.0169999999994,23.0369625,12.744463378168671,585.798425878168,110.8000000000005,40.0,736.5984258781685,1974.0837813534918,0.0,25.0,0.0,32.0,77.0,4.0,17.0,57.59311266542535,1222.2599999999984,33.3589513888889,36.933333333333245,13.33333333333334,2.4999999999999996,50.26666666666658,40.0,277.0,24.0,102377.11878153597,65.8042617714903,28.43808855042666,0.0,187.0,550.0169999999994,23.0369625,12.744463378168671,585.798425878168,110.8000000000005,40.0,736.5984258781685,1974.0837813534918,0.0,25.0,0.0,32.0,67.0,10082.378613911445,0,3
fixed,gradual_upward_trend,0,12.0,772.0,4208.050347149418,689.0809999999996,21.374398611111104,38.13333333333324,5.999999999999998,1.5,44.13333333333324,18.0,285.0,73.0,97044.3058719791,60.7611846650672,59.90389251356735,12.0,25.0,310.0864499999998,30.43014750000001,14.924783212465815,355.4413807124656,114.40000000000055,18.0,487.84138071246616,1307.4149003094094,0.0,0.0,1.0,0.0,7.0,12.0,772.0,4208.050347149418,689.0809999999996,21.374398611111104,38.13333333333324,5.999999999999998,1.5,44.13333333333324,18.0,285.0,73.0,97044.3058719791,60.7611846650672,59.90389251356735,12.0,25.0,310.0864499999998,30.43014750000001,14.924783212465815,355.4413807124656,114.40000000000055,18.0,487.84138071246616,1307.4149003094094,0.0,0.0,1.0,0.0,7.0,10801.50383433036,0,3
smart,gradual_upward_trend,0,5.0,33.0,33.71547664555125,1107.1289999999997,31.55537777777778,36.26666666666658,11.333333333333336,1.6666666666666667,47.599999999999916,34.0,272.0,22.0,102857.65588520598,67.31957497056376,33.61361303438104,0.0,268.0,498.20804999999933,33.911347500000005,14.03336841841173,546.1527659184111,108.80000000000047,34.0,688.9527659184116,1846.3934126613433,0.0,24.0,0.0,13.0,94.0,5.0,33.0,33.71547664555125,1107.1289999999997,31.55537777777778,36.26666666666658,11.333333333333336,1.6666666666666667,47.599999999999916,34.0,272.0,22.0,102857.65588520598,67.31957497056376,33.61361303438104,0.0,252.0,498.20804999999933,33.911347500000005,14.03336841841173,546.1527659184111,108.80000000000047,34.0,688.9527659184116,1846.3934126613433,0.0,24.0,0.0,13.0,84.0,9162.488691607396,0,3
fixed,abrupt_behavior_change,0,49.0,3562.0,24598.606933986608,619.9359999999997,19.551750000000016,33.733333333333256,5.999999999999998,1.5,39.733333333333256,18.0,253.0,60.0,98418.22332502661,68.08675070762712,60.75198970680655,44.0,24.0,278.97119999999995,32.49877500000001,13.589912532829363,325.05988753282935,101.20000000000036,18.0,444.2598875328297,1190.6164985879836,0.0,0.0,4.0,0.0,7.0,49.0,3562.0,24598.606933986608,619.9359999999997,19.551750000000016,33.733333333333256,5.999999999999998,1.5,39.733333333333256,18.0,253.0,60.0,98418.22332502661,68.08675070762712,60.75198970680655,44.0,24.0,278.97119999999995,32.49877500000001,13.589912532829363,325.05988753282935,101.20000000000036,18.0,444.2598875328297,1190.6164985879836,0.0,0.0,4.0,0.0,7.0,15143.462727209848,0,3
smart,abrupt_behavior_change,0,8.0,145.0,352.96323464829993,1408.9130000000002,37.71084444444439,46.13333333333321,14.333333333333341,2.333333333333333,60.466666666666555,43.0,346.0,38.0,131487.52453618025,66.96208591963693,33.97610453131273,0.0,193.0,634.0108499999992,19.7751375,17.24473421683201,671.0307217168313,138.4000000000009,43.0,852.4307217168322,2284.51433420111,0.0,29.0,0.0,40.0,69.0,8.0,145.0,352.96323464829993,1408.9130000000002,37.71084444444439,46.13333333333321,14.333333333333341,2.333333333333333,60.466666666666555,43.0,346.0,38.0,131487.52453618025,66.96208591963693,33.97610453131273,0.0,177.0,634.0108499999992,19.7751375,17.24473421683201,671.0307217168313,138.4000000000009,43.0,852.4307217168322,2284.51433420111,0.0,29.0,0.0,40.0,59.0,6319.8052153944745,0,3
fixed,traffic_disruption,0,11.0,701.0,3490.88291306244,689.0709999999995,28.34394375000003,38.13333333333324,5.999999999999998,1.5,44.13333333333324,18.0,286.0,89.0,93289.08163910461,58.13487823000747,57.585852863644824,11.0,25.0,310.0819499999998,145.493386875,18.944302732408698,474.51963960740846,114.40000000000055,18.0,606.919639607409,1626.5446341478562,0.0,0.0,1.0,0.0,7.0,11.0,701.0,3490.88291306244,689.0709999999995,28.34394375000003,38.13333333333324,5.999999999999998,1.5,44.13333333333324,18.0,286.0,89.0,93289.08163910461,58.13487823000747,57.585852863644824,11.0,25.0,310.0819499999998,145.493386875,18.944302732408698,474.51963960740846,114.40000000000055,18.0,606.919639607409,1626.5446341478562,0.0,0.0,1.0,0.0,7.0,9832.240406564108,0,3
smart,traffic_disruption,0,0.0,0.0,0.0,1163.625,43.91343187500001,36.13333333333325,12.000000000000004,2.0,48.133333333333255,36.0,271.0,24.0,98892.94233535383,65.43588624906162,30.52251306646723,0.0,228.0,523.6312499999996,224.0060298750002,17.324411892200942,764.9616917672007,108.40000000000046,36.0,909.3616917672011,2437.089333936099,0.0,24.0,0.0,25.0,83.0,0.0,0.0,0.0,1163.625,43.91343187500001,36.13333333333325,12.000000000000004,2.0,48.133333333333255,36.0,271.0,24.0,98892.94233535383,65.43588624906162,30.52251306646723,0.0,212.0,523.6312499999996,224.0060298750002,17.324411892200942,764.9616917672007,108.40000000000046,36.0,909.3616917672011,2437.089333936099,0.0,24.0,0.0,25.0,73.0,7719.262623377302,0,3
fixed,sensor_failure,0,11.0,702.0,3498.831147665477,689.0709999999995,21.356245833333325,38.13333333333324,5.999999999999998,1.5,44.13333333333324,18.0,286.0,89.0,93236.06949225566,58.10718186588428,57.55312931620719,11.0,126.0,310.0819499999998,30.48603750000001,14.084060979164914,354.6520484791647,114.40000000000055,18.0,487.05204847916525,1305.299489924163,0.0,0.0,1.0,0.0,9.0,11.0,702.0,3498.831147665477,689.0709999999995,21.356245833333325,38.13333333333324,5.999999999999998,1.5,44.13333333333324,18.0,286.0,89.0,93236.06949225566,58.10718186588428,57.55312931620719,11.0,126.0,310.0819499999998,30.48603750000001,14.084060979164914,354.6520484791647,114.40000000000055,18.0,487.05204847916525,1305.299489924163,0.0,0.0,1.0,0.0,9.0,9877.304318810016,0,3
smart,sensor_failure,0,24.0,770.0,2318.318242339262,1349.2939999999992,35.77987083333335,30.933333333333263,16.00000000000001,2.333333333333333,46.93333333333327,48.0,232.0,19.0,92585.43957802061,70.37434848905654,21.4318147171344,0.0,1029.0,607.1822999999997,25.598452500000008,10.615655268543343,643.3964077685431,92.80000000000024,48.0,784.1964077685434,2101.6463728196964,0.0,34.0,0.0,51.0,69.0,24.0,770.0,2318.318242339262,1349.2939999999992,35.77987083333335,30.933333333333263,16.00000000000001,2.333333333333333,46.93333333333327,48.0,232.0,19.0,92585.43957802061,70.37434848905654,21.4318147171344,0.0,851.0,607.1822999999997,25.598452500000008,10.615655268543343,643.3964077685431,92.80000000000024,48.0,784.1964077685434,2101.6463728196964,0.0,34.0,0.0,51.0,57.0,11708.447138371208,0,3
fixed,reduced_truck_capacity,0,31.0,4474.0,21604.03758795226,540.1769999999999,17.617051388888903,29.066666666666602,5.999999999999998,1.5,35.0666666666666,18.0,218.0,75.0,72715.67375993048,58.79573932895129,69.05572056973455,79.0,25.0,243.07965,34.04002500000001,14.256057935369713,291.3757329353697,87.20000000000016,18.0,396.57573293536984,1062.8229642667911,0.0,0.0,9.0,0.0,7.0,31.0,4474.0,21604.03758795226,540.1769999999999,17.617051388888903,29.066666666666602,5.999999999999998,1.5,35.0666666666666,18.0,218.0,75.0,72715.67375993048,58.79573932895129,69.05572056973455,79.0,25.0,243.07965,34.04002500000001,14.256057935369713,291.3757329353697,87.20000000000016,18.0,396.57573293536984,1062.8229642667911,0.0,0.0,9.0,0.0,7.0,12292.493610848343,0,3
smart,reduced_truck_capacity,0,2.0,10.0,4.667586989729585,1148.5919999999999,32.10020138888889,36.39999999999991,11.66666666666667,1.6666666666666667,48.066666666666585,35.0,273.0,29.0,99929.43569046544,65.72798320920833,48.805585196808515,0.0,245.0,516.8663999999993,29.78428500000001,20.91899541828026,567.5696804182796,109.20000000000047,35.0,711.7696804182801,1907.5427435209908,0.0,25.0,0.0,19.0,88.0,2.0,10.0,4.667586989729585,1148.5919999999999,32.10020138888889,36.39999999999991,11.66666666666667,1.6666666666666667,48.066666666666585,35.0,273.0,29.0,99929.43569046544,65.72798320920833,48.805585196808515,0.0,229.0,516.8663999999993,29.78428500000001,20.91899541828026,567.5696804182796,109.20000000000047,35.0,711.7696804182801,1907.5427435209908,0.0,25.0,0.0,19.0,78.0,6678.101681275896,0,3
fixed,combined_demand_operational_stress,0,78.0,8174.0,73567.91207564184,518.4049999999997,22.81224187500001,25.73333333333328,5.999999999999998,1.5,31.733333333333277,18.0,192.0,4.0,90069.6831478816,82.15847697295534,85.53626129903287,105.0,125.0,233.28224999999995,127.50653250000005,23.17735188419463,383.9661343841947,77.20000000000002,18.0,479.1661343841947,1284.165240149642,0.0,0.0,9.0,0.0,9.0,78.0,8174.0,73567.91207564184,518.4049999999997,22.81224187500001,25.73333333333328,5.999999999999998,1.5,31.733333333333277,18.0,192.0,4.0,90069.6831478816,82.15847697295534,85.53626129903287,105.0,125.0,233.28224999999995,127.50653250000005,23.17735188419463,383.9661343841947,77.20000000000002,18.0,479.1661343841947,1284.165240149642,0.0,0.0,9.0,0.0,9.0,17232.959647065727,0,3
smart,combined_demand_operational_stress,0,98.0,2750.0,22992.457590305778,1616.3959999999995,55.31605124999998,42.533333333333225,18.666666666666668,4.499999999999999,61.19999999999989,56.0,319.0,9.0,147595.18247063298,79.62742909137908,45.05347450263522,0.0,617.0,727.3781999999997,269.73961650000035,35.06719878851263,1032.1850152885127,127.60000000000073,56.0,1215.7850152885135,3258.303840973216,0.0,29.0,0.0,79.0,41.0,98.0,2750.0,22992.457590305778,1548.6399999999999,52.560894375,40.7999999999999,18.000000000000004,4.333333333333332,58.7999999999999,54.0,306.0,9.0,142813.16330972122,80.08570924014828,45.208345460500546,0.0,439.0,696.8879999999997,253.3360410000003,33.7574024140371,983.981443414037,122.40000000000066,54.0,1160.3814434140377,3109.822268349621,0.0,28.0,0.0,79.0,29.0,10282.914809650289,0,3
fixed,normal_patterned,1,0.0,0.0,0.0,712.1159999999994,21.958599999999993,39.5999999999999,5.999999999999998,1.5,45.5999999999999,18.0,297.0,29.0,105296.08160543628,62.96537874714229,64.99758123792363,0.0,21.0,320.4521999999997,30.024675000000002,16.378772363817497,366.85564736381724,118.80000000000061,18.0,503.6556473638178,1349.7971349350319,0.0,0.0,0.0,0.0,7.0,0.0,0.0,0.0,712.1159999999994,21.958599999999993,39.5999999999999,5.999999999999998,1.5,45.5999999999999,18.0,297.0,29.0,105296.08160543628,62.96537874714229,64.99758123792363,0.0,21.0,320.4521999999997,30.024675000000002,16.378772363817497,366.85564736381724,118.80000000000061,18.0,503.6556473638178,1349.7971349350319,0.0,0.0,0.0,0.0,7.0,8387.378843337678,0,3
smart,normal_patterned,1,3.0,70.0,71.3133793536719,1260.2379999999996,35.39911249999996,38.26666666666657,13.33333333333334,2.4999999999999996,51.59999999999991,40.0,287.0,25.0,106397.8640816384,65.65822668132678,29.554962244899556,0.0,262.0,567.1070999999994,36.16863750000003,13.949687197515555,617.225424697515,114.80000000000055,40.0,772.0254246975155,2069.028138189342,0.0,25.0,0.0,22.0,93.0,3.0,70.0,71.3133793536719,1260.2379999999996,35.39911249999996,38.26666666666657,13.33333333333334,2.4999999999999996,51.59999999999991,40.0,287.0,25.0,106397.8640816384,65.65822668132678,29.554962244899556,0.0,241.0,567.1070999999994,36.16863750000003,13.949687197515555,617.225424697515,114.80000000000055,40.0,772.0254246975155,2069.028138189342,0.0,25.0,0.0,22.0,81.0,7214.2829877820795,0,3
fixed,high_demand_seasonal,1,44.0,7408.0,55124.44323907017,504.72099999999995,16.560698611111118,26.399999999999945,5.999999999999998,1.5,32.39999999999994,18.0,197.0,0.0,98372.055269879,85.72219048263806,60.72349090733271,100.0,20.0,227.12445,35.378347500000025,11.904308938002458,274.40710643800253,79.20000000000005,18.0,371.6071064380026,995.907045253847,0.0,0.0,9.0,0.0,7.0,41.0,7401.0,55096.49063218834,504.72099999999995,16.560698611111118,26.399999999999945,5.999999999999998,1.5,32.39999999999994,18.0,197.0,0.0,98372.055269879,85.72219048263806,60.72349090733271,100.0,20.0,227.12445,35.378347500000025,11.904308938002458,274.40710643800253,79.20000000000005,18.0,371.6071064380026,995.907045253847,0.0,0.0,9.0,0.0,7.0,14145.384244474795,0,3
smart,high_demand_seasonal,1,13.0,120.0,312.2769212196756,1613.2389999999994,44.921777777777706,54.53333333333318,16.333333333333343,2.999999999999999,70.86666666666653,49.0,409.0,36.0,159813.95690853454,69.19869440916345,36.238992496266334,0.0,213.0,725.9575499999991,38.872552500000026,21.660950034150567,786.4910525341496,163.60000000000124,49.0,999.0910525341509,2677.5640207915244,0.0,31.0,0.0,38.0,75.0,11.0,116.0,290.95842173862104,1557.1599999999994,43.23061249999994,51.73333333333319,15.666666666666677,2.8333333333333326,67.39999999999986,47.0,388.0,36.0,150201.26277863124,68.85926588607492,35.50857276090573,0.0,192.0,700.721999999999,36.650677500000015,20.59790799377369,757.9705854937727,155.20000000000113,47.0,960.1705854937738,2573.2571691233143,0.0,30.0,0.0,38.0,63.0,7515.64892366957,0,3
fixed,event_heavy,1,1.0,4.0,18.984709771750772,712.1159999999994,21.958599999999993,39.5999999999999,5.999999999999998,1.5,45.5999999999999,18.0,297.0,55.0,101118.71593105931,60.19711723343637,62.418960451271175,0.0,21.0,320.4521999999997,30.024675000000002,15.762411792188914,366.23928679218864,118.80000000000061,18.0,503.0392867921893,1348.1452886030672,0.0,0.0,0.0,0.0,7.0,1.0,4.0,18.984709771750772,712.1159999999994,21.958599999999993,39.5999999999999,5.999999999999998,1.5,45.5999999999999,18.0,297.0,55.0,101118.71593105931,60.19711723343637,62.418960451271175,0.0,21.0,320.4521999999997,30.024675000000002,15.762411792188914,366.23928679218864,118.80000000000061,18.0,503.0392867921893,1348.1452886030672,0.0,0.0,0.0,0.0,7.0,7959.177137196426,0,3
smart,event_heavy,1,2.0,38.0,38.09639429984786,1045.8869999999997,27.843950000000003,35.066666666666585,11.000000000000002,2.0,46.066666666666585,33.0,263.0,18.0,99621.06793737567,66.98334423961221,33.54244711696151,0.0,228.0,470.64914999999934,10.847565,12.668601279615878,494.1653162796152,105.20000000000041,33.0,632.3653162796156,1694.73904762937,0.0,21.0,0.0,33.0,82.0,2.0,38.0,38.09639429984786,1045.8869999999997,27.843950000000003,35.066666666666585,11.000000000000002,2.0,46.066666666666585,33.0,263.0,18.0,99621.06793737567,66.98334423961221,33.54244711696151,0.0,207.0,470.64914999999934,10.847565,12.668601279615878,494.1653162796152,105.20000000000041,33.0,632.3653162796156,1694.73904762937,0.0,21.0,0.0,33.0,70.0,9437.713446351996,0,3
fixed,persistent_multi_day_surge,1,25.0,2530.0,18629.021621292093,642.9809999999997,20.153462499999996,35.19999999999992,5.999999999999998,1.5,41.19999999999992,18.0,264.0,22.0,106125.25355211081,70.52516729394522,65.50941577290791,33.0,21.0,289.3414499999998,31.88025000000001,15.284151936330174,336.5058519363299,105.60000000000042,18.0,460.10585193633034,1233.0836831893653,0.0,0.0,3.0,0.0,7.0,25.0,2530.0,18629.021621292093,642.9809999999997,20.153462499999996,35.19999999999992,5.999999999999998,1.5,41.19999999999992,18.0,264.0,22.0,106125.25355211081,70.52516729394522,65.50941577290791,33.0,21.0,289.3414499999998,31.88025000000001,15.284151936330174,336.5058519363299,105.60000000000042,18.0,460.10585193633034,1233.0836831893653,0.0,0.0,3.0,0.0,7.0,8387.378843337678,0,3
smart,persistent_multi_day_surge,1,4.0,34.0,59.26615767933339,1381.6170000000004,37.60374583333334,44.933333333333216,14.333333333333341,2.999999999999999,59.26666666666656,43.0,337.0,25.0,125596.61678171792,66.21078987265601,32.45390614514675,0.0,238.0,621.7276499999996,27.64534500000001,16.508337742407235,665.8813327424068,134.80000000000084,43.0,843.6813327424077,2261.065971749653,0.0,25.0,0.0,36.0,81.0,4.0,34.0,59.26615767933339,1381.6170000000004,37.60374583333334,44.933333333333216,14.333333333333341,2.999999999999999,59.26666666666656,43.0,337.0,25.0,125596.61678171792,66.21078987265601,32.45390614514675,0.0,217.0,621.7276499999996,27.64534500000001,16.508337742407235,665.8813327424068,134.80000000000084,43.0,843.6813327424077,2261.065971749653,0.0,25.0,0.0,36.0,69.0,7485.771077343456,0,3
fixed,localized_surge,1,22.0,773.0,4365.900362949156,689.0709999999996,21.356245833333322,38.13333333333324,5.999999999999998,1.5,44.13333333333324,18.0,286.0,29.0,107085.01360194695,66.11921993567881,66.1018602481154,11.0,21.0,310.0819499999998,30.486037500000002,16.156845315705986,356.7248328157058,114.40000000000055,18.0,489.1248328157063,1310.8545519460931,0.0,0.0,1.0,0.0,7.0,22.0,773.0,4365.900362949156,689.0709999999996,21.356245833333322,38.13333333333324,5.999999999999998,1.5,44.13333333333324,18.0,286.0,29.0,107085.01360194695,66.11921993567881,66.1018602481154,11.0,21.0,310.0819499999998,30.486037500000002,16.156845315705986,356.7248328157058,114.40000000000055,18.0,489.1248328157063,1310.8545519460931,0.0,0.0,1.0,0.0,7.0,8387.378843337678,0,3
smart,localized_surge,1,7.0,95.0,170.71274385819538,1166.9659999999992,33.62700277777778,39.333333333333236,12.000000000000004,2.0,51.33333333333324,36.0,295.0,29.0,111162.37928521645,66.655136380807,34.309376322597664,0.0,268.0,525.1346999999993,37.04618250000001,14.71779449469452,576.8986769946938,118.0000000000006,36.0,730.8986769946944,1958.808454345781,0.0,24.0,0.0,21.0,94.0,7.0,95.0,170.71274385819538,1166.9659999999992,33.62700277777778,39.333333333333236,12.000000000000004,2.0,51.33333333333324,36.0,295.0,29.0,111162.37928521645,66.655136380807,34.309376322597664,0.0,247.0,525.1346999999993,37.04618250000001,14.71779449469452,576.8986769946938,118.0000000000006,36.0,730.8986769946944,1958.808454345781,0.0,24.0,0.0,21.0,82.0,8505.200779159213,0,3
fixed,gradual_upward_trend,1,1.0,2.0,14.884007711418008,712.1159999999994,21.958599999999993,39.5999999999999,5.999999999999998,1.5,45.5999999999999,18.0,297.0,22.0,109966.7397061119,65.75673677707651,67.8807035222913,0.0,21.0,320.4521999999997,30.024675000000002,17.103699697878437,367.58057469787815,118.80000000000061,18.0,504.3805746978787,1351.739940190315,0.0,0.0,0.0,0.0,7.0,1.0,2.0,14.884007711418008,712.1159999999994,21.958599999999993,39.5999999999999,5.999999999999998,1.5,45.5999999999999,18.0,297.0,22.0,109966.7397061119,65.75673677707651,67.8807035222913,0.0,21.0,320.4521999999997,30.024675000000002,17.103699697878437,367.58057469787815,118.80000000000061,18.0,504.3805746978787,1351.739940190315,0.0,0.0,0.0,0.0,7.0,9171.348956447704,0,3
smart,gradual_upward_trend,1,2.0,11.0,15.229231945249666,1209.059999999999,33.77986666666665,39.46666666666657,12.666666666666671,2.1666666666666665,52.13333333333324,38.0,296.0,22.0,112360.82394327849,67.18307863130528,32.85404208867792,0.0,260.0,544.0769999999994,30.105495000000012,14.709303604016867,588.8917986040163,118.4000000000006,38.0,745.291798604017,1997.3820202587656,0.0,25.0,0.0,22.0,93.0,2.0,11.0,15.229231945249666,1209.059999999999,33.77986666666665,39.46666666666657,12.666666666666671,2.1666666666666665,52.13333333333324,38.0,296.0,22.0,112360.82394327849,67.18307863130528,32.85404208867792,0.0,239.0,544.0769999999994,30.105495000000012,14.709303604016867,588.8917986040163,118.4000000000006,38.0,745.291798604017,1997.3820202587656,0.0,25.0,0.0,22.0,81.0,6776.919495047256,0,3
fixed,abrupt_behavior_change,1,24.0,3933.0,28817.601492018042,596.9009999999998,18.967548611111123,32.266666666666595,5.999999999999998,1.5,38.266666666666595,18.0,241.0,9.0,101157.7856580559,73.65454137276392,62.44307756670117,56.0,21.0,268.60544999999996,32.904247500000004,14.025078062549277,315.5347755625492,96.8000000000003,18.0,430.3347755625495,1153.2971985076329,0.0,0.0,5.0,0.0,7.0,24.0,3933.0,28817.601492018042,596.9009999999998,18.967548611111123,32.266666666666595,5.999999999999998,1.5,38.266666666666595,18.0,241.0,9.0,101157.7856580559,73.65454137276392,62.44307756670117,56.0,21.0,268.60544999999996,32.904247500000004,14.025078062549277,315.5347755625492,96.8000000000003,18.0,430.3347755625495,1153.2971985076329,0.0,0.0,5.0,0.0,7.0,13867.676339178295,0,3
smart,abrupt_behavior_change,1,10.0,116.0,410.7529708860862,1441.408999999999,39.77222083333328,46.93333333333321,14.666666666666675,3.1666666666666656,61.59999999999988,44.0,352.0,27.0,131755.2540399488,66.64412612073819,33.27152879796687,0.0,179.0,648.6340499999999,32.03064000000001,17.63536980580794,698.3000598058079,140.80000000000092,44.0,883.1000598058088,2366.7081602795674,0.0,25.0,0.0,48.0,67.0,10.0,116.0,410.7529708860862,1441.408999999999,39.77222083333328,46.93333333333321,14.666666666666675,3.1666666666666656,61.59999999999988,44.0,352.0,27.0,131755.2540399488,66.64412612073819,33.27152879796687,0.0,158.0,648.6340499999999,32.03064000000001,17.63536980580794,698.3000598058079,140.80000000000092,44.0,883.1000598058088,2366.7081602795674,0.0,25.0,0.0,48.0,55.0,11677.056478417226,0,3
fixed,traffic_disruption,1,0.0,0.0,0.0,712.1159999999994,29.104261875000034,39.5999999999999,5.999999999999998,1.5,45.5999999999999,18.0,297.0,31.0,105356.27859144447,62.99597447464064,65.03473987126202,0.0,21.0,320.4521999999997,147.874440375,22.02625156016377,490.3528919351635,118.80000000000061,18.0,627.1528919351641,1680.76975038624,0.0,0.0,0.0,0.0,7.0,0.0,0.0,0.0,712.1159999999994,29.104261875000034,39.5999999999999,5.999999999999998,1.5,45.5999999999999,18.0,297.0,31.0,105356.27859144447,62.99597447464064,65.03473987126202,0.0,21.0,320.4521999999997,147.874440375,22.02625156016377,490.3528919351635,118.80000000000061,18.0,627.1528919351641,1680.76975038624,0.0,0.0,0.0,0.0,7.0,8327.181857329511,0,3
smart,traffic_disruption,1,3.0,70.0,71.52585797498324,1235.6909999999996,46.68195562500001,37.59999999999991,13.000000000000005,2.333333333333333,50.599999999999916,39.0,282.0,25.0,106126.29987623196,66.58529802055641,30.235413070151555,0.0,264.0,556.0609499999994,240.8098005000002,19.29536967668133,816.1661201766808,112.80000000000052,39.0,967.9661201766813,2594.1492020735063,0.0,25.0,0.0,20.0,94.0,3.0,70.0,71.52585797498324,1235.6909999999996,46.68195562500001,37.59999999999991,13.000000000000005,2.333333333333333,50.599999999999916,39.0,282.0,25.0,106126.29987623196,66.58529802055641,30.235413070151555,0.0,243.0,556.0609499999994,240.8098005000002,19.29536967668133,816.1661201766808,112.80000000000052,39.0,967.9661201766813,2594.1492020735063,0.0,25.0,0.0,20.0,82.0,7485.634714567119,0,3
fixed,sensor_failure,1,0.0,0.0,0.0,712.1159999999994,21.958599999999993,39.5999999999999,5.999999999999998,1.5,45.5999999999999,18.0,297.0,29.0,105296.08160543628,62.96537874714229,64.99758123792363,0.0,138.0,320.4521999999997,30.024675000000002,16.378772363817497,366.85564736381724,118.80000000000061,18.0,503.6556473638178,1349.7971349350319,0.0,0.0,0.0,0.0,9.0,0.0,0.0,0.0,712.1159999999994,21.958599999999993,39.5999999999999,5.999999999999998,1.5,45.5999999999999,18.0,297.0,29.0,105296.08160543628,62.96537874714229,64.99758123792363,0.0,138.0,320.4521999999997,30.024675000000002,16.378772363817497,366.85564736381724,118.80000000000061,18.0,503.6556473638178,1349.7971349350319,0.0,0.0,0.0,0.0,9.0,8387.378843337678,0,3
smart,sensor_failure,1,24.0,330.0,1129.2680263301481,1480.624999999999,38.20391388888889,33.733333333333256,17.66666666666667,2.666666666666666,51.39999999999993,53.0,253.0,19.0,104092.27704228541,72.46929469323719,21.822280302365915,0.0,1005.0,666.2812499999994,20.322540000000007,12.097427025337584,698.701217025337,101.20000000000036,53.0,852.9012170253374,2285.7752616279045,0.0,37.0,0.0,55.0,65.0,24.0,330.0,1129.2680263301481,1480.624999999999,38.20391388888889,33.733333333333256,17.66666666666667,2.666666666666666,51.39999999999993,53.0,253.0,19.0,104092.27704228541,72.46929469323719,21.822280302365915,0.0,818.0,666.2812499999994,20.322540000000007,12.097427025337584,698.701217025337,101.20000000000036,53.0,852.9012170253374,2285.7752616279045,0.0,37.0,0.0,55.0,53.0,8461.915380158476,0,3
fixed,reduced_truck_capacity,1,11.0,6723.0,34876.433898523755,504.71099999999984,16.54318750000001,26.399999999999945,5.999999999999998,1.5,32.39999999999994,18.0,198.0,30.0,67396.94304309049,59.00536005805021,64.00469424794917,99.0,21.0,227.11995,35.591400000000014,12.345012115588357,275.05636211558834,79.20000000000005,18.0,372.2563621155884,997.6470504697769,0.0,0.0,9.0,0.0,7.0,11.0,6723.0,34876.433898523755,504.71099999999984,16.54318750000001,26.399999999999945,5.999999999999998,1.5,32.39999999999994,18.0,198.0,30.0,67396.94304309049,59.00536005805021,64.00469424794917,99.0,21.0,227.11995,35.591400000000014,12.345012115588357,275.05636211558834,79.20000000000005,18.0,372.2563621155884,997.6470504697769,0.0,0.0,9.0,0.0,7.0,11410.083507159801,0,3
smart,reduced_truck_capacity,1,3.0,145.0,170.70002075113462,1180.3819999999994,32.13492222222224,37.06666666666658,12.333333333333337,2.0,49.39999999999991,37.0,277.0,17.0,104545.73772910667,66.75966277480687,48.300179131026404,1.0,255.0,531.1718999999994,23.371560000000013,21.66084060163523,576.2043006016346,111.2000000000005,37.0,724.4043006016351,1941.4035256123823,0.0,25.0,0.0,27.0,89.0,3.0,145.0,170.70002075113462,1180.3819999999994,32.13492222222224,37.06666666666658,12.333333333333337,2.0,49.39999999999991,37.0,277.0,17.0,104545.73772910667,66.75966277480687,48.300179131026404,1.0,234.0,531.1718999999994,23.371560000000013,21.66084060163523,576.2043006016346,111.2000000000005,37.0,724.4043006016351,1941.4035256123823,0.0,25.0,0.0,27.0,77.0,8967.022698916251,0,3
fixed,combined_demand_operational_stress,1,91.0,9103.0,79554.6680821576,531.5659999999996,23.77218375,24.933333333333284,5.999999999999998,1.5,30.93333333333328,18.0,184.0,0.0,95583.09529446856,89.7096584012619,90.77217027015057,113.0,137.0,239.20469999999995,131.99906250000004,25.320889193497,396.524651693497,74.79999999999998,18.0,489.324651693497,1311.390066538572,1.0,0.0,9.0,0.0,9.0,87.0,9083.0,79449.1649635003,531.5659999999996,23.77218375,24.933333333333284,5.999999999999998,1.5,30.93333333333328,18.0,184.0,0.0,95583.09529446856,89.7096584012619,90.77217027015057,113.0,137.0,239.20469999999995,131.99906250000004,25.320889193497,396.524651693497,74.79999999999998,18.0,489.324651693497,1311.390066538572,1.0,0.0,9.0,0.0,9.0,15905.352574450242,0,3
smart,combined_demand_operational_stress,1,104.0,3302.0,27853.23707686315,1659.6229999999987,55.582349999999984,45.06666666666655,18.666666666666668,4.499999999999999,63.73333333333322,56.0,338.0,16.0,154762.076010309,79.166919276079,47.24117094331777,0.0,588.0,746.83035,261.3906224999999,36.581185968924714,1044.8021584689245,135.20000000000084,56.0,1236.0021584689252,3312.4857846967197,0.0,29.0,0.0,82.0,38.0,102.0,3295.0,27808.708346829626,1594.5439999999987,53.551649999999995,43.73333333333322,18.000000000000004,4.333333333333332,61.73333333333322,54.0,328.0,15.0,151880.3782874706,79.57728933518145,48.0786256054038,0.0,449.0,717.5448,251.14068,35.84511340783433,1004.5305934078343,131.20000000000078,54.0,1189.7305934078352,3188.4779903329986,0.0,28.0,0.0,79.0,29.0,8427.802863904335,0,3
fixed,normal_patterned,2,1.0,6.0,31.2759258872411,712.1159999999994,21.958599999999993,39.5999999999999,5.999999999999998,1.5,45.5999999999999,18.0,297.0,75.0,97556.17507405397,59.27329843792706,60.219861156823434,0.0,30.0,320.4521999999997,30.024675000000002,15.182031003054249,365.65890600305397,118.80000000000061,18.0,502.4589060030546,1346.5898680881864,0.0,0.0,0.0,0.0,8.0,1.0,6.0,31.2759258872411,712.1159999999994,21.958599999999993,39.5999999999999,5.999999999999998,1.5,45.5999999999999,18.0,297.0,75.0,97556.17507405397,59.27329843792706,60.219861156823434,0.0,30.0,320.4521999999997,30.024675000000002,15.182031003054249,365.65890600305397,118.80000000000061,18.0,502.4589060030546,1346.5898680881864,0.0,0.0,0.0,0.0,8.0,12048.679958112702,0,3
smart,normal_patterned,2,3.0,26.0,31.46918237349695,1212.231999999999,34.813570833333344,39.5999999999999,12.333333333333337,2.1666666666666665,51.93333333333324,37.0,297.0,34.0,105461.32766438497,64.19431348812415,31.670068367683175,0.0,332.0,545.5043999999996,34.94214,14.143656115999962,594.5901961159996,118.80000000000061,37.0,750.3901961160002,2011.0457255908807,0.0,24.0,0.0,25.0,92.0,3.0,26.0,31.46918237349695,1212.231999999999,34.813570833333344,39.5999999999999,12.333333333333337,2.1666666666666665,51.93333333333324,37.0,297.0,34.0,105461.32766438497,64.19431348812415,31.670068367683175,0.0,310.0,545.5043999999996,34.94214,14.143656115999962,594.5901961159996,118.80000000000061,37.0,750.3901961160002,2011.0457255908807,0.0,24.0,0.0,25.0,80.0,4143.334111295532,0,3
fixed,high_demand_seasonal,2,69.0,5872.0,40920.53862306041,550.8009999999999,17.745329166666668,29.333333333333268,5.999999999999998,1.5,35.333333333333265,18.0,220.0,2.0,101555.41503163658,81.67077221712539,62.688527797306534,77.0,31.0,247.86044999999996,34.040025000000014,12.987286051121613,294.8877610511216,88.00000000000017,18.0,400.88776105112174,1074.3791996170064,0.0,0.0,7.0,0.0,8.0,57.0,5829.0,40538.39996280124,550.8009999999999,17.745329166666668,29.333333333333268,5.999999999999998,1.5,35.333333333333265,18.0,220.0,2.0,101555.41503163658,81.67077221712539,62.688527797306534,77.0,31.0,247.86044999999996,34.040025000000014,12.987286051121613,294.8877610511216,88.00000000000017,18.0,400.88776105112174,1074.3791996170064,0.0,0.0,7.0,0.0,8.0,17444.273826265904,0,3
smart,high_demand_seasonal,2,11.0,209.0,429.42870826511114,1650.2029999999997,44.60754583333323,54.39999999999985,17.33333333333334,3.333333333333332,71.73333333333319,52.0,408.0,52.0,150405.75696708547,65.57518584403172,32.13798225792424,0.0,235.0,742.5913499999994,24.964020000000012,19.764438206262074,787.3198082062614,163.20000000000124,52.0,1002.5198082062627,2686.7530859927842,0.0,32.0,0.0,50.0,67.0,10.0,204.0,365.9200851267128,1572.3779999999995,42.20226666666658,50.26666666666653,16.666666666666675,3.1666666666666656,66.93333333333321,50.0,377.0,52.0,137995.95038793734,64.82981858747087,30.665766752874962,0.0,214.0,707.5700999999992,21.519855000000007,17.81396758399965,746.9039225839989,150.80000000000106,50.0,947.703922584,2539.84651252512,0.0,31.0,0.0,49.0,56.0,9085.04180561243,0,3
fixed,event_heavy,2,0.0,0.0,0.0,712.1159999999994,21.958599999999993,39.5999999999999,5.999999999999998,1.5,45.5999999999999,18.0,297.0,101.0,93402.79472633632,56.41881445154523,57.6560461273681,0.0,30.0,320.4521999999997,30.024675000000002,14.546107966082243,365.02298296608194,118.80000000000061,18.0,501.8229829660826,1344.8855943491014,0.0,0.0,0.0,0.0,8.0,0.0,0.0,0.0,712.1159999999994,21.958599999999993,39.5999999999999,5.999999999999998,1.5,45.5999999999999,18.0,297.0,101.0,93402.79472633632,56.41881445154523,57.6560461273681,0.0,30.0,320.4521999999997,30.024675000000002,14.546107966082243,365.02298296608194,118.80000000000061,18.0,501.8229829660826,1344.8855943491014,0.0,0.0,0.0,0.0,8.0,11332.16808556478,0,3
smart,event_heavy,2,4.0,202.0,262.4501849048232,1227.3999999999996,35.10894166666666,35.19999999999992,13.666666666666673,1.8333333333333335,48.86666666666659,41.0,264.0,27.0,98121.29695639138,66.18667037770787,26.59113738655593,0.0,387.0,552.3299999999995,44.92575000000001,12.628581702568875,609.8843317025684,105.60000000000042,41.0,756.4843317025689,2027.3780089628847,0.0,30.0,0.0,12.0,104.0,4.0,202.0,262.4501849048232,1227.3999999999996,35.10894166666666,35.19999999999992,13.666666666666673,1.8333333333333335,48.86666666666659,41.0,264.0,27.0,98121.29695639138,66.18667037770787,26.59113738655593,0.0,365.0,552.3299999999995,44.92575000000001,12.628581702568875,609.8843317025684,105.60000000000042,41.0,756.4843317025689,2027.3780089628847,0.0,30.0,0.0,12.0,92.0,6351.215670604956,0,3
fixed,persistent_multi_day_surge,2,27.0,2558.0,17401.977668915908,642.9809999999997,20.153462499999996,35.19999999999992,5.999999999999998,1.5,41.19999999999992,18.0,264.0,55.0,98754.4890027856,66.69703547842417,60.95956111283062,33.0,31.0,289.3414499999998,31.88025000000001,14.137705041103583,335.35940504110334,105.60000000000042,18.0,458.95940504110376,1230.011205510158,0.0,0.0,3.0,0.0,8.0,27.0,2558.0,17401.977668915908,642.9809999999997,20.153462499999996,35.19999999999992,5.999999999999998,1.5,41.19999999999992,18.0,264.0,55.0,98754.4890027856,66.69703547842417,60.95956111283062,33.0,31.0,289.3414499999998,31.88025000000001,14.137705041103583,335.35940504110334,105.60000000000042,18.0,458.95940504110376,1230.011205510158,0.0,0.0,3.0,0.0,8.0,12048.679958112702,0,3
smart,persistent_multi_day_surge,2,5.0,103.0,141.4803881072532,1398.9279999999999,39.76615416666663,44.13333333333322,14.666666666666675,2.333333333333333,58.7999999999999,44.0,331.0,43.0,118798.73222335245,64.99872427502682,29.999679854381935,0.0,284.0,629.5175999999992,40.6606275,16.068519979491054,686.2467474794903,132.4000000000008,44.0,862.6467474794911,2311.8932832450364,0.0,30.0,0.0,35.0,82.0,5.0,103.0,141.4803881072532,1398.9279999999999,39.76615416666663,44.13333333333322,14.666666666666675,2.333333333333333,58.7999999999999,44.0,331.0,43.0,118798.73222335245,64.99872427502682,29.999679854381935,0.0,262.0,629.5175999999992,40.6606275,16.068519979491054,686.2467474794903,132.4000000000008,44.0,862.6467474794911,2311.8932832450364,0.0,30.0,0.0,35.0,70.0,9264.934018354666,0,3
fixed,localized_surge,2,14.0,174.0,861.5004427906721,712.1159999999994,21.958599999999993,39.5999999999999,5.999999999999998,1.5,45.5999999999999,18.0,297.0,71.0,102554.68419274384,62.006001856249014,63.30536061280484,0.0,30.0,320.4521999999997,30.024675000000002,15.748124020284354,366.2249990202841,118.80000000000061,18.0,503.02499902028467,1348.106997374363,0.0,0.0,0.0,0.0,8.0,14.0,174.0,861.5004427906721,712.1159999999994,21.958599999999993,39.5999999999999,5.999999999999998,1.5,45.5999999999999,18.0,297.0,71.0,102554.68419274384,62.006001856249014,63.30536061280484,0.0,30.0,320.4521999999997,30.024675000000002,15.748124020284354,366.2249990202841,118.80000000000061,18.0,503.02499902028467,1348.106997374363,0.0,0.0,0.0,0.0,8.0,12048.679958112702,0,3
smart,localized_surge,2,4.0,157.0,275.3808531171079,1325.431999999999,37.851712499999934,41.33333333333323,14.000000000000007,2.333333333333333,55.333333333333236,42.0,310.0,53.0,107403.88368169987,62.36938260017672,28.41372584171954,0.0,275.0,596.4443999999994,40.096125,14.138877675801808,650.6794026758013,124.00000000000068,42.0,816.679402675802,2188.7007991711494,0.0,28.0,0.0,38.0,79.0,4.0,157.0,275.3808531171079,1325.431999999999,37.851712499999934,41.33333333333323,14.000000000000007,2.333333333333333,55.333333333333236,42.0,310.0,53.0,107403.88368169987,62.36938260017672,28.41372584171954,0.0,253.0,596.4443999999994,40.096125,14.138877675801808,650.6794026758013,124.00000000000068,42.0,816.679402675802,2188.7007991711494,0.0,28.0,0.0,38.0,67.0,7785.600058830255,0,3
fixed,gradual_upward_trend,2,1.0,7.0,34.77922618115258,712.1159999999994,21.958599999999993,39.5999999999999,5.999999999999998,1.5,45.5999999999999,18.0,297.0,53.0,101854.22414118126,61.87495718843388,62.8729778649267,0.0,30.0,320.4521999999997,30.024675000000002,15.850011094564184,366.3268860945639,118.80000000000061,18.0,503.1268860945645,1348.3800547334329,0.0,0.0,0.0,0.0,8.0,1.0,7.0,34.77922618115258,712.1159999999994,21.958599999999993,39.5999999999999,5.999999999999998,1.5,45.5999999999999,18.0,297.0,53.0,101854.22414118126,61.87495718843388,62.8729778649267,0.0,30.0,320.4521999999997,30.024675000000002,15.850011094564184,366.3268860945639,118.80000000000061,18.0,503.1268860945645,1348.3800547334329,0.0,0.0,0.0,0.0,8.0,13171.737400156491,0,3
smart,gradual_upward_trend,2,3.0,97.0,118.39160562401707,1259.7019999999995,33.5591111111111,39.5999999999999,13.33333333333334,2.8333333333333326,52.93333333333324,40.0,297.0,40.0,108548.30760629852,65.94362633363858,30.152307668416253,0.0,313.0,566.8658999999999,20.505262500000008,13.96740986312645,601.3385723631263,118.80000000000061,40.0,760.138572363127,2037.1713739331803,0.0,23.0,0.0,29.0,88.0,3.0,97.0,118.39160562401707,1259.7019999999995,33.5591111111111,39.5999999999999,13.33333333333334,2.8333333333333326,52.93333333333324,40.0,297.0,40.0,108548.30760629852,65.94362633363858,30.152307668416253,0.0,291.0,566.8658999999999,20.505262500000008,13.96740986312645,601.3385723631263,118.80000000000061,40.0,760.138572363127,2037.1713739331803,0.0,23.0,0.0,29.0,76.0,6394.041555596314,0,3
fixed,abrupt_behavior_change,2,44.0,2525.0,16343.771815044653,642.9809999999995,20.153462500000007,35.19999999999992,5.999999999999998,1.5,41.19999999999992,18.0,264.0,29.0,106117.5947880741,71.9210785187741,65.50468814078648,33.0,30.0,289.3414499999999,31.88025000000001,15.323470381239737,336.54517038123964,105.60000000000042,18.0,460.14517038124006,1233.1890566217235,0.0,0.0,3.0,0.0,8.0,44.0,2525.0,16343.771815044653,642.9809999999995,20.153462500000007,35.19999999999992,5.999999999999998,1.5,41.19999999999992,18.0,264.0,29.0,106117.5947880741,71.9210785187741,65.50468814078648,33.0,30.0,289.3414499999999,31.88025000000001,15.323470381239737,336.54517038123964,105.60000000000042,18.0,460.14517038124006,1233.1890566217235,0.0,0.0,3.0,0.0,8.0,17020.302586981164,0,3
smart,abrupt_behavior_change,2,9.0,185.0,378.782570812379,1424.8479999999993,41.15018749999994,47.59999999999987,14.666666666666675,2.666666666666666,62.26666666666655,44.0,357.0,39.0,130833.4205743994,65.40400112132076,33.03874256929278,0.0,275.0,641.181599999999,43.709669999999996,17.225610589543642,702.1168805895426,142.80000000000095,44.0,888.9168805895436,2382.297239979977,0.0,28.0,0.0,36.0,81.0,9.0,185.0,378.782570812379,1424.8479999999993,41.15018749999994,47.59999999999987,14.666666666666675,2.666666666666666,62.26666666666655,44.0,357.0,39.0,130833.4205743994,65.40400112132076,33.03874256929278,0.0,253.0,641.181599999999,43.709669999999996,17.225610589543642,702.1168805895426,142.80000000000095,44.0,888.9168805895436,2382.297239979977,0.0,28.0,0.0,36.0,69.0,8269.46604488817,0,3
fixed,traffic_disruption,2,1.0,6.0,31.2759258872411,712.1159999999994,29.104261875000034,39.5999999999999,5.999999999999998,1.5,45.5999999999999,18.0,297.0,75.0,97651.38102139039,59.313934433734204,60.278630260117524,0.0,30.0,320.4521999999997,147.874440375,20.42540162089846,488.7520419958982,118.80000000000061,18.0,625.5520419958988,1676.4794725490087,0.0,0.0,0.0,0.0,8.0,1.0,6.0,31.2759258872411,712.1159999999994,29.104261875000034,39.5999999999999,5.999999999999998,1.5,45.5999999999999,18.0,297.0,75.0,97651.38102139039,59.313934433734204,60.278630260117524,0.0,30.0,320.4521999999997,147.874440375,20.42540162089846,488.7520419958982,118.80000000000061,18.0,625.5520419958988,1676.4794725490087,0.0,0.0,0.0,0.0,8.0,11953.47401077637,0,3
smart,traffic_disruption,2,4.0,286.0,276.500669147533,1171.6399999999992,45.08573250000002,38.399999999999906,12.000000000000004,2.1666666666666665,50.399999999999906,36.0,288.0,42.0,104353.17115452966,64.7483993439094,32.207768874854835,0.0,314.0,527.2379999999995,229.57061625000003,19.208649067850594,776.0172653178502,115.20000000000056,36.0,927.2172653178507,2484.9422710518397,0.0,23.0,0.0,29.0,88.0,4.0,286.0,276.500669147533,1171.6399999999992,45.08573250000002,38.399999999999906,12.000000000000004,2.1666666666666665,50.399999999999906,36.0,288.0,42.0,104353.17115452966,64.7483993439094,32.207768874854835,0.0,292.0,527.2379999999995,229.57061625000003,19.208649067850594,776.0172653178502,115.20000000000056,36.0,927.2172653178507,2484.9422710518397,0.0,23.0,0.0,29.0,76.0,5006.459134376839,0,3
fixed,sensor_failure,2,1.0,6.0,31.2759258872411,712.1159999999994,21.958599999999993,39.5999999999999,5.999999999999998,1.5,45.5999999999999,18.0,297.0,75.0,97556.17507405397,59.27329843792706,60.219861156823434,0.0,147.0,320.4521999999997,30.024675000000002,15.182031003054249,365.65890600305397,118.80000000000061,18.0,502.4589060030546,1346.5898680881864,0.0,0.0,0.0,0.0,9.0,1.0,6.0,31.2759258872411,712.1159999999994,21.958599999999993,39.5999999999999,5.999999999999998,1.5,45.5999999999999,18.0,297.0,75.0,97556.17507405397,59.27329843792706,60.219861156823434,0.0,147.0,320.4521999999997,30.024675000000002,15.182031003054249,365.65890600305397,118.80000000000061,18.0,502.4589060030546,1346.5898680881864,0.0,0.0,0.0,0.0,9.0,12048.679958112702,0,3
smart,sensor_failure,2,30.0,504.0,2173.4218561176076,1488.3079999999986,38.00483611111109,33.33333333333326,17.66666666666667,2.8333333333333326,50.99999999999993,53.0,250.0,29.0,97974.28337053065,69.96577244906068,20.53968204832928,0.0,876.0,669.7385999999995,17.361247500000005,11.022135340616249,698.1219828406157,100.00000000000034,53.0,851.121982840616,2281.006914012851,0.0,36.0,0.0,63.0,57.0,30.0,504.0,2173.4218561176076,1488.3079999999986,38.00483611111109,33.33333333333326,17.66666666666667,2.8333333333333326,50.99999999999993,53.0,250.0,29.0,97974.28337053065,69.96577244906068,20.53968204832928,0.0,700.0,669.7385999999995,17.361247500000005,11.022135340616249,698.1219828406157,100.00000000000034,53.0,851.121982840616,2281.006914012851,0.0,36.0,0.0,63.0,45.0,9488.425731405689,0,3
fixed,reduced_truck_capacity,2,21.0,5800.0,28658.27448099963,522.4439999999998,17.080119444444453,27.733333333333274,5.999999999999998,1.5,33.73333333333327,18.0,208.0,69.0,67271.93949429638,57.65604532048011,63.885982425732564,89.0,30.0,235.09979999999996,34.81571250000001,12.756285014554166,282.67179751455416,83.2000000000001,18.0,383.87179751455426,1028.7764173390055,0.0,0.0,9.0,0.0,8.0,21.0,5800.0,28658.27448099963,522.4439999999998,17.080119444444453,27.733333333333274,5.999999999999998,1.5,33.73333333333327,18.0,208.0,69.0,67271.93949429638,57.65604532048011,63.885982425732564,89.0,30.0,235.09979999999996,34.81571250000001,12.756285014554166,282.67179751455416,83.2000000000001,18.0,383.87179751455426,1028.7764173390055,0.0,0.0,9.0,0.0,8.0,13705.916982757999,0,3
smart,reduced_truck_capacity,2,5.0,39.0,176.93751954239545,1208.2239999999993,33.66803888888887,37.99999999999991,13.33333333333334,2.333333333333333,51.33333333333324,40.0,285.0,33.0,103389.49451673665,65.67662385298404,44.18354466527208,0.0,333.0,543.7007999999995,29.292187499999997,20.267291643316206,593.2602791433156,114.00000000000054,40.0,747.2602791433162,2002.6575481040875,0.0,26.0,0.0,28.0,89.0,5.0,39.0,176.93751954239545,1208.2239999999993,33.66803888888887,37.99999999999991,13.33333333333334,2.333333333333333,51.33333333333324,40.0,285.0,33.0,103389.49451673665,65.67662385298404,44.18354466527208,0.0,311.0,543.7007999999995,29.292187499999997,20.267291643316206,593.2602791433156,114.00000000000054,40.0,747.2602791433162,2002.6575481040875,0.0,26.0,0.0,28.0,77.0,6069.698921774865,0,3
fixed,combined_demand_operational_stress,2,99.0,8522.0,71177.06154739515,529.2059999999999,23.20605000000001,25.73333333333328,5.999999999999998,1.5,31.733333333333277,18.0,192.0,9.0,92534.96342400028,84.98278868248933,87.87745814245041,105.0,148.0,238.1427,130.00205700000004,24.43450260861186,392.5792596086119,77.20000000000002,18.0,487.77925960861194,1307.24841575108,0.0,0.0,9.0,0.0,9.0,93.0,8508.0,71103.64913093875,529.2059999999999,23.20605000000001,25.73333333333328,5.999999999999998,1.5,31.733333333333277,18.0,192.0,9.0,92534.96342400028,84.98278868248933,87.87745814245041,105.0,148.0,238.1427,130.00205700000004,24.43450260861186,392.5792596086119,77.20000000000002,18.0,487.77925960861194,1307.24841575108,0.0,0.0,9.0,0.0,9.0,18951.84681236986,0,3
smart,combined_demand_operational_stress,2,98.0,2373.0,17125.883586364824,1692.369999999999,57.47421562499997,45.333333333333215,18.666666666666668,4.166666666666665,63.999999999999886,56.0,340.0,17.0,153280.1501737603,78.51976154984888,46.78881262935297,0.0,644.0,761.5665000000001,278.8114826250001,37.6537057770036,1078.0316884020037,136.00000000000085,56.0,1270.0316884020046,3403.684924917373,0.0,31.0,0.0,77.0,43.0,95.0,2368.0,17102.319686274393,1626.523999999999,55.05128812499997,43.33333333333322,18.000000000000004,3.9999999999999982,61.33333333333323,54.0,325.0,17.0,149065.34770683982,78.66799353232865,47.18751114493188,0.0,482.0,731.9357999999999,267.6734651250003,36.62419994213186,1036.2334650671319,130.00000000000077,54.0,1220.2334650671326,3270.2256863799153,0.0,30.0,0.0,76.0,32.0,12257.838023640239,0,3
fixed,normal_patterned,3,0.0,0.0,0.0,712.1159999999994,21.958599999999993,39.5999999999999,5.999999999999998,1.5,45.5999999999999,18.0,297.0,87.0,97480.66663383157,58.835689083352136,60.173251008538,0.0,27.0,320.4521999999997,30.024675000000002,15.138768906954342,365.61564390695406,118.80000000000061,18.0,502.41564390695464,1346.4739256706384,0.0,0.0,0.0,0.0,9.0,0.0,0.0,0.0,712.1159999999994,21.958599999999993,39.5999999999999,5.999999999999998,1.5,45.5999999999999,18.0,297.0,87.0,97480.66663383157,58.835689083352136,60.173251008538,0.0,27.0,320.4521999999997,30.024675000000002,15.138768906954342,365.61564390695406,118.80000000000061,18.0,502.41564390695464,1346.4739256706384,0.0,0.0,0.0,0.0,9.0,11772.9741950785,0,3
smart,normal_patterned,3,3.0,66.0,74.25268855538657,1181.5559999999994,31.937709722222234,36.26666666666658,12.333333333333337,2.4999999999999996,48.599999999999916,37.0,272.0,21.0,101012.39998072216,66.35446008593487,30.334054048264914,0.0,232.0,531.7001999999992,24.104025000000007,13.107017705348351,568.9112427053475,108.80000000000047,37.0,714.711242705348,1915.4261304503327,0.0,22.0,0.0,33.0,79.0,3.0,66.0,74.25268855538657,1181.5559999999994,31.937709722222234,36.26666666666658,12.333333333333337,2.4999999999999996,48.599999999999916,37.0,272.0,21.0,101012.39998072216,66.35446008593487,30.334054048264914,0.0,212.0,531.7001999999992,24.104025000000007,13.107017705348351,568.9112427053475,108.80000000000047,37.0,714.711242705348,1915.4261304503327,0.0,22.0,0.0,33.0,69.0,8166.988159632519,0,3
fixed,high_demand_seasonal,3,56.0,5770.0,42450.736209130875,550.8009999999997,17.746612500000015,29.333333333333268,5.999999999999998,1.5,35.333333333333265,18.0,220.0,8.0,100925.77809191562,80.05325626258247,62.299863019701,77.0,27.0,247.86045000000001,34.35435000000001,12.885681207201628,295.10048120720165,88.00000000000017,18.0,401.1004812072018,1074.949289635301,0.0,0.0,7.0,0.0,9.0,53.0,5752.0,42400.153549886025,550.8009999999997,17.746612500000015,29.333333333333268,5.999999999999998,1.5,35.333333333333265,18.0,220.0,8.0,100925.77809191562,80.05325626258247,62.299863019701,77.0,27.0,247.86045000000001,34.35435000000001,12.885681207201628,295.10048120720165,88.00000000000017,18.0,401.1004812072018,1074.949289635301,0.0,0.0,7.0,0.0,9.0,17340.52904538129,0,3
smart,high_demand_seasonal,3,10.0,126.0,334.15441969704835,1656.1660000000004,44.42083611111104,53.86666666666652,17.33333333333334,3.333333333333332,71.19999999999986,52.0,404.0,34.0,151895.13905691047,66.85061928152153,32.45622629421164,0.0,174.0,745.274699999999,22.576972500000007,19.913964568830025,787.765637068829,161.60000000000122,52.0,1001.3656370688302,2683.659907344465,0.0,32.0,0.0,54.0,60.0,10.0,126.0,334.15441969704835,1581.1949999999997,42.4617805555555,51.06666666666653,16.666666666666675,3.1666666666666656,67.7333333333332,50.0,383.0,32.0,146361.95509585456,67.09219259552377,32.5248789101899,0.0,157.0,711.5377499999992,22.576972500000007,19.21855734356606,753.3332798435653,153.2000000000011,50.0,956.5332798435663,2563.509189980758,0.0,31.0,0.0,51.0,52.0,8487.749869820307,0,3
fixed,event_heavy,3,0.0,0.0,0.0,712.1159999999994,21.958599999999993,39.5999999999999,5.999999999999998,1.5,45.5999999999999,18.0,297.0,103.0,93523.53647076452,56.252965667088404,57.73057806837316,0.0,27.0,320.4521999999997,30.024675000000002,14.544476350613229,365.021351350613,118.80000000000061,18.0,501.82135135061355,1344.8812216196443,0.0,0.0,0.0,0.0,9.0,0.0,0.0,0.0,712.1159999999994,21.958599999999993,39.5999999999999,5.999999999999998,1.5,45.5999999999999,18.0,297.0,103.0,93523.53647076452,56.252965667088404,57.73057806837316,0.0,27.0,320.4521999999997,30.024675000000002,14.544476350613229,365.021351350613,118.80000000000061,18.0,501.82135135061355,1344.8812216196443,0.0,0.0,0.0,0.0,9.0,11102.259319070869,0,3
smart,event_heavy,3,3.0,21.0,23.76685453496151,1167.184999999999,31.772650000000027,34.666666666666586,12.333333333333337,1.6666666666666667,46.99999999999992,37.0,260.0,30.0,94774.89819188602,65.49282655333738,28.46093038795376,0.0,251.0,525.2332499999994,25.252357500000002,12.343556037737695,562.8291635377371,104.0000000000004,37.0,703.8291635377375,1886.2621582811366,0.0,27.0,0.0,25.0,88.0,3.0,21.0,23.76685453496151,1167.184999999999,31.772650000000027,34.666666666666586,12.333333333333337,1.6666666666666667,46.99999999999992,37.0,260.0,30.0,94774.89819188602,65.49282655333738,28.46093038795376,0.0,231.0,525.2332499999994,25.252357500000002,12.343556037737695,562.8291635377371,104.0000000000004,37.0,703.8291635377375,1886.2621582811366,0.0,27.0,0.0,25.0,78.0,9827.13074341447,0,3
fixed,persistent_multi_day_surge,3,21.0,1672.0,9805.158805263776,666.0359999999995,20.772686111111106,36.66666666666658,5.999999999999998,1.5,42.66666666666658,18.0,275.0,30.0,103508.34749253617,67.14560464826998,63.89404166205936,22.0,27.0,299.71619999999984,31.048672500000016,15.43311086939387,346.19798336939374,110.00000000000048,18.0,474.19798336939425,1270.8505954299767,0.0,0.0,2.0,0.0,9.0,21.0,1672.0,9805.158805263776,666.0359999999995,20.772686111111106,36.66666666666658,5.999999999999998,1.5,42.66666666666658,18.0,275.0,30.0,103508.34749253617,67.14560464826998,63.89404166205936,22.0,27.0,299.71619999999984,31.048672500000016,15.43311086939387,346.19798336939374,110.00000000000048,18.0,474.19798336939425,1270.8505954299767,0.0,0.0,2.0,0.0,9.0,11772.9741950785,0,3
smart,persistent_multi_day_surge,3,9.0,100.0,375.7151616014193,1255.241,33.56396805555554,41.86666666666656,13.000000000000005,2.4999999999999996,54.86666666666657,39.0,314.0,30.0,117281.37706079715,66.91096812386753,33.41349773811885,0.0,242.0,564.8584499999995,21.25293750000001,14.907280799534046,601.0186682995336,125.6000000000007,39.0,765.6186682995343,2051.858031042752,0.0,24.0,0.0,39.0,76.0,9.0,100.0,375.7151616014193,1255.241,33.56396805555554,41.86666666666656,13.000000000000005,2.4999999999999996,54.86666666666657,39.0,314.0,30.0,117281.37706079715,66.91096812386753,33.41349773811885,0.0,222.0,564.8584499999995,21.25293750000001,14.907280799534046,601.0186682995336,125.6000000000007,39.0,765.6186682995343,2051.858031042752,0.0,24.0,0.0,39.0,66.0,7429.388270479859,0,3
fixed,localized_surge,3,19.0,774.0,4283.636985311769,689.0709999999995,21.356245833333325,38.13333333333324,5.999999999999998,1.5,44.13333333333324,18.0,286.0,77.0,98746.4021478857,61.54346591208478,60.95456922708995,11.0,27.0,310.0819499999998,30.486037500000002,14.81318632069093,355.3811738206907,114.40000000000055,18.0,487.78117382069127,1307.2535458394527,0.0,0.0,1.0,0.0,9.0,19.0,774.0,4283.636985311769,689.0709999999995,21.356245833333325,38.13333333333324,5.999999999999998,1.5,44.13333333333324,18.0,286.0,77.0,98746.4021478857,61.54346591208478,60.95456922708995,11.0,27.0,310.0819499999998,30.486037500000002,14.81318632069093,355.3811738206907,114.40000000000055,18.0,487.78117382069127,1307.2535458394527,0.0,0.0,1.0,0.0,9.0,11772.9741950785,0,3
smart,localized_surge,3,5.0,88.0,179.91475121850706,1333.5349999999994,35.72638055555556,39.733333333333235,14.333333333333341,2.8333333333333326,54.06666666666658,43.0,298.0,38.0,106228.75575574503,64.07541762885577,27.449290892957375,0.0,197.0,600.0907499999995,21.382830000000006,13.414239499158882,634.8878194991584,119.20000000000061,43.0,797.087819499159,2136.195356257746,0.0,26.0,0.0,39.0,74.0,5.0,88.0,179.91475121850706,1333.5349999999994,35.72638055555556,39.733333333333235,14.333333333333341,2.8333333333333326,54.06666666666658,43.0,298.0,38.0,106228.75575574503,64.07541762885577,27.449290892957375,0.0,177.0,600.0907499999995,21.382830000000006,13.414239499158882,634.8878194991584,119.20000000000061,43.0,797.087819499159,2136.195356257746,0.0,26.0,0.0,39.0,64.0,8394.342821312399,0,3
fixed,gradual_upward_trend,3,1.0,1.0,1.7013070728277313,712.1159999999994,21.958599999999993,39.5999999999999,5.999999999999998,1.5,45.5999999999999,18.0,297.0,69.0,101935.49370497833,61.519255743921484,62.92314426233231,0.0,27.0,320.4521999999997,30.024675000000002,15.831225719608454,366.3081007196082,118.80000000000061,18.0,503.10810071960884,1348.3297099285517,0.0,0.0,0.0,0.0,9.0,1.0,1.0,1.7013070728277313,712.1159999999994,21.958599999999993,39.5999999999999,5.999999999999998,1.5,45.5999999999999,18.0,297.0,69.0,101935.49370497833,61.519255743921484,62.92314426233231,0.0,27.0,320.4521999999997,30.024675000000002,15.831225719608454,366.3081007196082,118.80000000000061,18.0,503.10810071960884,1348.3297099285517,0.0,0.0,0.0,0.0,9.0,12873.929584708161,0,3
smart,gradual_upward_trend,3,1.0,9.0,4.904569034932052,1279.6660000000006,34.86185833333332,39.86666666666657,13.33333333333334,2.666666666666666,53.1999999999999,40.0,299.0,34.0,109303.09069173633,65.49263559220668,30.36196963659343,0.0,256.0,575.8496999999992,27.454815000000007,14.267113144993363,617.5716281449926,119.60000000000062,40.0,777.1716281449932,2082.819963428582,0.0,24.0,0.0,30.0,82.0,1.0,9.0,4.904569034932052,1279.6660000000006,34.86185833333332,39.86666666666657,13.33333333333334,2.666666666666666,53.1999999999999,40.0,299.0,34.0,109303.09069173633,65.49263559220668,30.36196963659343,0.0,236.0,575.8496999999992,27.454815000000007,14.267113144993363,617.5716281449926,119.60000000000062,40.0,777.1716281449932,2082.819963428582,0.0,24.0,0.0,30.0,72.0,5503.129335987975,0,3
fixed,abrupt_behavior_change,3,32.0,3980.0,30604.571950394482,596.8909999999997,18.950037500000015,32.266666666666595,5.999999999999998,1.5,38.266666666666595,18.0,242.0,60.0,93356.31455252235,67.88423090557416,57.62735466205084,55.0,27.0,268.60095,33.11730000000001,12.545297279672301,314.2635472796723,96.8000000000003,18.0,429.0635472796726,1149.8903067095227,0.0,0.0,5.0,0.0,9.0,32.0,3980.0,30604.571950394482,596.8909999999997,18.950037500000015,32.266666666666595,5.999999999999998,1.5,38.266666666666595,18.0,242.0,60.0,93356.31455252235,67.88423090557416,57.62735466205084,55.0,27.0,268.60095,33.11730000000001,12.545297279672301,314.2635472796723,96.8000000000003,18.0,429.0635472796726,1149.8903067095227,0.0,0.0,5.0,0.0,9.0,16975.995828928124,0,3
smart,abrupt_behavior_change,3,12.0,73.0,367.3678339872299,1465.2919999999992,38.93712361111107,46.39999999999988,15.000000000000009,3.666666666666665,61.399999999999885,45.0,348.0,39.0,129684.82851862907,66.84903554015416,32.02094531324175,0.0,158.0,659.3813999999992,16.546994999999995,16.65080898407944,692.5792039840786,139.2000000000009,45.0,876.7792039840795,2349.768266677333,0.0,23.0,0.0,54.0,59.0,12.0,73.0,367.3678339872299,1465.2919999999992,38.93712361111107,46.39999999999988,15.000000000000009,3.666666666666665,61.399999999999885,45.0,348.0,39.0,129684.82851862907,66.84903554015416,32.02094531324175,0.0,138.0,659.3813999999992,16.546994999999995,16.65080898407944,692.5792039840786,139.2000000000009,45.0,876.7792039840795,2349.768266677333,0.0,23.0,0.0,54.0,49.0,10884.685979228603,0,3
fixed,traffic_disruption,3,0.0,0.0,0.0,712.1159999999994,29.104261875000034,39.5999999999999,5.999999999999998,1.5,45.5999999999999,18.0,297.0,88.0,97562.65129222584,58.8723426449449,60.223858822361635,0.0,27.0,320.4521999999997,147.874440375,20.36530821431586,488.6919485893156,118.80000000000061,18.0,625.4919485893162,1676.3184222193674,0.0,0.0,0.0,0.0,9.0,0.0,0.0,0.0,712.1159999999994,29.104261875000034,39.5999999999999,5.999999999999998,1.5,45.5999999999999,18.0,297.0,88.0,97562.65129222584,58.8723426449449,60.223858822361635,0.0,27.0,320.4521999999997,147.874440375,20.36530821431586,488.6919485893156,118.80000000000061,18.0,625.4919485893162,1676.3184222193674,0.0,0.0,0.0,0.0,9.0,11690.989536684237,0,3
smart,traffic_disruption,3,3.0,67.0,74.19753643190023,1180.2279999999994,43.027048125,36.26666666666658,12.333333333333337,2.4999999999999996,48.599999999999916,37.0,272.0,20.0,101064.92436901802,66.39666877132,30.34982713784325,0.0,232.0,531.1025999999991,217.58043037500022,17.66700240442995,766.3500327794293,108.80000000000047,37.0,912.1500327794297,2444.5620878488717,0.0,22.0,0.0,33.0,79.0,3.0,67.0,74.19753643190023,1180.2279999999994,43.027048125,36.26666666666658,12.333333333333337,2.4999999999999996,48.599999999999916,37.0,272.0,20.0,101064.92436901802,66.39666877132,30.34982713784325,0.0,212.0,531.1025999999991,217.58043037500022,17.66700240442995,766.3500327794293,108.80000000000047,37.0,912.1500327794297,2444.5620878488717,0.0,22.0,0.0,33.0,69.0,8114.518923460141,0,3
fixed,sensor_failure,3,0.0,0.0,0.0,712.1159999999994,21.958599999999993,39.5999999999999,5.999999999999998,1.5,45.5999999999999,18.0,297.0,87.0,97480.66663383157,58.835689083352136,60.173251008538,0.0,137.0,320.4521999999997,30.024675000000002,15.138768906954342,365.61564390695406,118.80000000000061,18.0,502.41564390695464,1346.4739256706384,0.0,0.0,0.0,0.0,9.0,0.0,0.0,0.0,712.1159999999994,21.958599999999993,39.5999999999999,5.999999999999998,1.5,45.5999999999999,18.0,297.0,87.0,97480.66663383157,58.835689083352136,60.173251008538,0.0,137.0,320.4521999999997,30.024675000000002,15.138768906954342,365.61564390695406,118.80000000000061,18.0,502.41564390695464,1346.4739256706384,0.0,0.0,0.0,0.0,9.0,11772.9741950785,0,3
smart,sensor_failure,3,26.0,480.0,1813.3869865077354,1377.5389999999998,36.33494583333333,32.266666666666595,16.00000000000001,2.1666666666666665,48.26666666666661,48.0,242.0,21.0,96545.90117926887,71.01642170546377,22.348588235941868,0.0,1092.0,619.8925499999996,26.337690000000006,11.413474859777663,657.6437148597772,96.8000000000003,48.0,802.4437148597775,2150.549155824204,0.0,35.0,0.0,45.0,75.0,26.0,480.0,1813.3869865077354,1377.5389999999998,36.33494583333333,32.266666666666595,16.00000000000001,2.1666666666666665,48.26666666666661,48.0,242.0,21.0,96545.90117926887,71.01642170546377,22.348588235941868,0.0,922.0,619.8925499999996,26.337690000000006,11.413474859777663,657.6437148597772,96.8000000000003,48.0,802.4437148597775,2150.549155824204,0.0,35.0,0.0,45.0,63.0,10894.352663133453,0,3
fixed,reduced_truck_capacity,3,22.0,4945.0,24940.4980477904,545.4889999999997,17.681831944444458,29.199999999999935,5.999999999999998,1.5,35.19999999999993,18.0,219.0,77.0,70701.43991555792,57.14308726730196,67.14286791600941,78.0,27.0,245.47004999999996,34.19718750000001,13.820170325008068,293.487407825008,87.60000000000016,18.0,399.0874078250082,1069.5542529710222,0.0,0.0,8.0,0.0,9.0,22.0,4945.0,24940.4980477904,545.4889999999997,17.681831944444458,29.199999999999935,5.999999999999998,1.5,35.19999999999993,18.0,219.0,77.0,70701.43991555792,57.14308726730196,67.14286791600941,78.0,27.0,245.47004999999996,34.19718750000001,13.820170325008068,293.487407825008,87.60000000000016,18.0,399.0874078250082,1069.5542529710222,0.0,0.0,8.0,0.0,9.0,13611.702865561758,0,3
smart,reduced_truck_capacity,3,3.0,66.0,73.67698105196051,1182.2109999999993,31.874570833333344,36.26666666666658,12.333333333333337,2.4999999999999996,48.599999999999916,37.0,272.0,22.0,101012.97568822558,66.35634148300488,46.66804143600165,0.0,232.0,531.9949499999993,24.104025000000007,19.964742700519697,576.063717700519,108.80000000000047,37.0,721.8637177005194,1934.594763437392,0.0,22.0,0.0,33.0,79.0,3.0,66.0,73.67698105196051,1182.2109999999993,31.874570833333344,36.26666666666658,12.333333333333337,2.4999999999999996,48.599999999999916,37.0,272.0,22.0,101012.97568822558,66.35634148300488,46.66804143600165,0.0,212.0,531.9949499999993,24.104025000000007,19.964742700519697,576.063717700519,108.80000000000047,37.0,721.8637177005194,1934.594763437392,0.0,22.0,0.0,33.0,69.0,8166.988159632519,0,3
fixed,combined_demand_operational_stress,3,88.0,8610.0,73213.38646860325,520.9079999999997,23.02173562500001,25.599999999999948,5.999999999999998,1.5,31.599999999999945,18.0,189.0,1.0,89975.5042303964,84.43298455184149,85.44682263095574,108.0,136.0,234.40859999999995,129.54872025000003,23.741984757460664,387.6993050074606,76.80000000000001,18.0,482.49930500746063,1293.0981374199946,0.0,0.0,9.0,0.0,9.0,83.0,8564.0,73105.18394823588,520.9079999999997,23.02173562500001,25.599999999999948,5.999999999999998,1.5,31.599999999999945,18.0,189.0,1.0,89975.5042303964,84.43298455184149,85.44682263095574,108.0,136.0,234.40859999999995,129.54872025000003,23.741984757460664,387.6993050074606,76.80000000000001,18.0,482.49930500746063,1293.0981374199946,0.0,0.0,9.0,0.0,9.0,18886.820994057838,0,3
smart,combined_demand_operational_stress,3,110.0,2995.0,22479.442671877187,1684.6460000000002,57.30167624999996,43.066666666666556,19.333333333333332,4.333333333333332,62.39999999999989,58.0,323.0,26.0,145979.83138445395,77.93474676486306,43.02382298392395,0.0,601.0,758.0906999999999,277.868752875,33.82347785995604,1069.782930734956,129.20000000000076,58.0,1256.9829307349567,3368.714254369684,0.0,32.0,0.0,79.0,41.0,110.0,2995.0,22479.442671877187,1569.8549999999998,52.741111874999966,40.666666666666565,18.000000000000004,4.166666666666665,58.66666666666657,54.0,305.0,26.0,139942.706767022,78.29938400912819,44.29968558626844,0.0,431.0,706.4347499999999,250.70182087500004,32.269288704280044,989.40585957928,122.00000000000065,54.0,1165.4058595792806,3123.287703672472,0.0,29.0,0.0,79.0,29.0,13616.437636726248,0,3
fixed,normal_patterned,4,25.0,1329.0,6428.28914711477,666.0259999999995,20.753891666666657,36.66666666666658,5.999999999999998,1.5,42.66666666666658,18.0,275.0,50.0,100828.76431837818,65.62363257695766,62.239977974307514,22.0,22.0,299.71169999999984,30.94740000000001,14.877396417840844,345.5364964178407,110.00000000000048,18.0,473.53649641784114,1269.0778103998143,0.0,0.0,2.0,0.0,9.0,24.0,1324.0,6420.588482303553,666.0259999999995,20.753891666666657,36.66666666666658,5.999999999999998,1.5,42.66666666666658,18.0,275.0,50.0,100828.76431837818,65.62363257695766,62.239977974307514,22.0,22.0,299.71169999999984,30.94740000000001,14.877396417840844,345.5364964178407,110.00000000000048,18.0,473.53649641784114,1269.0778103998143,0.0,0.0,2.0,0.0,9.0,8917.898251803043,0,3
smart,normal_patterned,4,6.0,79.0,289.06171135797524,1175.114999999999,32.88538333333334,37.19999999999991,12.333333333333337,2.0,49.533333333333246,37.0,279.0,20.0,104358.0772512837,68.02338802995489,31.33876193732243,0.0,226.0,528.8017499999999,31.609057500000013,14.075860209785908,574.4866677097858,111.6000000000005,37.0,723.0866677097863,1937.8722694622275,0.0,25.0,0.0,20.0,86.0,5.0,76.0,283.36403359117423,1113.3309999999992,30.82985972222222,33.86666666666659,12.000000000000004,1.8333333333333335,45.86666666666659,35.0,254.0,20.0,96197.79929869293,67.90007801622907,30.53898390434696,0.0,203.0,500.99894999999964,28.913040000000017,13.038063905962918,542.9500539059625,101.60000000000036,36.0,680.5500539059628,1823.8741444679806,0.0,24.0,0.0,20.0,76.0,11527.812754654253,0,3
fixed,high_demand_seasonal,4,73.0,6985.0,51560.01529072009,527.7559999999999,17.143616666666667,27.866666666666607,5.999999999999998,1.5,33.8666666666666,18.0,209.0,1.0,103676.13751042189,85.83629042222147,63.99761574717401,88.0,22.0,237.4902,34.65855000000002,12.806048989971377,284.9547989899714,83.60000000000011,18.0,386.55479898997146,1035.9668612931237,0.0,0.0,8.0,0.0,9.0,63.0,6916.0,51007.9764182147,527.7559999999999,17.143616666666667,27.866666666666607,5.999999999999998,1.5,33.8666666666666,18.0,209.0,1.0,103676.13751042189,85.83629042222147,63.99761574717401,88.0,22.0,237.4902,34.65855000000002,12.806048989971377,284.9547989899714,83.60000000000011,18.0,386.55479898997146,1035.9668612931237,0.0,0.0,8.0,0.0,9.0,14830.762143817463,0,3
smart,high_demand_seasonal,4,7.0,44.0,310.2941450644644,1673.7209999999982,46.61343749999988,56.66666666666651,17.000000000000007,3.4999999999999987,73.66666666666652,51.0,425.0,47.0,160567.2186927549,67.9392486612644,34.98196485680935,0.0,162.0,753.1744499999986,35.463600000000014,20.89312691137601,809.5311769113747,170.00000000000134,51.0,1030.531176911376,2761.8235541224876,0.0,30.0,0.0,50.0,62.0,6.0,39.0,293.34323859838,1598.5579999999977,44.67479861111101,53.733333333333185,16.333333333333343,3.333333333333332,70.06666666666652,49.0,403.0,46.0,154382.8608224863,67.96283875274106,35.00745143367037,0.0,141.0,719.3510999999986,35.463600000000014,20.075320255017647,774.8900202550163,161.2000000000012,49.0,985.0900202550175,2640.041254283447,0.0,29.0,0.0,47.0,54.0,9189.402107140075,0,3
fixed,event_heavy,4,2.0,5.0,15.216227416558127,712.1159999999994,21.958599999999993,39.5999999999999,5.999999999999998,1.5,45.5999999999999,18.0,297.0,63.0,102189.1135200993,61.46340614389503,63.079699703765,0.0,22.0,320.4521999999997,30.024675000000002,15.912616361637587,366.3894913616373,118.80000000000061,18.0,503.1894913616379,1348.5478368491897,0.0,0.0,0.0,0.0,9.0,2.0,5.0,15.216227416558127,712.1159999999994,21.958599999999993,39.5999999999999,5.999999999999998,1.5,45.5999999999999,18.0,297.0,63.0,102189.1135200993,61.46340614389503,63.079699703765,0.0,22.0,320.4521999999997,30.024675000000002,15.912616361637587,366.3894913616373,118.80000000000061,18.0,503.1894913616379,1348.5478368491897,0.0,0.0,0.0,0.0,9.0,8416.064808578243,0,3
smart,event_heavy,4,2.0,9.0,38.3865410614178,1046.4789999999994,30.473127777777794,35.46666666666658,10.666666666666668,1.3333333333333333,46.133333333333255,32.0,266.0,22.0,100546.84637092266,67.70217725996922,34.91209943434815,0.0,245.0,470.9155499999996,39.55842000000002,13.954382400040908,524.4283524000405,106.40000000000043,32.0,662.8283524000409,1776.3799844321097,0.0,24.0,0.0,12.0,94.0,2.0,9.0,38.3865410614178,1046.4789999999994,30.473127777777794,35.46666666666658,10.666666666666668,1.3333333333333333,46.133333333333255,32.0,266.0,22.0,100546.84637092266,67.70217725996922,34.91209943434815,0.0,222.0,470.9155499999996,39.55842000000002,13.954382400040908,524.4283524000405,106.40000000000043,32.0,662.8283524000409,1776.3799844321097,0.0,24.0,0.0,12.0,84.0,10035.16164411002,0,3
fixed,persistent_multi_day_surge,4,42.0,3420.0,26213.33459203568,619.9359999999998,19.549824999999995,33.733333333333256,5.999999999999998,1.5,39.733333333333256,18.0,253.0,37.0,101642.12420113912,70.85082252784342,62.7420519760118,44.0,22.0,278.97119999999995,32.027287500000014,14.117637431538855,325.1161249315388,101.20000000000036,18.0,444.3161249315392,1190.7672148165252,0.0,0.0,4.0,0.0,9.0,41.0,3415.0,26205.633927224466,619.9359999999998,19.549824999999995,33.733333333333256,5.999999999999998,1.5,39.733333333333256,18.0,253.0,37.0,101642.12420113912,70.85082252784342,62.7420519760118,44.0,22.0,278.97119999999995,32.027287500000014,14.117637431538855,325.1161249315388,101.20000000000036,18.0,444.3161249315392,1190.7672148165252,0.0,0.0,4.0,0.0,9.0,8917.898251803043,0,3
smart,persistent_multi_day_surge,4,10.0,177.0,1843.2591000869816,1206.2359999999994,34.6881236111111,42.26666666666656,12.333333333333337,1.8333333333333335,54.599999999999895,37.0,317.0,17.0,123522.61471601379,70.09397864507656,37.09387829309724,0.0,229.0,542.8061999999989,39.29447250000002,17.117043939397192,599.217716439396,126.80000000000072,37.0,763.0177164393967,2044.8874800575834,0.0,26.0,0.0,20.0,86.0,9.0,174.0,1837.56142232018,1144.451999999999,32.6326,38.93333333333324,12.000000000000004,1.6666666666666667,50.93333333333324,35.0,292.0,17.0,115362.33676342302,70.16399241867823,36.622964051880324,0.0,206.0,515.003399999999,36.59845500000001,16.07924763557419,567.6811026355733,116.80000000000058,36.0,720.481102635574,1930.8893550633384,0.0,25.0,0.0,20.0,76.0,11407.483228877067,0,3
fixed,localized_surge,4,36.0,1578.0,8953.474420499218,666.0259999999995,20.754533333333328,36.66666666666658,5.999999999999998,1.5,42.66666666666658,18.0,275.0,45.0,104604.96950139817,67.85792441794817,64.57096882802357,22.0,22.0,299.71169999999984,31.104562500000014,15.350530853143917,346.1667933531438,110.00000000000048,18.0,474.16679335314427,1270.7670061864267,0.0,0.0,2.0,0.0,9.0,35.0,1573.0,8945.773755688,666.0259999999995,20.754533333333328,36.66666666666658,5.999999999999998,1.5,42.66666666666658,18.0,275.0,45.0,104604.96950139817,67.85792441794817,64.57096882802357,22.0,22.0,299.71169999999984,31.104562500000014,15.350530853143917,346.1667933531438,110.00000000000048,18.0,474.16679335314427,1270.7670061864267,0.0,0.0,2.0,0.0,9.0,8917.898251803043,0,3
smart,localized_surge,4,7.0,19.0,160.04331778596267,1327.0449999999996,37.44924305555553,40.7999999999999,14.000000000000007,2.4999999999999996,54.799999999999905,42.0,306.0,27.0,115322.3099240206,67.99865997928792,30.50854759894725,0.0,223.0,597.1702499999996,38.67351750000002,15.288445850800354,651.1322133507999,122.40000000000066,42.0,815.5322133508006,2185.626331780146,0.0,27.0,0.0,24.0,82.0,6.0,16.0,154.34564001916164,1265.2609999999997,35.393719444444436,37.466666666666576,13.666666666666673,2.333333333333333,51.13333333333325,40.0,281.0,27.0,107162.03197142984,67.8849982541881,29.767231103174957,0.0,200.0,569.3674499999994,35.977500000000006,14.25064954697736,619.5955995469767,112.40000000000052,41.0,772.9955995469772,2071.6282067858992,0.0,26.0,0.0,24.0,72.0,6993.988931893862,0,3
fixed,gradual_upward_trend,4,25.0,1388.0,7069.6558621964505,666.0259999999995,20.754533333333328,36.66666666666658,5.999999999999998,1.5,42.66666666666658,18.0,275.0,36.0,104695.3625783124,68.1306894164767,64.62676702364963,22.0,22.0,299.71169999999984,31.104562500000014,15.488852756493836,346.3051152564937,110.00000000000048,18.0,474.3051152564942,1271.1377088874046,0.0,0.0,2.0,0.0,9.0,24.0,1383.0,7061.311420587521,666.0259999999995,20.754533333333328,36.66666666666658,5.999999999999998,1.5,42.66666666666658,18.0,275.0,36.0,104695.3625783124,68.1306894164767,64.62676702364963,22.0,22.0,299.71169999999984,31.104562500000014,15.488852756493836,346.3051152564937,110.00000000000048,18.0,474.3051152564942,1271.1377088874046,0.0,0.0,2.0,0.0,9.0,9752.436775709677,0,3
smart,gradual_upward_trend,4,6.0,25.0,75.15501570286014,1276.346999999999,35.86284027777777,40.13333333333323,13.33333333333334,2.333333333333333,53.46666666666657,40.0,301.0,16.0,111483.92265375888,67.06686311801411,30.9677562927108,0.0,231.0,574.3561499999995,32.54361750000001,14.649199293320844,621.5489667933203,120.40000000000063,40.0,781.948966793321,2095.6232310061005,0.0,26.0,0.0,20.0,86.0,5.0,22.0,68.83266918943426,1212.2779999999993,33.737638888888895,36.79999999999991,13.000000000000005,2.1666666666666665,49.79999999999992,38.0,276.0,16.0,103481.99104468767,66.77721352990766,30.25789211832973,0.0,208.0,545.5250999999995,29.789595000000006,13.649458441100446,588.9641534410999,110.40000000000049,39.0,738.3641534411004,1978.8159312221492,0.0,25.0,0.0,20.0,76.0,9958.377546756834,0,3
fixed,abrupt_behavior_change,4,55.0,3528.0,21271.515542759607,619.9359999999997,19.550466666666665,33.733333333333256,5.999999999999998,1.5,39.733333333333256,18.0,253.0,8.0,111679.369615119,78.23411695579959,68.93788247846851,44.0,22.0,278.97119999999995,32.18445000000001,15.653190106673389,326.80884010667336,101.20000000000036,18.0,446.0088401066737,1195.3036914858856,0.0,0.0,4.0,0.0,9.0,54.0,3523.0,21263.814877948385,619.9359999999997,19.550466666666665,33.733333333333256,5.999999999999998,1.5,39.733333333333256,18.0,253.0,8.0,111679.369615119,78.23411695579959,68.93788247846851,44.0,22.0,278.97119999999995,32.18445000000001,15.653190106673389,326.80884010667336,101.20000000000036,18.0,446.0088401066737,1195.3036914858856,0.0,0.0,4.0,0.0,9.0,12930.95246511441,0,3
smart,abrupt_behavior_change,4,7.0,83.0,629.2493713548298,1425.383,39.21026111111109,49.599999999999866,14.333333333333341,2.333333333333333,63.93333333333321,43.0,372.0,38.0,141125.10740161716,68.12703687617172,36.466436021089706,0.0,198.0,641.4223499999995,26.76156750000001,18.850004027465268,687.0339215274647,148.80000000000103,43.0,878.8339215274657,2355.274909693608,0.0,29.0,0.0,31.0,76.0,6.0,80.0,623.5516935880288,1363.5990000000002,37.15473749999998,46.266666666666545,14.000000000000007,2.1666666666666665,60.26666666666655,41.0,347.0,38.0,132964.82944902644,68.04424286369058,36.03382911897735,0.0,175.0,613.6195499999994,24.065550000000012,17.812207723642288,655.4973077236417,138.8000000000009,42.0,836.2973077236426,2241.2767846993625,0.0,28.0,0.0,31.0,66.0,4127.4808500209665,0,3
fixed,traffic_disruption,4,25.0,1325.0,6398.89415582689,666.0259999999995,27.583625625000032,36.66666666666658,5.999999999999998,1.5,42.66666666666658,18.0,275.0,51.0,100904.22631664643,65.67347067421247,62.28655945472002,22.0,22.0,299.71169999999984,143.112333375,20.02674411943018,462.85077749443,110.00000000000048,18.0,590.8507774944305,1583.4800836850739,0.0,0.0,2.0,0.0,9.0,24.0,1320.0,6391.1934910156715,666.0259999999995,27.583625625000032,36.66666666666658,5.999999999999998,1.5,42.66666666666658,18.0,275.0,51.0,100904.22631664643,65.67347067421247,62.28655945472002,22.0,22.0,299.71169999999984,143.112333375,20.02674411943018,462.85077749443,110.00000000000048,18.0,590.8507774944305,1583.4800836850739,0.0,0.0,2.0,0.0,9.0,8871.831244822688,0,3
smart,traffic_disruption,4,5.0,20.0,60.46297901636997,1246.8319999999985,47.08764562499998,39.86666666666657,13.000000000000005,2.333333333333333,52.866666666666575,39.0,299.0,25.0,110998.93308241683,66.70608418010698,31.62362765880821,0.0,234.0,561.0743999999997,238.08000375000026,20.19390612414059,819.3483098741406,119.60000000000062,39.0,977.9483098741412,2620.9014704626984,0.0,25.0,0.0,19.0,87.0,4.0,17.0,54.76530124956892,1190.4159999999986,44.60376749999999,36.933333333333245,12.666666666666671,2.1666666666666665,49.599999999999916,37.0,277.0,25.0,104122.91563898044,66.60564345261139,31.26814283452866,0.0,211.0,535.6871999999998,226.29282075000023,18.9833969622888,780.9634177122889,110.8000000000005,38.0,929.7634177122894,2491.7659594689358,0.0,24.0,0.0,19.0,77.0,5115.555655862744,0,3
fixed,sensor_failure,4,25.0,1329.0,6428.28914711477,666.0259999999995,20.753891666666657,36.66666666666658,5.999999999999998,1.5,42.66666666666658,18.0,275.0,50.0,100828.76431837818,65.62363257695766,62.239977974307514,22.0,123.0,299.71169999999984,30.94740000000001,14.877396417840844,345.5364964178407,110.00000000000048,18.0,473.53649641784114,1269.0778103998143,0.0,0.0,2.0,0.0,9.0,24.0,1324.0,6420.588482303553,666.0259999999995,20.753891666666657,36.66666666666658,5.999999999999998,1.5,42.66666666666658,18.0,275.0,50.0,100828.76431837818,65.62363257695766,62.239977974307514,22.0,123.0,299.71169999999984,30.94740000000001,14.877396417840844,345.5364964178407,110.00000000000048,18.0,473.53649641784114,1269.0778103998143,0.0,0.0,2.0,0.0,9.0,8917.898251803043,0,3
smart,sensor_failure,4,30.0,572.0,2852.9366331835886,1424.4699999999991,35.249354166666656,34.79999999999992,16.00000000000001,3.4999999999999987,50.799999999999926,48.0,261.0,15.0,105638.45584600385,72.67390347500486,24.45334626064904,0.0,898.0,641.0114999999997,3.3069375000000027,12.553832606822931,656.8722701068226,104.4000000000004,48.0,809.272270106823,2168.8496838862857,0.0,27.0,0.0,59.0,61.0,29.0,567.0,2845.235968372371,1424.4699999999991,35.249354166666656,34.79999999999992,16.00000000000001,3.4999999999999987,50.799999999999926,48.0,261.0,15.0,105638.45584600385,72.67390347500486,24.45334626064904,0.0,725.0,641.0114999999997,3.3069375000000027,12.553832606822931,656.8722701068226,104.4000000000004,48.0,809.272270106823,2168.8496838862857,0.0,27.0,0.0,59.0,49.0,7683.559238108475,0,3
fixed,reduced_truck_capacity,4,12.0,6303.0,33742.180360971266,522.444,17.08011944444445,27.733333333333274,5.999999999999998,1.5,33.73333333333327,18.0,208.0,47.0,73227.93577111895,62.18737820275419,69.54219921283851,89.0,22.0,235.09980000000002,34.815712500000004,13.85413370197274,283.76964620197276,83.2000000000001,18.0,384.96964620197286,1031.7186518212873,0.0,0.0,9.0,0.0,9.0,11.0,6298.0,33734.47969616004,522.444,17.08011944444445,27.733333333333274,5.999999999999998,1.5,33.73333333333327,18.0,208.0,47.0,73227.93577111895,62.18737820275419,69.54219921283851,89.0,22.0,235.09980000000002,34.815712500000004,13.85413370197274,283.76964620197276,83.2000000000001,18.0,384.96964620197286,1031.7186518212873,0.0,0.0,9.0,0.0,9.0,9204.835585205756,0,3
smart,reduced_truck_capacity,4,6.0,79.0,289.06171135797524,1175.7049999999992,32.888356944444446,37.19999999999991,12.333333333333337,2.0,49.533333333333246,37.0,279.0,20.0,104358.0772512837,68.02338802995489,48.21347990357297,0.0,226.0,529.0672499999997,31.309785000000012,21.70214928414307,582.0791842841428,111.6000000000005,37.0,730.6791842841433,1958.2202138815042,0.0,25.0,0.0,20.0,86.0,5.0,76.0,283.36403359117423,1113.3309999999992,30.82985972222222,33.86666666666659,12.000000000000004,1.8333333333333335,45.86666666666659,35.0,254.0,20.0,96196.6963508457,67.8962181812431,46.98251348026652,0.0,203.0,500.99894999999964,28.913040000000017,20.057617576419574,549.9696075764192,101.60000000000036,36.0,687.5696075764196,1842.6865483048045,0.0,24.0,0.0,20.0,76.0,11527.812754654253,0,3
fixed,combined_demand_operational_stress,4,88.0,8841.0,80851.34754875593,525.2389999999998,23.288006250000006,25.599999999999948,5.999999999999998,1.5,31.599999999999945,18.0,189.0,0.0,96179.64212915144,89.24839809226039,91.33869148067564,108.0,123.0,236.35755,129.83752687500007,24.96993040867232,391.16500728367237,76.80000000000001,18.0,485.9650072836724,1302.386219520242,0.0,0.0,9.0,0.0,9.0,79.0,8789.0,80538.40852098056,525.2389999999998,23.288006250000006,25.599999999999948,5.999999999999998,1.5,31.599999999999945,18.0,189.0,0.0,96179.64212915144,89.24839809226039,91.33869148067564,108.0,123.0,236.35755,129.83752687500007,24.96993040867232,391.16500728367237,76.80000000000001,18.0,485.9650072836724,1302.386219520242,0.0,0.0,9.0,0.0,9.0,16742.35136749727,0,3
smart,combined_demand_operational_stress,4,91.0,2638.0,25553.894141727877,1697.4369999999985,59.65834874999998,48.666666666666536,18.666666666666668,4.333333333333332,67.3333333333332,56.0,365.0,27.0,157866.2936816428,76.72833392161156,48.1887343350558,0.0,615.0,763.8466500000001,285.6977482500003,38.475214821987166,1088.0196130719876,146.000000000001,56.0,1290.0196130719885,3457.252563032929,0.0,30.0,0.0,78.0,42.0,88.0,2622.0,25492.014131463016,1624.2749999999983,56.416846875,46.13333333333321,18.000000000000004,4.166666666666665,64.13333333333321,54.0,346.0,26.0,151288.10686989746,76.87347903343701,47.89113861028726,0.0,470.0,730.9237499999999,268.1410432500003,36.57005684083502,1035.6348500908352,138.4000000000009,54.0,1228.0348500908362,3291.133398243441,0.0,29.0,0.0,76.0,32.0,10353.15322203403,0,3
fixed,normal_patterned,5,13.0,738.0,3197.8300800833613,689.0709999999996,21.356245833333322,38.13333333333324,5.999999999999998,1.5,44.13333333333324,18.0,286.0,47.0,104179.96424142417,65.33152549969799,64.30861990211368,11.0,27.0,310.0819499999998,30.486037500000002,15.869993417867683,356.4379809178675,114.40000000000055,18.0,488.83798091786804,1310.0857888598864,0.0,0.0,1.0,0.0,8.0,11.0,730.0,3166.6099935331504,689.0709999999996,21.356245833333322,38.13333333333324,5.999999999999998,1.5,44.13333333333324,18.0,286.0,47.0,104179.96424142417,65.33152549969799,64.30861990211368,11.0,27.0,310.0819499999998,30.486037500000002,15.869993417867683,356.4379809178675,114.40000000000055,18.0,488.83798091786804,1310.0857888598864,0.0,0.0,1.0,0.0,8.0,10611.804309317748,0,3
smart,normal_patterned,5,5.0,244.0,254.87921955556754,1260.4189999999987,33.99029722222222,38.66666666666657,13.000000000000005,2.1666666666666665,51.66666666666658,39.0,290.0,21.0,110531.57218327599,68.0299348570796,31.490476405491734,0.0,291.0,567.1885499999995,23.29681500000001,14.967502225536247,605.4528672255358,116.00000000000057,39.0,760.4528672255364,2038.0136841644376,0.0,26.0,0.0,32.0,81.0,5.0,244.0,254.87921955556754,1189.468999999999,31.572208333333336,36.26666666666658,12.333333333333337,2.0,48.599999999999916,37.0,272.0,20.0,106497.19999717503,68.56742459459558,31.981141140292806,0.0,273.0,535.2610499999994,18.34841250000001,14.27424554863735,567.8837080486368,108.80000000000047,37.0,713.6837080486373,1912.6723375703482,0.0,25.0,0.0,30.0,74.0,7203.147227993825,0,3
fixed,high_demand_seasonal,5,78.0,7090.0,52330.18324431688,527.756,17.142975000000007,27.866666666666607,5.999999999999998,1.5,33.8666666666666,18.0,209.0,0.0,104324.58783429308,86.07956258176115,64.39789372487228,88.0,26.0,237.4902,34.50138750000001,12.885425363307034,284.877012863307,83.60000000000011,18.0,386.4770128633071,1035.758394473663,0.0,0.0,8.0,0.0,8.0,67.0,7000.0,51704.08045677953,527.756,17.142975000000007,27.866666666666607,5.999999999999998,1.5,33.8666666666666,18.0,209.0,0.0,104324.58783429308,86.07956258176115,64.39789372487228,88.0,26.0,237.4902,34.50138750000001,12.885425363307034,284.877012863307,83.60000000000011,18.0,386.4770128633071,1035.758394473663,0.0,0.0,8.0,0.0,8.0,16702.52054289808,0,3
smart,high_demand_seasonal,5,22.0,354.0,1061.9953083919943,1725.8919999999996,46.494880555555426,56.933333333333174,18.000000000000004,3.4999999999999987,74.93333333333318,54.0,427.0,45.0,163994.12280842997,67.71449195328204,33.743646668401226,0.0,193.0,776.6513999999992,24.71114250000001,21.11907758360731,822.4816200836066,170.80000000000135,54.0,1047.2816200836078,2806.714741824069,0.0,33.0,0.0,55.0,58.0,22.0,354.0,1061.9953083919943,1604.5809999999994,42.80816388888876,52.799999999999855,16.666666666666675,3.333333333333332,69.46666666666653,50.0,396.0,45.0,152992.67583194943,67.90798574496517,33.99837240709987,0.0,175.0,722.0614499999996,19.251202500000012,19.581683536255273,760.8943360362548,158.40000000000117,50.0,969.294336036256,2597.7088205771665,0.0,30.0,0.0,54.0,51.0,8301.173504686145,0,3
fixed,event_heavy,5,13.0,439.0,2122.2976484299934,689.0709999999996,21.35624583333333,38.13333333333324,5.999999999999998,1.5,44.13333333333324,18.0,286.0,60.0,98470.31007509786,61.36812080480224,60.784142021665346,11.0,27.0,310.08194999999984,30.486037500000002,15.041646228883419,355.60963372888324,114.40000000000055,18.0,488.0096337288838,1307.8658183934085,0.0,0.0,1.0,0.0,8.0,13.0,439.0,2122.2976484299934,689.0709999999996,21.35624583333333,38.13333333333324,5.999999999999998,1.5,44.13333333333324,18.0,286.0,60.0,98470.31007509786,61.36812080480224,60.784142021665346,11.0,27.0,310.08194999999984,30.486037500000002,15.041646228883419,355.60963372888324,114.40000000000055,18.0,488.0096337288838,1307.8658183934085,0.0,0.0,1.0,0.0,8.0,12622.745738104903,0,3
smart,event_heavy,5,9.0,487.0,728.9753170502324,1156.765,31.741944444444446,36.66666666666658,12.000000000000004,2.0,48.666666666666586,36.0,275.0,25.0,105099.7094938887,67.17343533491726,32.438181942558245,0.0,287.0,520.5442499999996,21.892050000000005,14.067990122202993,556.5042901222026,110.00000000000048,36.0,702.5042901222031,1882.7114975275044,0.0,24.0,0.0,33.0,82.0,9.0,487.0,728.9753170502324,1156.765,31.741944444444446,36.66666666666658,12.000000000000004,2.0,48.666666666666586,36.0,275.0,25.0,105099.7094938887,67.17343533491726,32.438181942558245,0.0,264.0,520.5442499999996,21.892050000000005,14.067990122202993,556.5042901222026,110.00000000000048,36.0,702.5042901222031,1882.7114975275044,0.0,24.0,0.0,33.0,73.0,7386.668650693774,0,3
fixed,persistent_multi_day_surge,5,44.0,4223.0,27140.767335375276,596.9009999999997,18.96626527777778,32.266666666666595,5.999999999999998,1.5,38.266666666666595,18.0,241.0,30.0,100466.1120956698,73.85286949582152,62.016118577573955,56.0,27.0,268.60545,32.58992250000001,13.853944281177007,315.049316781177,96.8000000000003,18.0,429.8493167811773,1151.9961689735553,0.0,0.0,5.0,0.0,8.0,42.0,4215.0,27109.54724882506,596.9009999999997,18.96626527777778,32.266666666666595,5.999999999999998,1.5,38.266666666666595,18.0,241.0,30.0,100466.1120956698,73.85286949582152,62.016118577573955,56.0,27.0,268.60545,32.58992250000001,13.853944281177007,315.049316781177,96.8000000000003,18.0,429.8493167811773,1151.9961689735553,0.0,0.0,5.0,0.0,8.0,10611.804309317748,0,3
smart,persistent_multi_day_surge,5,11.0,475.0,597.7579033334059,1309.9019999999994,34.89689444444443,44.399999999999885,13.000000000000005,2.1666666666666665,57.39999999999989,39.0,333.0,26.0,131890.85479996775,69.69771655344114,37.575742108252925,0.0,272.0,589.4558999999997,16.88877,17.75529079939514,624.0999607993949,133.2000000000008,39.0,796.2999607993958,2134.083894942381,0.0,26.0,0.0,40.0,72.0,11.0,475.0,597.7579033334059,1238.951999999999,32.47880555555555,41.99999999999989,12.333333333333337,2.0,54.33333333333323,37.0,315.0,25.0,127856.48261386684,70.25713648721528,38.39534012428434,0.0,254.0,557.5283999999996,11.940367500000004,17.062034122496243,586.5308016224958,126.00000000000071,37.0,749.5308016224965,2008.7425483482907,0.0,25.0,0.0,38.0,65.0,5730.071037061733,0,3
fixed,localized_surge,5,35.0,2402.0,12367.495704759647,642.9809999999995,20.151537499999993,35.19999999999992,5.999999999999998,1.5,41.19999999999992,18.0,264.0,39.0,100899.40353614697,68.10099438270115,62.283582429720354,33.0,27.0,289.3414499999999,31.40876250000001,14.492641844624519,335.24285434462445,105.60000000000042,18.0,458.84285434462487,1229.6988496435947,0.0,0.0,3.0,0.0,8.0,33.0,2394.0,12336.275618209438,642.9809999999995,20.151537499999993,35.19999999999992,5.999999999999998,1.5,41.19999999999992,18.0,264.0,39.0,100899.40353614697,68.10099438270115,62.283582429720354,33.0,27.0,289.3414499999999,31.40876250000001,14.492641844624519,335.24285434462445,105.60000000000042,18.0,458.84285434462487,1229.6988496435947,0.0,0.0,3.0,0.0,8.0,10611.804309317748,0,3
smart,localized_surge,5,5.0,228.0,234.77899491414607,1404.3039999999994,38.997976388888844,42.533333333333225,15.000000000000009,2.666666666666666,57.53333333333323,45.0,319.0,36.0,118591.56424208485,65.59891367997449,29.281867714095025,0.0,292.0,631.9367999999995,37.629855000000006,15.477369423783454,685.044024423783,127.60000000000073,45.0,857.6440244237837,2298.4859854557403,0.0,29.0,0.0,34.0,80.0,5.0,228.0,234.77899491414607,1333.3539999999991,36.57988749999998,40.13333333333323,14.333333333333341,2.4999999999999996,54.466666666666576,43.0,301.0,35.0,114557.19205598386,65.93924201026171,29.601341616533297,0.0,274.0,600.0092999999994,32.681452500000006,14.784112746884553,647.474865246884,120.40000000000063,43.0,810.8748652468846,2173.144638861651,0.0,28.0,0.0,32.0,73.0,5052.360313225459,0,3
fixed,gradual_upward_trend,5,36.0,2012.0,10202.860687080878,642.9809999999997,20.151537499999993,35.19999999999992,5.999999999999998,1.5,41.19999999999992,18.0,264.0,33.0,99916.21851529407,67.62156543012338,61.67667809586053,33.0,27.0,289.34144999999995,31.40876250000001,14.420508236652012,335.170720736652,105.60000000000042,18.0,458.77072073665244,1229.5055315742286,0.0,0.0,3.0,0.0,8.0,34.0,2003.0,10168.294881842017,642.9809999999997,20.151537499999993,35.19999999999992,5.999999999999998,1.5,41.19999999999992,18.0,264.0,33.0,99916.21851529407,67.62156543012338,61.67667809586053,33.0,27.0,289.34144999999995,31.40876250000001,14.420508236652012,335.170720736652,105.60000000000042,18.0,458.77072073665244,1229.5055315742286,0.0,0.0,3.0,0.0,8.0,13673.985549350564,0,3
smart,gradual_upward_trend,5,6.0,277.0,347.19318480067636,1295.9019999999987,36.24691527777775,42.39999999999989,13.000000000000005,2.333333333333333,55.3999999999999,39.0,318.0,31.0,118064.35643040505,65.91869941342297,33.63656878359118,0.0,278.0,583.1558999999993,34.4588175,16.393883844968872,634.0086013449682,127.20000000000073,39.0,800.2086013449689,2144.5590516045168,0.0,25.0,0.0,36.0,77.0,6.0,277.0,347.19318480067636,1224.9519999999984,33.82882638888887,39.9999999999999,12.333333333333337,2.1666666666666665,52.333333333333236,37.0,300.0,30.0,114013.35565100913,66.26446262674838,34.23824494024298,0.0,260.0,551.2283999999994,29.510415000000005,15.697789676166497,596.4366046761659,120.00000000000063,37.0,753.4366046761666,2019.2101005321265,0.0,24.0,0.0,34.0,70.0,5381.515136519761,0,3
fixed,abrupt_behavior_change,5,71.0,4283.0,28957.18197531903,596.8909999999998,18.94939583333334,32.266666666666595,5.999999999999998,1.5,38.266666666666595,18.0,242.0,22.0,105366.02885423244,76.40267815186053,65.04075855199534,55.0,26.0,268.60095000000007,32.96013750000001,14.304773417717083,315.86586091771716,96.8000000000003,18.0,430.66586091771745,1154.1845072594829,0.0,0.0,5.0,0.0,8.0,69.0,4275.0,28925.96188876882,596.8909999999998,18.94939583333334,32.266666666666595,5.999999999999998,1.5,38.266666666666595,18.0,242.0,22.0,105366.02885423244,76.40267815186053,65.04075855199534,55.0,26.0,268.60095000000007,32.96013750000001,14.304773417717083,315.86586091771716,96.8000000000003,18.0,430.66586091771745,1154.1845072594829,0.0,0.0,5.0,0.0,8.0,16365.709597253428,0,3
smart,abrupt_behavior_change,5,17.0,434.0,1202.3101051059416,1446.8129999999992,38.38042361111105,48.666666666666536,14.333333333333341,2.8333333333333326,62.99999999999988,43.0,365.0,37.0,138773.10934347473,67.42420968425073,35.85868458487719,0.0,227.0,651.0658499999989,15.511409999999996,18.583831693080423,685.1610916930794,146.000000000001,43.0,874.1610916930804,2342.7517257374557,0.0,26.0,0.0,46.0,67.0,17.0,434.0,1202.3101051059416,1375.8629999999994,35.96233472222218,46.266666666666545,13.666666666666673,2.666666666666666,59.933333333333216,41.0,347.0,36.0,134738.73715737378,67.81410638596087,36.514562915277445,0.0,209.0,619.1383499999989,10.563007499999998,17.890575016181526,647.5919325161805,138.8000000000009,41.0,827.3919325161813,2217.4103791433663,0.0,25.0,0.0,44.0,60.0,10713.500978224121,0,3
fixed,traffic_disruption,5,13.0,744.0,3229.9930014287215,689.0709999999996,28.34394375000003,38.13333333333324,5.999999999999998,1.5,44.13333333333324,18.0,286.0,47.0,104219.87612346622,65.35076572598344,64.33325686633718,11.0,27.0,310.0819499999998,145.493386875,21.34688863131124,476.922225506311,114.40000000000055,18.0,609.3222255063115,1632.983564356915,0.0,0.0,1.0,0.0,8.0,11.0,736.0,3198.7729148785106,689.0709999999996,28.34394375000003,38.13333333333324,5.999999999999998,1.5,44.13333333333324,18.0,286.0,47.0,104219.87612346622,65.35076572598344,64.33325686633718,11.0,27.0,310.0819499999998,145.493386875,21.34688863131124,476.922225506311,114.40000000000055,18.0,609.3222255063115,1632.983564356915,0.0,0.0,1.0,0.0,8.0,10539.729505930354,0,3
smart,traffic_disruption,5,5.0,245.0,255.03059768704776,1258.4149999999984,46.05855187499999,38.53333333333324,13.000000000000005,2.1666666666666665,51.533333333333246,39.0,289.0,20.0,110143.28844304086,68.15069711802015,31.3798542572766,0.0,288.0,566.2867499999995,232.72391925000016,20.21761160538868,819.2282808553883,115.60000000000056,39.0,973.8282808553889,2609.8597926924426,0.0,26.0,0.0,32.0,80.0,5.0,245.0,255.03059768704776,1187.4649999999988,42.862063125000006,36.13333333333325,12.333333333333337,2.0,48.46666666666658,37.0,271.0,20.0,106099.47142531126,68.67608790708725,31.861703130724106,0.0,270.0,534.3592499999994,215.33642212500013,19.282159484381477,768.977831609381,108.40000000000046,37.0,914.3778316093815,2450.5325887131426,0.0,25.0,0.0,30.0,73.0,7591.279590097407,0,3
fixed,sensor_failure,5,35.0,1879.0,8905.72625017057,642.9809999999997,20.151537499999993,35.19999999999992,5.999999999999998,1.5,41.19999999999992,18.0,264.0,47.0,96070.38533698946,65.05890700113444,59.302706998141645,33.0,142.0,289.34144999999995,31.40876250000001,13.86358960484721,334.6138021048472,105.60000000000042,18.0,458.2138021048476,1228.0129896409917,0.0,0.0,3.0,0.0,9.0,33.0,1871.0,8874.50616362036,642.9809999999997,20.151537499999993,35.19999999999992,5.999999999999998,1.5,41.19999999999992,18.0,264.0,47.0,96070.38533698946,65.05890700113444,59.302706998141645,33.0,142.0,289.34144999999995,31.40876250000001,13.86358960484721,334.6138021048472,105.60000000000042,18.0,458.2138021048476,1228.0129896409917,0.0,0.0,3.0,0.0,9.0,13013.487043665278,0,3
smart,sensor_failure,5,33.0,883.0,2898.3249698438217,1581.4389999999999,41.99338888888885,35.33333333333325,18.333333333333336,2.8333333333333326,53.666666666666586,55.0,265.0,31.0,106688.56103208005,70.41276461924645,21.553244652945466,0.0,905.0,711.6475499999998,33.2933175,12.737922818200216,757.6787903182,106.00000000000043,55.0,918.6787903182004,2462.059158052777,0.0,38.0,0.0,61.0,59.0,33.0,883.0,2898.3249698438217,1512.7529999999995,39.58136944444442,33.33333333333326,17.66666666666667,2.666666666666666,50.99999999999993,53.0,250.0,30.0,103359.23595777708,71.03394859429814,21.66860292615872,0.0,751.0,680.7388500000001,27.568867499999996,12.119395315414637,720.4271128154147,100.00000000000034,53.0,873.4271128154151,2340.7846623453124,0.0,37.0,0.0,59.0,49.0,8402.712628901463,0,3
fixed,reduced_truck_capacity,5,13.0,6938.0,36236.46796966393,504.71099999999984,16.541904166666672,26.399999999999945,5.999999999999998,1.5,32.39999999999994,18.0,198.0,43.0,68625.68047050807,61.10741044502977,65.17158639174556,99.0,27.0,227.11995,35.27707500000001,12.538969817098902,274.9359948170989,79.20000000000005,18.0,372.13599481709895,997.3244661098253,0.0,0.0,9.0,0.0,8.0,11.0,6930.0,36205.24788311372,504.71099999999984,16.541904166666672,26.399999999999945,5.999999999999998,1.5,32.39999999999994,18.0,198.0,43.0,68625.68047050807,61.10741044502977,65.17158639174556,99.0,27.0,227.11995,35.27707500000001,12.538969817098902,274.9359948170989,79.20000000000005,18.0,372.13599481709895,997.3244661098253,0.0,0.0,9.0,0.0,8.0,13127.45019065335,0,3
smart,reduced_truck_capacity,5,6.0,275.0,325.8404714780314,1198.782999999999,32.76187638888889,37.466666666666576,12.666666666666671,2.4999999999999996,50.13333333333325,38.0,281.0,23.0,107480.73211240114,67.37773342249301,48.34940715807518,0.0,288.0,539.4523499999993,24.924802500000013,21.727233030834043,586.1043855308335,112.40000000000052,38.0,736.504385530834,1973.8317532226354,0.0,23.0,0.0,37.0,77.0,6.0,275.0,325.8404714780314,1127.832999999999,30.343787500000015,35.066666666666585,12.000000000000004,2.333333333333333,47.06666666666659,36.0,263.0,22.0,103446.35992630012,67.88897898440095,49.11982902483387,0.0,270.0,507.5248499999993,19.976400000000005,20.66068429714342,548.1619342971427,105.20000000000041,36.0,689.3619342971431,1847.4899839163436,0.0,22.0,0.0,35.0,70.0,10183.026046946277,0,3
fixed,combined_demand_operational_stress,5,116.0,9423.0,83897.8729158253,520.6339999999998,23.18121375000001,25.19999999999995,5.999999999999998,1.5,31.199999999999946,18.0,188.0,1.0,95172.5765759593,89.48346000830242,90.38231393728329,109.0,140.0,234.28529999999992,129.32580600000003,24.36959766539682,387.9807036653968,75.6,18.0,481.58070366539675,1290.6362858232633,0.0,0.0,9.0,0.0,9.0,107.0,9351.0,83517.5293574522,520.6339999999998,23.18121375000001,25.19999999999995,5.999999999999998,1.5,31.199999999999946,18.0,188.0,1.0,95172.5765759593,89.48346000830242,90.38231393728329,109.0,140.0,234.28529999999992,129.32580600000003,24.36959766539682,387.9807036653968,75.6,18.0,481.58070366539675,1290.6362858232633,0.0,0.0,9.0,0.0,9.0,18800.107893403045,0,3
smart,combined_demand_operational_stress,5,127.0,3672.0,31231.537439282878,1654.2939999999999,55.56175312500001,43.33333333333322,18.666666666666668,4.666666666666666,61.999999999999886,56.0,325.0,17.0,153023.70120014343,80.93502236385983,46.71053150187529,0.0,598.0,744.4322999999993,265.76225775000034,36.25287365992669,1046.4474314099264,130.00000000000077,56.0,1232.447431409927,3302.9591161786047,0.0,28.0,0.0,83.0,37.0,121.0,3636.0,31051.902884992964,1588.2689999999998,53.39166562500003,41.46666666666656,18.000000000000004,4.499999999999999,59.46666666666657,54.0,311.0,17.0,148076.75644015023,81.3982001724647,46.87456677434322,0.0,456.0,714.7210499999993,255.3633202500004,34.89617659251451,1004.9805468425142,124.40000000000069,54.0,1183.3805468425148,3171.45986553794,0.0,27.0,0.0,80.0,28.0,13615.318745761293,0,3
fixed,normal_patterned,6,0.0,0.0,0.0,712.1159999999994,21.958599999999993,39.5999999999999,5.999999999999998,1.5,45.5999999999999,18.0,297.0,58.0,100054.30000524578,60.27731974992338,61.761913583485054,0.0,30.0,320.4521999999997,30.024675000000002,15.6185048995567,366.0953798995564,118.80000000000061,18.0,502.89537989955704,1347.759618130813,0.0,0.0,0.0,0.0,8.0,0.0,0.0,0.0,712.1159999999994,21.958599999999993,39.5999999999999,5.999999999999998,1.5,45.5999999999999,18.0,297.0,58.0,100054.30000524578,60.27731974992338,61.761913583485054,0.0,30.0,320.4521999999997,30.024675000000002,15.6185048995567,366.0953798995564,118.80000000000061,18.0,502.89537989955704,1347.759618130813,0.0,0.0,0.0,0.0,8.0,9768.971707754998,0,3
smart,normal_patterned,6,4.0,121.0,115.53213939026386,1271.581,35.92944027777774,37.466666666666576,13.33333333333334,2.4999999999999996,50.79999999999991,40.0,281.0,19.0,103054.6105575495,65.28633003538917,28.626280710430418,0.0,345.0,572.2114499999992,39.492540000000034,14.386390972115667,626.090380972115,112.40000000000052,40.0,778.4903809721155,2086.3542210052697,0.0,25.0,0.0,31.0,86.0,4.0,121.0,115.53213939026386,1271.581,35.92944027777774,37.466666666666576,13.33333333333334,2.4999999999999996,50.79999999999991,40.0,281.0,19.0,103054.6105575495,65.28633003538917,28.626280710430418,0.0,326.0,572.2114499999992,39.492540000000034,14.386390972115667,626.090380972115,112.40000000000052,40.0,778.4903809721155,2086.3542210052697,0.0,25.0,0.0,31.0,75.0,6653.129016061155,0,3
fixed,high_demand_seasonal,6,36.0,6465.0,48319.16184907117,527.766,17.16176944444445,27.866666666666607,5.999999999999998,1.5,33.8666666666666,18.0,208.0,0.0,98133.53787015843,82.27963885002548,60.576257944542235,89.0,30.0,237.49469999999994,34.60266000000003,12.364478011926128,284.4618380119261,83.60000000000011,18.0,386.06183801192617,1034.6457258719622,0.0,0.0,8.0,0.0,8.0,36.0,6465.0,48319.16184907117,527.766,17.16176944444445,27.866666666666607,5.999999999999998,1.5,33.8666666666666,18.0,208.0,0.0,98133.53787015843,82.27963885002548,60.576257944542235,89.0,30.0,237.49469999999994,34.60266000000003,12.364478011926128,284.4618380119261,83.60000000000011,18.0,386.06183801192617,1034.6457258719622,0.0,0.0,8.0,0.0,8.0,15155.944854929228,0,3
smart,high_demand_seasonal,6,15.0,246.0,509.43917445058094,1552.7289999999994,41.174474999999894,53.199999999999854,15.666666666666677,2.8333333333333326,68.86666666666653,47.0,399.0,31.0,153402.73602768083,67.66920007704391,36.265422228766155,0.0,274.0,698.7280499999995,17.418847500000012,20.52483206961283,736.6717295696122,159.6000000000012,47.0,943.2717295696134,2527.968235246564,0.0,30.0,0.0,43.0,73.0,15.0,246.0,509.43917445058094,1552.7289999999994,41.174474999999894,53.199999999999854,15.666666666666677,2.8333333333333326,68.86666666666653,47.0,399.0,31.0,153402.73602768083,67.66920007704391,36.265422228766155,0.0,255.0,698.7280499999995,17.418847500000012,20.52483206961283,736.6717295696122,159.6000000000012,47.0,943.2717295696134,2527.968235246564,0.0,30.0,0.0,43.0,62.0,7696.469372027447,0,3
fixed,event_heavy,6,0.0,0.0,0.0,712.1159999999994,21.958599999999993,39.5999999999999,5.999999999999998,1.5,45.5999999999999,18.0,297.0,74.0,96761.76967162575,58.06237005178949,59.729487451620834,0.0,30.0,320.4521999999997,30.024675000000002,15.120452123521394,365.5973271235211,118.80000000000061,18.0,502.3973271235217,1346.424836691038,0.0,0.0,0.0,0.0,8.0,0.0,0.0,0.0,712.1159999999994,21.958599999999993,39.5999999999999,5.999999999999998,1.5,45.5999999999999,18.0,297.0,74.0,96761.76967162575,58.06237005178949,59.729487451620834,0.0,30.0,320.4521999999997,30.024675000000002,15.120452123521394,365.5973271235211,118.80000000000061,18.0,502.3973271235217,1346.424836691038,0.0,0.0,0.0,0.0,8.0,9157.662392559503,0,3
smart,event_heavy,6,4.0,121.0,102.1227713169468,1155.4909999999995,33.643794444444445,34.79999999999992,12.333333333333337,1.5,47.133333333333255,37.0,261.0,27.0,97739.40861116152,66.5920329756975,29.351173757105563,0.0,397.0,519.9709499999993,41.82448500000002,13.281476045495669,575.076911045495,104.4000000000004,37.0,716.4769110454954,1920.1581216019279,0.0,28.0,0.0,19.0,98.0,4.0,121.0,102.1227713169468,1155.4909999999995,33.643794444444445,34.79999999999992,12.333333333333337,1.5,47.133333333333255,37.0,261.0,27.0,97739.40861116152,66.5920329756975,29.351173757105563,0.0,378.0,519.9709499999993,41.82448500000002,13.281476045495669,575.076911045495,104.4000000000004,37.0,716.4769110454954,1920.1581216019279,0.0,28.0,0.0,19.0,87.0,8077.90068170689,0,3
fixed,persistent_multi_day_surge,6,28.0,3419.0,22508.60806956617,619.9359999999996,19.55110833333333,33.733333333333256,5.999999999999998,1.5,39.733333333333256,18.0,253.0,46.0,97418.97361490663,67.83261514665206,60.13516889809051,44.0,30.0,278.97119999999984,32.34161250000001,13.551409713778792,324.86422221377865,101.20000000000036,18.0,444.064222213779,1190.0921155329277,0.0,0.0,4.0,0.0,8.0,28.0,3419.0,22508.60806956617,619.9359999999996,19.55110833333333,33.733333333333256,5.999999999999998,1.5,39.733333333333256,18.0,253.0,46.0,97418.97361490663,67.83261514665206,60.13516889809051,44.0,30.0,278.97119999999984,32.34161250000001,13.551409713778792,324.86422221377865,101.20000000000036,18.0,444.064222213779,1190.0921155329277,0.0,0.0,4.0,0.0,8.0,9768.971707754998,0,3
smart,persistent_multi_day_surge,6,7.0,146.0,228.48866876257148,1314.722,36.229468055555564,43.19999999999989,13.33333333333334,2.333333333333333,56.53333333333323,40.0,324.0,27.0,120587.58796793873,66.77965717777766,33.49655221331631,0.0,364.0,591.6248999999995,27.75847500000002,16.32564905989711,635.7090240598966,129.60000000000076,40.0,805.3090240598974,2158.228184480525,0.0,26.0,0.0,32.0,85.0,7.0,146.0,228.48866876257148,1314.722,36.229468055555564,43.19999999999989,13.33333333333334,2.333333333333333,56.53333333333323,40.0,324.0,27.0,120587.58796793873,66.77965717777766,33.49655221331631,0.0,345.0,591.6248999999995,27.75847500000002,16.32564905989711,635.7090240598966,129.60000000000076,40.0,805.3090240598974,2158.228184480525,0.0,26.0,0.0,32.0,74.0,8880.47675552646,0,3
fixed,localized_surge,6,23.0,788.0,4288.189518970943,689.0709999999995,21.356245833333325,38.13333333333324,5.999999999999998,1.5,44.13333333333324,18.0,286.0,56.0,102153.22893674416,63.442685157617625,63.05754872638528,11.0,30.0,310.0819499999998,30.486037500000002,15.418699803446614,355.9866873034464,114.40000000000055,18.0,488.38668730344693,1308.876321973238,0.0,0.0,1.0,0.0,8.0,23.0,788.0,4288.189518970943,689.0709999999995,21.356245833333325,38.13333333333324,5.999999999999998,1.5,44.13333333333324,18.0,286.0,56.0,102153.22893674416,63.442685157617625,63.05754872638528,11.0,30.0,310.0819499999998,30.486037500000002,15.418699803446614,355.9866873034464,114.40000000000055,18.0,488.38668730344693,1308.876321973238,0.0,0.0,1.0,0.0,8.0,9768.971707754998,0,3
smart,localized_surge,6,7.0,277.0,294.52466281857977,1362.5759999999996,38.87565555555552,40.13333333333323,14.333333333333341,2.666666666666666,54.466666666666576,43.0,301.0,33.0,108587.04802170822,64.29034139114643,28.05866873945949,0.0,304.0,613.1591999999994,43.23294000000001,14.869877721612017,671.2620177216114,120.40000000000063,43.0,834.6620177216121,2236.8942074939205,0.0,27.0,0.0,37.0,80.0,7.0,277.0,294.52466281857977,1362.5759999999996,38.87565555555552,40.13333333333323,14.333333333333341,2.666666666666666,54.466666666666576,43.0,301.0,33.0,108587.04802170822,64.29034139114643,28.05866873945949,0.0,285.0,613.1591999999994,43.23294000000001,14.869877721612017,671.2620177216114,120.40000000000063,43.0,834.6620177216121,2236.8942074939205,0.0,27.0,0.0,37.0,69.0,7328.817478943258,0,3
fixed,gradual_upward_trend,6,1.0,2.0,10.750322823469673,712.1159999999994,21.958599999999993,39.5999999999999,5.999999999999998,1.5,45.5999999999999,18.0,297.0,39.0,104509.61310365616,62.96267316825055,64.51210685410874,0.0,30.0,320.4521999999997,30.024675000000002,16.313176121676875,366.7900511216766,118.80000000000061,18.0,503.5900511216772,1349.621337006095,0.0,0.0,0.0,0.0,8.0,1.0,2.0,10.750322823469673,712.1159999999994,21.958599999999993,39.5999999999999,5.999999999999998,1.5,45.5999999999999,18.0,297.0,39.0,104509.61310365616,62.96267316825055,64.51210685410874,0.0,30.0,320.4521999999997,30.024675000000002,16.313176121676875,366.7900511216766,118.80000000000061,18.0,503.5900511216772,1349.621337006095,0.0,0.0,0.0,0.0,8.0,10680.624073454752,0,3
smart,gradual_upward_trend,6,6.0,326.0,417.4578237240654,1272.2029999999997,36.294716666666645,38.26666666666657,13.666666666666673,2.333333333333333,51.933333333333245,41.0,287.0,17.0,106867.95882517964,65.7360514041574,28.961506456688248,0.0,321.0,572.4913499999997,40.75872750000002,14.97141094414956,628.2214884441491,114.80000000000055,41.0,784.0214884441497,2101.177589030321,0.0,27.0,0.0,31.0,86.0,6.0,326.0,417.4578237240654,1272.2029999999997,36.294716666666645,38.26666666666657,13.666666666666673,2.333333333333333,51.933333333333245,41.0,287.0,17.0,106867.95882517964,65.7360514041574,28.961506456688248,0.0,302.0,572.4913499999997,40.75872750000002,14.97141094414956,628.2214884441491,114.80000000000055,41.0,784.0214884441497,2101.177589030321,0.0,27.0,0.0,31.0,75.0,7915.5708510307495,0,3
fixed,abrupt_behavior_change,6,25.0,3316.0,23220.81354784666,619.9359999999996,19.551108333333335,33.733333333333256,5.999999999999998,1.5,39.733333333333256,18.0,253.0,19.0,102034.0846549343,71.26681864867777,62.98400287341623,44.0,30.0,278.97119999999984,32.34161250000001,14.296773707764707,325.60958620776455,101.20000000000036,18.0,444.80958620776494,1192.08969103681,0.0,0.0,4.0,0.0,8.0,25.0,3316.0,23220.81354784666,619.9359999999996,19.551108333333335,33.733333333333256,5.999999999999998,1.5,39.733333333333256,18.0,253.0,19.0,102034.0846549343,71.26681864867777,62.98400287341623,44.0,30.0,278.97119999999984,32.34161250000001,14.296773707764707,325.60958620776455,101.20000000000036,18.0,444.80958620776494,1192.08969103681,0.0,0.0,4.0,0.0,8.0,14152.113955956624,0,3
smart,abrupt_behavior_change,6,10.0,341.0,635.1879976158857,1554.3170000000007,44.4118527777777,47.06666666666654,15.666666666666677,3.1666666666666656,62.73333333333322,48.0,353.0,24.0,135796.5149114141,67.65483954882198,31.434378451716224,0.0,281.0,699.4426499999994,52.00796250000002,18.943888364068858,770.3945008640682,141.20000000000093,47.0,958.5945008640691,2569.0332623157055,0.0,29.0,0.0,40.0,77.0,10.0,341.0,635.1879976158857,1554.3170000000007,44.4118527777777,47.06666666666654,15.666666666666677,3.1666666666666656,62.73333333333322,48.0,353.0,24.0,135796.5149114141,67.65483954882198,31.434378451716224,0.0,262.0,699.4426499999994,52.00796250000002,18.943888364068858,770.3945008640682,141.20000000000093,47.0,958.5945008640691,2569.0332623157055,0.0,29.0,0.0,40.0,66.0,2975.309249707741,1,3
fixed,traffic_disruption,6,0.0,0.0,0.0,712.1159999999994,29.104261875000034,39.5999999999999,5.999999999999998,1.5,45.5999999999999,18.0,297.0,57.0,100117.40807205219,60.3094887605227,61.80086918027913,0.0,30.0,320.4521999999997,147.874440375,21.006322718149068,489.3329630931488,118.80000000000061,18.0,626.1329630931494,1678.0363410896407,0.0,0.0,0.0,0.0,8.0,0.0,0.0,0.0,712.1159999999994,29.104261875000034,39.5999999999999,5.999999999999998,1.5,45.5999999999999,18.0,297.0,57.0,100117.40807205219,60.3094887605227,61.80086918027913,0.0,30.0,320.4521999999997,147.874440375,21.006322718149068,489.3329630931488,118.80000000000061,18.0,626.1329630931494,1678.0363410896407,0.0,0.0,0.0,0.0,8.0,9705.86364094855,0,3
smart,traffic_disruption,6,5.0,171.0,163.34887361307,1245.0379999999996,47.590074374999986,37.19999999999991,13.000000000000005,2.4999999999999996,50.19999999999992,39.0,279.0,19.0,102992.72284438158,65.48413315265044,29.342656081020397,0.0,337.0,560.2670999999991,248.49965475000013,19.126271023458273,827.8930257734575,111.6000000000005,39.0,978.4930257734579,2622.3613090728672,0.0,24.0,0.0,31.0,84.0,5.0,171.0,163.34887361307,1245.0379999999996,47.590074374999986,37.19999999999991,13.000000000000005,2.4999999999999996,50.19999999999992,39.0,279.0,19.0,102992.72284438158,65.48413315265044,29.342656081020397,0.0,318.0,560.2670999999991,248.49965475000013,19.126271023458273,827.8930257734575,111.6000000000005,39.0,978.4930257734579,2622.3613090728672,0.0,24.0,0.0,31.0,73.0,6667.199995006191,0,3
fixed,sensor_failure,6,0.0,0.0,0.0,712.1159999999994,21.958599999999993,39.5999999999999,5.999999999999998,1.5,45.5999999999999,18.0,297.0,58.0,100054.30000524578,60.27731974992338,61.761913583485054,0.0,144.0,320.4521999999997,30.024675000000002,15.6185048995567,366.0953798995564,118.80000000000061,18.0,502.89537989955704,1347.759618130813,0.0,0.0,0.0,0.0,9.0,0.0,0.0,0.0,712.1159999999994,21.958599999999993,39.5999999999999,5.999999999999998,1.5,45.5999999999999,18.0,297.0,58.0,100054.30000524578,60.27731974992338,61.761913583485054,0.0,144.0,320.4521999999997,30.024675000000002,15.6185048995567,366.0953798995564,118.80000000000061,18.0,502.89537989955704,1347.759618130813,0.0,0.0,0.0,0.0,9.0,9768.971707754998,0,3
smart,sensor_failure,6,20.0,808.0,1844.08034245573,1412.0929999999992,37.74276249999999,34.26666666666659,16.333333333333343,2.333333333333333,50.59999999999993,49.0,257.0,30.0,101562.99466262173,69.20765169922544,23.030157519868872,0.0,1135.0,635.4418499999996,31.18191750000002,12.379280810649465,679.0030483106491,102.80000000000038,49.0,830.8030483106495,2226.5521694725408,0.0,35.0,0.0,46.0,74.0,20.0,808.0,1844.08034245573,1412.0929999999992,37.74276249999999,34.26666666666659,16.333333333333343,2.333333333333333,50.59999999999993,49.0,257.0,30.0,101562.99466262173,69.20765169922544,23.030157519868872,0.0,951.0,635.4418499999996,31.18191750000002,12.379280810649465,679.0030483106491,102.80000000000038,49.0,830.8030483106495,2226.5521694725408,0.0,35.0,0.0,46.0,62.0,6416.196707923337,0,3
fixed,reduced_truck_capacity,6,11.0,5922.0,30532.344762454486,522.444,17.08011944444445,27.733333333333274,5.999999999999998,1.5,33.73333333333327,18.0,208.0,56.0,69316.15180241538,58.70247258911744,65.82730465566513,89.0,30.0,235.09980000000002,34.815712500000004,13.203642553789829,283.1191550537899,83.2000000000001,18.0,384.31915505379,1029.9753355441571,0.0,0.0,9.0,0.0,8.0,11.0,5922.0,30532.344762454486,522.444,17.08011944444445,27.733333333333274,5.999999999999998,1.5,33.73333333333327,18.0,208.0,56.0,69316.15180241538,58.70247258911744,65.82730465566513,89.0,30.0,235.09980000000002,34.815712500000004,13.203642553789829,283.1191550537899,83.2000000000001,18.0,384.31915505379,1029.9753355441571,0.0,0.0,9.0,0.0,8.0,9974.77514813092,0,3
smart,reduced_truck_capacity,6,7.0,277.0,242.91664189443958,1297.8750000000005,37.423786111111106,37.866666666666575,13.666666666666673,2.666666666666666,51.533333333333246,41.0,284.0,25.0,105257.54837766015,65.92629369332792,43.884739786391556,0.0,355.0,584.0437499999995,47.70353250000002,21.911887961607945,653.6591704616075,113.60000000000053,41.0,808.2591704616079,2166.1345768371093,0.0,25.0,0.0,28.0,89.0,7.0,277.0,242.91664189443958,1297.8750000000005,37.423786111111106,37.866666666666575,13.666666666666673,2.666666666666666,51.533333333333246,41.0,284.0,25.0,105257.54837766015,65.92629369332792,43.884739786391556,0.0,336.0,584.0437499999995,47.70353250000002,21.911887961607945,653.6591704616075,113.60000000000053,41.0,808.2591704616079,2166.1345768371093,0.0,25.0,0.0,28.0,78.0,4322.806693446273,0,3
fixed,combined_demand_operational_stress,6,90.0,8637.0,76899.77883788166,532.4909999999998,23.518944374999997,25.333333333333282,5.999999999999998,1.5,31.33333333333328,18.0,188.0,2.0,91381.28952448949,85.6020209545837,86.78185140027492,109.0,144.0,239.62094999999994,130.60561837500006,24.48854413347776,394.7151125084778,76.0,18.0,488.7151125084778,1309.7565015227206,2.0,0.0,9.0,0.0,9.0,90.0,8637.0,76899.77883788166,532.4909999999998,23.518944374999997,25.333333333333282,5.999999999999998,1.5,31.33333333333328,18.0,188.0,2.0,91381.28952448949,85.6020209545837,86.78185140027492,109.0,144.0,239.62094999999994,130.60561837500006,24.48854413347776,394.7151125084778,76.0,18.0,488.7151125084778,1309.7565015227206,2.0,0.0,9.0,0.0,9.0,17214.639199524197,0,3
smart,combined_demand_operational_stress,6,106.0,3057.0,24033.795609158013,1608.243999999999,55.5617175,43.73333333333322,18.000000000000004,3.4999999999999987,61.73333333333322,54.0,328.0,16.0,151249.94362318615,79.90568722995559,47.87905781044196,0.0,719.0,723.7097999999995,268.79271750000055,36.61587642491687,1029.118393924917,131.20000000000078,54.0,1214.3183939249177,3254.3732957187794,0.0,33.0,0.0,73.0,47.0,106.0,3057.0,24033.795609158013,1608.243999999999,55.5617175,43.73333333333322,18.000000000000004,3.4999999999999987,61.73333333333322,54.0,328.0,16.0,151249.94362318615,79.90568722995559,47.87905781044196,0.0,535.0,723.7097999999995,268.79271750000055,36.61587642491687,1029.118393924917,131.20000000000078,54.0,1214.3183939249177,3254.3732957187794,0.0,33.0,0.0,73.0,35.0,10211.968329551368,0,3
fixed,normal_patterned,7,0.0,0.0,0.0,712.1159999999994,21.958599999999993,39.5999999999999,5.999999999999998,1.5,45.5999999999999,18.0,297.0,51.0,104238.04093421731,62.55852505524533,64.34446971247982,0.0,31.0,320.4521999999997,30.024675000000002,16.19576523672181,366.6726402367215,118.80000000000061,18.0,503.4726402367221,1349.3066758344153,0.0,0.0,0.0,0.0,8.0,0.0,0.0,0.0,712.1159999999994,21.958599999999993,39.5999999999999,5.999999999999998,1.5,45.5999999999999,18.0,297.0,51.0,104238.04093421731,62.55852505524533,64.34446971247982,0.0,31.0,320.4521999999997,30.024675000000002,16.19576523672181,366.6726402367215,118.80000000000061,18.0,503.4726402367221,1349.3066758344153,0.0,0.0,0.0,0.0,8.0,9282.005040814187,0,3
smart,normal_patterned,7,4.0,103.0,84.77278917605287,1160.6369999999986,33.10979027777778,36.39999999999991,12.333333333333337,2.333333333333333,48.73333333333325,37.0,273.0,21.0,103315.62112982104,66.90565255506871,31.02571205099731,0.0,264.0,522.2866499999997,37.72584,13.647460299904441,573.659950299904,109.20000000000047,37.0,719.8599502999045,1929.2246668037442,0.0,23.0,0.0,26.0,84.0,4.0,103.0,84.77278917605287,1085.116999999999,30.832898611111116,33.46666666666659,12.000000000000004,2.1666666666666665,45.4666666666666,35.0,251.0,21.0,95190.89495780497,66.65369014330801,30.219331732636494,0.0,249.0,488.3026499999997,34.44810750000001,12.380104228098993,535.1308617280987,100.40000000000035,36.0,671.530861728099,1799.7027094313055,0.0,22.0,0.0,26.0,75.0,10119.652056034538,0,3
fixed,high_demand_seasonal,7,48.0,6550.0,48378.06705396379,527.756,17.144258333333337,27.866666666666607,5.999999999999998,1.5,33.8666666666666,18.0,209.0,0.0,102994.1744094599,84.88360485185457,63.57665087003698,88.0,31.0,237.4902,34.81571250000001,12.730401924350115,285.0363144243501,83.60000000000011,18.0,386.6363144243502,1036.1853226572587,0.0,0.0,8.0,0.0,8.0,40.0,6496.0,47979.57518842177,527.756,17.144258333333337,27.866666666666607,5.999999999999998,1.5,33.8666666666666,18.0,209.0,0.0,102994.1744094599,84.88360485185457,63.57665087003698,88.0,31.0,237.4902,34.81571250000001,12.730401924350115,285.0363144243501,83.60000000000011,18.0,386.6363144243502,1036.1853226572587,0.0,0.0,8.0,0.0,8.0,15169.65977275951,0,3
smart,high_demand_seasonal,7,16.0,343.0,693.6901422736561,1668.6159999999995,46.90598611111106,54.666666666666515,17.000000000000007,3.1666666666666656,71.66666666666652,51.0,410.0,35.0,158734.6627941237,68.14256920051969,34.582715205691436,0.0,241.0,750.8771999999991,44.12220750000001,21.243651769467483,816.2430592694667,164.00000000000125,51.0,1031.243059269468,2763.7313988421743,0.0,32.0,0.0,45.0,70.0,15.0,337.0,646.3594332783538,1590.8119999999992,44.841091666666635,50.79999999999986,16.333333333333343,2.999999999999999,67.13333333333321,49.0,381.0,35.0,148889.46046302514,68.40700327694546,33.761782417919534,0.0,233.0,715.8653999999991,43.62144750000001,19.79304901188194,779.2798965118811,152.40000000000109,49.0,980.6798965118822,2628.2221226518445,0.0,31.0,0.0,42.0,63.0,7113.548299785951,0,3
fixed,event_heavy,7,12.0,674.0,3190.8143735658387,689.0709999999996,21.356245833333322,38.13333333333324,5.999999999999998,1.5,44.13333333333324,18.0,286.0,68.0,96910.13011367482,59.959415356536105,59.82106797140422,11.0,31.0,310.0819499999998,30.486037500000002,14.697514070079675,355.26550157007944,114.40000000000055,18.0,487.66550157008,1306.9435442078145,0.0,0.0,1.0,0.0,8.0,12.0,674.0,3190.8143735658387,689.0709999999996,21.356245833333322,38.13333333333324,5.999999999999998,1.5,44.13333333333324,18.0,286.0,68.0,96910.13011367482,59.959415356536105,59.82106797140422,11.0,31.0,310.0819499999998,30.486037500000002,14.697514070079675,355.26550157007944,114.40000000000055,18.0,487.66550157008,1306.9435442078145,0.0,0.0,1.0,0.0,8.0,8771.255802170426,0,3
smart,event_heavy,7,5.0,225.0,191.01918319629468,1231.5999999999992,34.948425,36.26666666666658,13.33333333333334,2.666666666666666,49.59999999999992,40.0,272.0,21.0,102136.23874736324,65.88471245256422,28.37117742982312,0.0,266.0,554.2199999999997,42.863535000000034,12.679367643157542,609.7629026431573,108.80000000000047,40.0,758.5629026431577,2032.9485790836627,0.0,24.0,0.0,34.0,81.0,5.0,225.0,191.01918319629468,1231.5999999999992,34.948425,36.26666666666658,13.33333333333334,2.666666666666666,49.59999999999992,40.0,272.0,21.0,102136.23874736324,65.88471245256422,28.37117742982312,0.0,251.0,554.2199999999997,42.863535000000034,12.679367643157542,609.7629026431573,108.80000000000047,40.0,758.5629026431577,2032.9485790836627,0.0,24.0,0.0,34.0,72.0,6544.942358851472,0,3
fixed,persistent_multi_day_surge,7,32.0,2736.0,18283.861216965415,642.9809999999997,20.153462499999996,35.19999999999992,5.999999999999998,1.5,41.19999999999992,18.0,264.0,34.0,105833.4015827952,70.24044954228064,65.32926023629334,33.0,30.0,289.3414499999998,31.88025000000001,15.13048279671606,336.35218279671585,105.60000000000042,18.0,459.9521827967163,1232.6718498951998,0.0,0.0,3.0,0.0,8.0,32.0,2736.0,18283.861216965415,642.9809999999997,20.153462499999996,35.19999999999992,5.999999999999998,1.5,41.19999999999992,18.0,264.0,34.0,105833.4015827952,70.24044954228064,65.32926023629334,33.0,30.0,289.3414499999998,31.88025000000001,15.13048279671606,336.35218279671585,105.60000000000042,18.0,459.9521827967163,1232.6718498951998,0.0,0.0,3.0,0.0,8.0,9282.005040814187,0,3
smart,persistent_multi_day_surge,7,6.0,84.0,119.16633713166014,1379.7479999999996,38.22528055555555,44.13333333333322,14.333333333333341,2.8333333333333326,58.46666666666656,43.0,331.0,22.0,125302.14053662374,67.5627425830431,32.377814092150835,0.0,263.0,620.8865999999991,31.885695000000005,16.25060870127153,669.0229037012707,132.4000000000008,43.0,844.4229037012715,2263.053381919408,0.0,26.0,0.0,29.0,83.0,6.0,84.0,119.16633713166014,1304.2279999999992,35.94838888888889,41.199999999999896,14.000000000000007,2.666666666666666,55.1999999999999,41.0,309.0,22.0,117177.41436460774,67.40485719554633,31.755396846777167,0.0,248.0,586.9025999999993,28.607962500000006,14.983252629466069,630.4938151294654,123.60000000000068,42.0,796.0938151294661,2133.531424546969,0.0,25.0,0.0,29.0,74.0,7977.960966819395,0,3
fixed,localized_surge,7,13.0,205.0,674.9746043827635,712.1159999999994,21.958599999999993,39.5999999999999,5.999999999999998,1.5,45.5999999999999,18.0,296.0,44.0,109176.82041481188,65.43512138185469,67.39309902148881,1.0,31.0,320.4521999999997,30.024675000000002,16.757313917717664,367.2341889177174,118.80000000000061,18.0,504.034188917718,1350.8116262994843,0.0,0.0,0.0,0.0,8.0,13.0,205.0,674.9746043827635,712.1159999999994,21.958599999999993,39.5999999999999,5.999999999999998,1.5,45.5999999999999,18.0,296.0,44.0,109176.82041481188,65.43512138185469,67.39309902148881,1.0,31.0,320.4521999999997,30.024675000000002,16.757313917717664,367.2341889177174,118.80000000000061,18.0,504.034188917718,1350.8116262994843,0.0,0.0,0.0,0.0,8.0,9282.005040814187,0,3
smart,localized_surge,7,5.0,97.0,90.40169657683174,1333.8099999999993,38.11978333333332,39.86666666666657,14.333333333333341,2.8333333333333326,54.19999999999991,43.0,299.0,29.0,112612.67356037295,66.53289356336028,29.098882056943914,0.0,253.0,600.2144999999998,47.12539499999997,14.523020786973845,661.8629157869736,119.60000000000062,43.0,824.4629157869742,2209.5606143090913,0.0,26.0,0.0,32.0,78.0,5.0,97.0,90.40169657683174,1258.289999999999,35.84289166666667,36.933333333333245,14.000000000000007,2.666666666666666,50.93333333333325,41.0,277.0,29.0,104487.94738835687,66.27497564578078,28.316516907413785,0.0,238.0,566.2304999999998,43.847662499999984,13.25566471516839,623.3338272151681,110.8000000000005,42.0,776.1338272151686,2080.038656936652,0.0,25.0,0.0,32.0,69.0,6430.724803059042,0,3
fixed,gradual_upward_trend,7,12.0,700.0,3642.3824300119745,689.0709999999996,21.356245833333322,38.13333333333324,5.999999999999998,1.5,44.13333333333324,18.0,286.0,31.0,105043.66251947769,65.37457726227336,64.84176698733191,11.0,31.0,310.0819499999998,30.486037500000002,15.92741892358266,356.49540642358244,114.40000000000055,18.0,488.895406423583,1310.2396892152024,0.0,0.0,1.0,0.0,8.0,12.0,700.0,3642.3824300119745,689.0709999999996,21.356245833333322,38.13333333333324,5.999999999999998,1.5,44.13333333333324,18.0,286.0,31.0,105043.66251947769,65.37457726227336,64.84176698733191,11.0,31.0,310.0819499999998,30.486037500000002,15.92741892358266,356.49540642358244,114.40000000000055,18.0,488.895406423583,1310.2396892152024,0.0,0.0,1.0,0.0,8.0,10150.829878457334,0,3
smart,gradual_upward_trend,7,3.0,44.0,47.81135909869555,1278.4149999999988,35.2533888888889,39.9999999999999,13.666666666666673,2.8333333333333326,53.66666666666657,41.0,300.0,31.0,111984.1029713762,66.19400891793823,30.347995385196803,0.0,244.0,575.2867499999991,28.77187500000001,14.315420345439886,618.374045345439,120.00000000000063,41.0,779.3740453454395,2088.722441525778,0.0,24.0,0.0,33.0,78.0,3.0,44.0,47.81135909869555,1202.8949999999988,32.97649722222223,37.06666666666658,13.33333333333334,2.666666666666666,50.39999999999992,39.0,278.0,31.0,103817.89625159833,65.88231996247727,29.577748219828585,0.0,229.0,541.3027499999989,25.49414250000001,13.041593382962226,579.8384858829611,111.2000000000005,40.0,731.0384858829616,1959.1831421663371,0.0,23.0,0.0,33.0,69.0,6804.960497472049,0,3
fixed,abrupt_behavior_change,7,30.0,3000.0,20182.047636216008,619.9459999999996,19.568619444444444,33.733333333333256,5.999999999999998,1.5,39.733333333333256,18.0,252.0,6.0,106759.57234758818,74.9279641753158,65.90097058493097,45.0,31.0,278.9756999999999,32.12856000000002,15.25779791359488,326.3620579135948,101.20000000000036,18.0,445.56205791359514,1194.106315208435,0.0,0.0,4.0,0.0,8.0,30.0,3000.0,20182.047636216008,619.9459999999996,19.568619444444444,33.733333333333256,5.999999999999998,1.5,39.733333333333256,18.0,252.0,6.0,106759.57234758818,74.9279641753158,65.90097058493097,45.0,31.0,278.9756999999999,32.12856000000002,15.25779791359488,326.3620579135948,101.20000000000036,18.0,445.56205791359514,1194.106315208435,0.0,0.0,4.0,0.0,8.0,14841.019727105726,0,3
smart,abrupt_behavior_change,7,7.0,220.0,296.6345037572402,1445.4229999999986,42.75473055555553,46.66666666666654,15.333333333333343,2.8333333333333326,61.999999999999886,46.0,350.0,23.0,137262.54454648457,68.78200745310714,33.1552039967354,0.0,260.0,650.4403499999999,60.2365275,18.516399014570517,729.1932765145704,140.0000000000009,46.0,915.1932765145713,2452.717981059051,0.0,28.0,0.0,30.0,79.0,7.0,220.0,296.6345037572402,1369.902999999998,40.477838888888876,43.73333333333322,15.000000000000009,2.666666666666666,58.73333333333323,44.0,328.0,23.0,129137.81837446844,68.71504782629283,32.61056019557284,0.0,245.0,616.4563499999998,56.95879500000003,17.249042942765065,690.6641879427649,131.20000000000078,45.0,866.8641879427657,2323.1960236866125,0.0,27.0,0.0,30.0,70.0,4223.460660668075,0,3
fixed,traffic_disruption,7,0.0,0.0,0.0,712.1159999999994,29.104261875000034,39.5999999999999,5.999999999999998,1.5,45.5999999999999,18.0,297.0,51.0,104292.04704889329,62.58961472530302,64.3778068203045,0.0,31.0,320.4521999999997,147.874440375,21.781565469773575,490.1082058447733,118.80000000000061,18.0,626.9082058447739,1680.113991663994,0.0,0.0,0.0,0.0,8.0,0.0,0.0,0.0,712.1159999999994,29.104261875000034,39.5999999999999,5.999999999999998,1.5,45.5999999999999,18.0,297.0,51.0,104292.04704889329,62.58961472530302,64.3778068203045,0.0,31.0,320.4521999999997,147.874440375,21.781565469773575,490.1082058447733,118.80000000000061,18.0,626.9082058447739,1680.113991663994,0.0,0.0,0.0,0.0,8.0,9227.998926138192,0,3
smart,traffic_disruption,7,6.0,322.0,278.50916792649883,1203.7009999999996,47.87281500000001,37.466666666666576,13.000000000000005,2.4999999999999996,50.46666666666658,39.0,281.0,24.0,106886.89456098196,66.75654076273426,30.452106712530476,0.0,252.0,541.6654499999999,258.4912680000001,19.233327828303093,819.3900458283031,112.40000000000052,39.0,970.7900458283036,2601.717322819854,0.0,24.0,0.0,30.0,80.0,6.0,322.0,278.50916792649883,1139.3089999999997,45.15477375,34.79999999999992,12.666666666666671,2.333333333333333,47.46666666666659,37.0,261.0,24.0,99505.34373987043,66.53469675801963,29.881484606567696,0.0,237.0,512.6890499999997,244.2090813750001,17.99641272722266,774.8945441022224,104.4000000000004,38.0,917.2945441022229,2458.3493781939574,0.0,23.0,0.0,30.0,71.0,6354.642246123109,0,3
fixed,sensor_failure,7,22.0,1346.0,7192.931806148175,666.0259999999996,20.753891666666657,36.66666666666658,5.999999999999998,1.5,42.66666666666658,18.0,275.0,54.0,97045.10912806915,62.719481937679625,59.90438835065997,22.0,143.0,299.71169999999984,30.947400000000002,14.325515418623297,344.98461541862315,110.00000000000048,18.0,472.98461541862366,1267.5987693219115,0.0,0.0,2.0,0.0,9.0,22.0,1346.0,7192.931806148175,666.0259999999996,20.753891666666657,36.66666666666658,5.999999999999998,1.5,42.66666666666658,18.0,275.0,54.0,97045.10912806915,62.719481937679625,59.90438835065997,22.0,143.0,299.71169999999984,30.947400000000002,14.325515418623297,344.98461541862315,110.00000000000048,18.0,472.98461541862366,1267.5987693219115,0.0,0.0,2.0,0.0,9.0,9282.005040814187,0,3
smart,sensor_failure,7,28.0,1007.0,2584.7779747738573,1522.0729999999996,38.37689305555553,32.66666666666659,18.333333333333336,3.666666666666665,50.99999999999993,55.0,245.0,24.0,100805.72707018882,71.59835382973074,20.364793347512894,0.0,789.0,684.9328499999996,14.571630000000006,11.428336184544927,710.9328161845445,98.00000000000031,55.0,863.9328161845449,2315.3399473745803,0.0,33.0,0.0,70.0,50.0,28.0,1007.0,2584.7779747738573,1457.152,36.46067638888889,30.79999999999993,17.66666666666667,3.4999999999999987,48.4666666666666,53.0,231.0,24.0,95799.92546651314,71.56004384422758,20.083841816879065,0.0,623.0,655.7183999999997,10.523925000000006,10.797225248632303,677.039550248632,92.40000000000023,53.0,822.4395502486323,2204.1379946663346,0.0,32.0,0.0,70.0,38.0,10129.540930068864,0,3
fixed,reduced_truck_capacity,7,11.0,6861.0,34842.50727840228,504.71099999999984,16.54254583333334,26.399999999999945,5.999999999999998,1.5,32.39999999999994,18.0,198.0,48.0,66596.1644067923,58.6380647270946,63.24422070920447,99.0,31.0,227.11995,35.434237500000016,12.15161951007307,274.7058070100731,79.20000000000005,18.0,371.90580701007315,996.707562786996,0.0,0.0,9.0,0.0,8.0,11.0,6861.0,34842.50727840228,504.71099999999984,16.54254583333334,26.399999999999945,5.999999999999998,1.5,32.39999999999994,18.0,198.0,48.0,66596.1644067923,58.6380647270946,63.24422070920447,99.0,31.0,227.11995,35.434237500000016,12.15161951007307,274.7058070100731,79.20000000000005,18.0,371.90580701007315,996.707562786996,0.0,0.0,9.0,0.0,8.0,12081.37428983688,0,3
smart,reduced_truck_capacity,7,4.0,40.0,33.32781587597749,1187.5019999999986,33.685618055555544,37.466666666666576,12.666666666666671,2.333333333333333,50.13333333333325,38.0,281.0,20.0,105236.92469515746,66.92925237318245,47.34004709633714,0.0,261.0,534.3758999999998,37.35670499999999,21.22501335470696,592.9576183547067,112.40000000000052,38.0,743.3576183547073,1992.1984171906156,0.0,24.0,0.0,22.0,88.0,4.0,40.0,33.32781587597749,1111.981999999999,31.40872638888889,34.53333333333325,12.333333333333337,2.1666666666666665,46.86666666666659,36.0,259.0,20.0,97112.19852314139,66.68707720193365,46.11215504422668,0.0,246.0,500.3918999999997,34.07897250000001,19.27523478269857,553.7461072826983,103.60000000000039,37.0,694.3461072826987,1860.8475675176326,0.0,23.0,0.0,22.0,79.0,8249.79346399815,0,3
fixed,combined_demand_operational_stress,7,88.0,8845.0,75755.01065486636,530.6949999999998,23.25877875000001,25.466666666666615,5.999999999999998,1.5,31.46666666666661,18.0,189.0,0.0,95794.2961194832,88.49148388111895,90.97274085421007,108.0,142.0,238.8127499999999,132.11994600000003,25.25413715240698,396.18683315240696,76.4,18.0,490.58683315240694,1314.7727128484507,0.0,0.0,9.0,0.0,9.0,78.0,8807.0,75600.08997636565,530.6949999999998,23.25877875000001,25.466666666666615,5.999999999999998,1.5,31.46666666666661,18.0,189.0,0.0,95794.2961194832,88.49148388111895,90.97274085421007,108.0,142.0,238.8127499999999,132.11994600000003,25.25413715240698,396.18683315240696,76.4,18.0,490.58683315240694,1314.7727128484507,0.0,0.0,9.0,0.0,9.0,17248.577944103214,0,3
smart,combined_demand_operational_stress,7,117.0,3162.0,21876.892290157237,1662.9109999999996,56.77611000000004,43.86666666666655,18.666666666666668,4.166666666666665,62.53333333333322,56.0,329.0,11.0,153365.91217608802,79.91445144392624,46.81499150674237,0.0,623.0,748.3099499999994,275.85082012500027,36.004844698434795,1060.1656148234342,131.6000000000008,56.0,1247.765614823435,3344.011847726806,0.0,31.0,0.0,80.0,40.0,111.0,3141.0,21809.594812574185,1597.5129999999995,54.509160000000044,41.86666666666656,18.000000000000004,3.9999999999999982,59.86666666666656,54.0,314.0,10.0,148480.5005306458,80.60846504562315,47.00237433701988,0.0,504.0,718.8808499999992,265.5506351250002,34.85197013695016,1019.2834552619496,125.6000000000007,54.0,1198.8834552619503,3213.007660102027,0.0,30.0,0.0,77.0,31.0,13555.080252207486,0,3
fixed,normal_patterned,8,0.0,0.0,0.0,712.1159999999994,21.958599999999993,39.5999999999999,5.999999999999998,1.5,45.5999999999999,18.0,297.0,38.0,106880.57537569165,64.34281081153699,65.97566381215535,0.0,23.0,320.4521999999997,30.024675000000002,16.67296433789752,367.1498393378972,118.80000000000061,18.0,503.94983933789786,1350.5855694255663,0.0,0.0,0.0,0.0,9.0,0.0,0.0,0.0,712.1159999999994,21.958599999999993,39.5999999999999,5.999999999999998,1.5,45.5999999999999,18.0,297.0,38.0,106880.57537569165,64.34281081153699,65.97566381215535,0.0,23.0,320.4521999999997,30.024675000000002,16.67296433789752,367.1498393378972,118.80000000000061,18.0,503.94983933789786,1350.5855694255663,0.0,0.0,0.0,0.0,9.0,9029.663382354016,0,3
smart,normal_patterned,8,2.0,35.0,30.632512242877908,1182.4829999999986,34.9716375,39.46666666666657,12.666666666666671,2.333333333333333,52.13333333333324,38.0,296.0,25.0,109116.83968068028,66.32557898053884,31.905508678561485,0.0,245.0,532.1173499999994,45.98903250000001,14.484097581037396,592.5904800810368,118.4000000000006,38.0,748.9904800810375,2007.2944866171806,0.0,24.0,0.0,24.0,87.0,2.0,35.0,30.632512242877908,1182.4829999999986,34.9716375,39.46666666666657,12.666666666666671,2.333333333333333,52.13333333333324,38.0,296.0,25.0,109116.83968068028,66.32557898053884,31.905508678561485,0.0,233.0,532.1173499999994,45.98903250000001,14.484097581037396,592.5904800810368,118.4000000000006,38.0,748.9904800810375,2007.2944866171806,0.0,24.0,0.0,24.0,80.0,6762.766565122526,0,3
fixed,high_demand_seasonal,8,48.0,7477.0,57538.53482376358,504.72099999999983,16.560056944444455,26.399999999999945,5.999999999999998,1.5,32.39999999999994,18.0,197.0,0.0,97237.08376305025,85.60922116984177,60.022891211759415,100.0,23.0,227.12445,35.22118500000001,11.741332990961547,274.08696799096157,79.20000000000005,18.0,371.2869679909616,995.0490742157772,0.0,0.0,9.0,0.0,9.0,40.0,7445.0,57350.7961752923,504.72099999999983,16.560056944444455,26.399999999999945,5.999999999999998,1.5,32.39999999999994,18.0,197.0,0.0,97237.08376305025,85.60922116984177,60.022891211759415,100.0,23.0,227.12445,35.22118500000001,11.741332990961547,274.08696799096157,79.20000000000005,18.0,371.2869679909616,995.0490742157772,0.0,0.0,9.0,0.0,9.0,14697.820157881726,0,3
smart,high_demand_seasonal,8,12.0,117.0,545.6295893290848,1706.4050000000002,46.92511527777767,56.26666666666651,17.33333333333334,3.1666666666666656,73.59999999999985,52.0,422.0,42.0,160051.25705142884,67.8297828964244,34.19898654945061,0.0,167.0,767.8822499999991,35.79144750000001,21.566360825556583,825.2400583255557,168.80000000000132,52.0,1046.0400583255569,2803.3873563124926,0.0,33.0,0.0,52.0,60.0,12.0,117.0,545.6295893290848,1627.185,44.448834722222124,51.866666666666525,16.666666666666675,2.999999999999999,68.5333333333332,50.0,389.0,42.0,145952.45725157566,67.10901468352432,32.43387938923904,0.0,157.0,732.2332499999993,32.10070500000001,19.3287109361976,783.662665936197,155.60000000000113,50.0,989.2626659361981,2651.223944709011,0.0,32.0,0.0,51.0,54.0,8876.552103937634,0,3
fixed,event_heavy,8,1.0,1.0,1.2634318749277327,712.1159999999994,21.958599999999993,39.5999999999999,5.999999999999998,1.5,45.5999999999999,18.0,297.0,49.0,102702.40462555655,61.4912482368136,63.39654606515836,0.0,23.0,320.4521999999997,30.024675000000002,16.032702751663496,366.50957775166324,118.80000000000061,18.0,503.3095777516638,1348.869668374459,0.0,0.0,0.0,0.0,9.0,1.0,1.0,1.2634318749277327,712.1159999999994,21.958599999999993,39.5999999999999,5.999999999999998,1.5,45.5999999999999,18.0,297.0,49.0,102702.40462555655,61.4912482368136,63.39654606515836,0.0,23.0,320.4521999999997,30.024675000000002,16.032702751663496,366.50957775166324,118.80000000000061,18.0,503.3095777516638,1348.869668374459,0.0,0.0,0.0,0.0,9.0,8496.50707186184,0,3
smart,event_heavy,8,3.0,65.0,93.49602023689441,1231.918999999999,34.20869166666666,37.99999999999991,13.000000000000005,2.1666666666666665,50.999999999999915,39.0,285.0,31.0,106107.3567420495,65.86078364675252,30.230016165826065,0.0,223.0,554.3635499999997,29.586375000000025,13.944966878013435,597.8948918780131,114.00000000000054,39.0,750.8948918780137,2012.398310233077,0.0,26.0,0.0,29.0,81.0,3.0,65.0,93.49602023689441,1231.918999999999,34.20869166666666,37.99999999999991,13.000000000000005,2.1666666666666665,50.999999999999915,39.0,285.0,31.0,106107.3567420495,65.86078364675252,30.230016165826065,0.0,211.0,554.3635499999997,29.586375000000025,13.944966878013435,597.8948918780131,114.00000000000054,39.0,750.8948918780137,2012.398310233077,0.0,26.0,0.0,29.0,74.0,4999.322367006917,0,3
fixed,persistent_multi_day_surge,8,23.0,2490.0,18022.16033166882,642.9809999999998,20.152820833333326,35.19999999999992,5.999999999999998,1.5,41.19999999999992,18.0,264.0,18.0,108111.9694034129,72.35883313455427,66.73578358235365,33.0,23.0,289.3414499999998,31.723087500000013,15.649121304483682,336.7136588044835,105.60000000000042,18.0,460.3136588044839,1233.640605596017,0.0,0.0,3.0,0.0,9.0,23.0,2490.0,18022.16033166882,642.9809999999998,20.152820833333326,35.19999999999992,5.999999999999998,1.5,41.19999999999992,18.0,264.0,18.0,108111.9694034129,72.35883313455427,66.73578358235365,33.0,23.0,289.3414499999998,31.723087500000013,15.649121304483682,336.7136588044835,105.60000000000042,18.0,460.3136588044839,1233.640605596017,0.0,0.0,3.0,0.0,9.0,9029.663382354016,0,3
smart,persistent_multi_day_surge,8,6.0,146.0,222.13403665009588,1375.838999999999,36.98810972222219,45.73333333333321,14.333333333333341,2.999999999999999,60.066666666666556,43.0,343.0,29.0,127893.19903349626,66.48169889490171,33.04733825154943,0.0,193.0,619.1275499999994,18.007267500000005,16.817199311333507,653.9520168113329,137.20000000000087,43.0,834.1520168113337,2235.5274050543744,0.0,25.0,0.0,42.0,70.0,6.0,146.0,222.13403665009588,1375.838999999999,36.98810972222219,45.73333333333321,14.333333333333341,2.999999999999999,60.066666666666556,43.0,343.0,29.0,127893.19903349626,66.48169889490171,33.04733825154943,0.0,181.0,619.1275499999994,18.007267500000005,16.817199311333507,653.9520168113329,137.20000000000087,43.0,834.1520168113337,2235.5274050543744,0.0,25.0,0.0,42.0,63.0,7048.460047289373,0,3
fixed,localized_surge,8,20.0,833.0,4954.195827034016,689.0709999999995,21.356245833333325,38.13333333333324,5.999999999999998,1.5,44.13333333333324,18.0,286.0,32.0,108019.7839695124,67.20188667937992,66.67887899352617,11.0,23.0,310.0819499999998,30.48603750000001,16.294824704282178,356.86281220428197,114.40000000000055,18.0,489.2628122042825,1311.2243367074773,0.0,0.0,1.0,0.0,9.0,20.0,833.0,4954.195827034016,689.0709999999995,21.356245833333325,38.13333333333324,5.999999999999998,1.5,44.13333333333324,18.0,286.0,32.0,108019.7839695124,67.20188667937992,66.67887899352617,11.0,23.0,310.0819499999998,30.48603750000001,16.294824704282178,356.86281220428197,114.40000000000055,18.0,489.2628122042825,1311.2243367074773,0.0,0.0,1.0,0.0,9.0,9029.663382354016,0,3
smart,localized_surge,8,2.0,40.0,48.895977381423876,1357.8779999999992,36.90561805555554,42.39999999999989,14.666666666666675,2.8333333333333326,57.06666666666656,44.0,318.0,32.0,114847.44606983355,64.80742032556985,29.001880320665038,0.0,186.0,611.0450999999996,27.545242500000015,14.15027563302544,652.740618133025,127.20000000000073,44.0,823.9406181330257,2208.160856596509,0.0,27.0,0.0,40.0,72.0,2.0,40.0,48.895977381423876,1357.8779999999992,36.90561805555554,42.39999999999989,14.666666666666675,2.8333333333333326,57.06666666666656,44.0,318.0,32.0,114847.44606983355,64.80742032556985,29.001880320665038,0.0,174.0,611.0450999999996,27.545242500000015,14.15027563302544,652.740618133025,127.20000000000073,44.0,823.9406181330257,2208.160856596509,0.0,27.0,0.0,40.0,65.0,7107.301131685556,0,3
fixed,gradual_upward_trend,8,1.0,2.0,8.926414852910398,712.1159999999994,21.958599999999993,39.5999999999999,5.999999999999998,1.5,45.5999999999999,18.0,297.0,25.0,111621.90361757492,67.18754326453937,68.90240964047835,0.0,23.0,320.4521999999997,30.024675000000002,17.41240273422635,367.8892777342261,118.80000000000061,18.0,504.6892777342267,1352.5672643277278,0.0,0.0,0.0,0.0,9.0,1.0,2.0,8.926414852910398,712.1159999999994,21.958599999999993,39.5999999999999,5.999999999999998,1.5,45.5999999999999,18.0,297.0,25.0,111621.90361757492,67.18754326453937,68.90240964047835,0.0,23.0,320.4521999999997,30.024675000000002,17.41240273422635,367.8892777342261,118.80000000000061,18.0,504.6892777342267,1352.5672643277278,0.0,0.0,0.0,0.0,9.0,9874.364887917789,0,3
smart,gradual_upward_trend,8,2.0,40.0,38.701354684858075,1245.0219999999997,36.54463194444441,41.06666666666656,13.000000000000005,1.8333333333333335,54.06666666666657,39.0,308.0,33.0,114344.46930685434,66.50845254273942,32.576771882294686,0.0,233.0,560.2598999999994,44.27376750000001,15.708822180369367,620.2424896803687,123.20000000000067,39.0,782.4424896803694,2096.94587234339,0.0,28.0,0.0,24.0,85.0,2.0,40.0,38.701354684858075,1245.0219999999997,36.54463194444441,41.06666666666656,13.000000000000005,1.8333333333333335,54.06666666666657,39.0,308.0,33.0,114344.46930685434,66.50845254273942,32.576771882294686,0.0,221.0,560.2598999999994,44.27376750000001,15.708822180369367,620.2424896803687,123.20000000000067,39.0,782.4424896803694,2096.94587234339,0.0,28.0,0.0,24.0,78.0,7122.024258806466,0,3
fixed,abrupt_behavior_change,8,31.0,4127.0,31203.983654902702,596.8909999999997,18.94939583333334,32.266666666666595,5.999999999999998,1.5,38.266666666666595,18.0,242.0,20.0,102058.92044137501,73.81783040974713,62.99933360578705,55.0,23.0,268.6009499999999,32.960137500000016,13.806505162678818,315.36759266267876,96.8000000000003,18.0,430.16759266267906,1152.8491483359799,0.0,0.0,5.0,0.0,9.0,31.0,4127.0,31203.983654902702,596.8909999999997,18.94939583333334,32.266666666666595,5.999999999999998,1.5,38.266666666666595,18.0,242.0,20.0,102058.92044137501,73.81783040974713,62.99933360578705,55.0,23.0,268.6009499999999,32.960137500000016,13.806505162678818,315.36759266267876,96.8000000000003,18.0,430.16759266267906,1152.8491483359799,0.0,0.0,5.0,0.0,9.0,14340.472248337097,0,3
smart,abrupt_behavior_change,8,7.0,71.0,156.51150084702246,1515.6569999999983,40.91318194444444,49.19999999999987,15.666666666666677,3.8333333333333317,64.86666666666655,47.0,369.0,34.0,139254.1995528321,66.950698679208,32.92061455149695,0.0,135.0,682.0456499999996,27.245295,18.085720461024298,727.3766654610238,147.60000000000102,47.0,921.9766654610248,2470.897463435547,0.0,24.0,0.0,62.0,50.0,7.0,71.0,156.51150084702246,1515.6569999999983,40.91318194444444,49.19999999999987,15.666666666666677,3.8333333333333317,64.86666666666655,47.0,369.0,34.0,139254.1995528321,66.950698679208,32.92061455149695,0.0,123.0,682.0456499999996,27.245295,18.085720461024298,727.3766654610238,147.60000000000102,47.0,921.9766654610248,2470.897463435547,0.0,24.0,0.0,62.0,43.0,8192.665290935618,0,3
fixed,traffic_disruption,8,0.0,0.0,0.0,712.1159999999994,29.104261875000034,39.5999999999999,5.999999999999998,1.5,45.5999999999999,18.0,297.0,39.0,106979.30563144971,64.38923429446288,66.03660841447513,0.0,23.0,320.4521999999997,147.874440375,22.430449473459745,490.7570898484595,118.80000000000061,18.0,627.5570898484601,1681.8530007938732,0.0,0.0,0.0,0.0,9.0,0.0,0.0,0.0,712.1159999999994,29.104261875000034,39.5999999999999,5.999999999999998,1.5,45.5999999999999,18.0,297.0,39.0,106979.30563144971,64.38923429446288,66.03660841447513,0.0,23.0,320.4521999999997,147.874440375,22.430449473459745,490.7570898484595,118.80000000000061,18.0,627.5570898484601,1681.8530007938732,0.0,0.0,0.0,0.0,9.0,8930.933126595954,0,3
smart,traffic_disruption,8,3.0,84.0,90.9549805612518,1121.2339999999992,43.779695624999995,37.33333333333324,12.000000000000004,2.0,49.33333333333324,36.0,280.0,20.0,105189.53010535719,67.1246557250455,32.46590435350531,0.0,242.0,504.5552999999994,233.18732362500015,19.305637063717125,757.0482606887167,112.00000000000051,36.0,905.0482606887172,2425.529338645762,0.0,24.0,0.0,22.0,90.0,3.0,84.0,90.9549805612518,1121.2339999999992,43.779695624999995,37.33333333333324,12.000000000000004,2.0,49.33333333333324,36.0,280.0,20.0,105189.53010535719,67.1246557250455,32.46590435350531,0.0,230.0,504.5552999999994,233.18732362500015,19.305637063717125,757.0482606887167,112.00000000000051,36.0,905.0482606887172,2425.529338645762,0.0,24.0,0.0,22.0,83.0,10629.753672127274,0,3
fixed,sensor_failure,8,0.0,0.0,0.0,712.1159999999994,21.958599999999993,39.5999999999999,5.999999999999998,1.5,45.5999999999999,18.0,297.0,38.0,106880.57537569165,64.34281081153699,65.97566381215535,0.0,139.0,320.4521999999997,30.024675000000002,16.67296433789752,367.1498393378972,118.80000000000061,18.0,503.94983933789786,1350.5855694255663,0.0,0.0,0.0,0.0,9.0,0.0,0.0,0.0,712.1159999999994,21.958599999999993,39.5999999999999,5.999999999999998,1.5,45.5999999999999,18.0,297.0,38.0,106880.57537569165,64.34281081153699,65.97566381215535,0.0,139.0,320.4521999999997,30.024675000000002,16.67296433789752,367.1498393378972,118.80000000000061,18.0,503.94983933789786,1350.5855694255663,0.0,0.0,0.0,0.0,9.0,9029.663382354016,0,3
smart,sensor_failure,8,23.0,485.0,1272.4186166657275,1507.0179999999993,39.00136666666665,35.33333333333325,17.66666666666667,3.333333333333332,52.99999999999992,53.0,265.0,26.0,106740.66008771637,70.92853046208842,22.37749687373509,0.0,827.0,678.1580999999999,20.512260000000012,12.557476864159831,711.2278368641597,106.00000000000043,53.0,870.2278368641602,2332.2106027959494,0.0,33.0,0.0,64.0,56.0,23.0,485.0,1272.4186166657275,1507.0179999999993,39.00136666666665,35.33333333333325,17.66666666666667,3.333333333333332,52.99999999999992,53.0,265.0,26.0,106740.66008771637,70.92853046208842,22.37749687373509,0.0,663.0,678.1580999999999,20.512260000000012,12.557476864159831,711.2278368641597,106.00000000000043,53.0,870.2278368641602,2332.2106027959494,0.0,33.0,0.0,64.0,44.0,7897.160053663635,0,3
fixed,reduced_truck_capacity,8,11.0,6815.0,36689.52595271242,504.71099999999996,16.541904166666672,26.399999999999945,5.999999999999998,1.5,32.39999999999994,18.0,198.0,36.0,67452.18347252237,59.62133574116794,64.05715429489304,99.0,23.0,227.11995,35.27707500000001,12.303423907296235,274.7004489072962,79.20000000000005,18.0,371.90044890729627,996.6932030715541,0.0,0.0,9.0,0.0,9.0,11.0,6815.0,36689.52595271242,504.71099999999996,16.541904166666672,26.399999999999945,5.999999999999998,1.5,32.39999999999994,18.0,198.0,36.0,67452.18347252237,59.62133574116794,64.05715429489304,99.0,23.0,227.11995,35.27707500000001,12.303423907296235,274.7004489072962,79.20000000000005,18.0,371.90044890729627,996.6932030715541,0.0,0.0,9.0,0.0,9.0,11768.52933281093,0,3
smart,reduced_truck_capacity,8,7.0,112.0,186.97731596799332,1252.5459999999991,33.88513194444444,38.93333333333324,13.33333333333334,2.333333333333333,52.26666666666658,40.0,292.0,34.0,107526.5603756119,65.30417382626673,45.95152152803927,0.0,236.0,563.6456999999992,26.0508375,21.185091694073666,610.881629194073,116.80000000000058,40.0,767.6816291940736,2057.386766240117,0.0,26.0,0.0,29.0,84.0,7.0,112.0,186.97731596799332,1252.5459999999991,33.88513194444444,38.93333333333324,13.33333333333334,2.333333333333333,52.26666666666658,40.0,292.0,34.0,107526.5603756119,65.30417382626673,45.95152152803927,0.0,224.0,563.6456999999992,26.0508375,21.185091694073666,610.881629194073,116.80000000000058,40.0,767.6816291940736,2057.386766240117,0.0,26.0,0.0,29.0,77.0,8196.701066465863,0,3
fixed,combined_demand_operational_stress,8,94.0,8704.0,79495.58711699929,519.0099999999999,22.955529375000005,25.333333333333282,5.999999999999998,1.5,31.33333333333328,18.0,189.0,0.0,96635.8844298378,90.46764709115033,91.77197001883931,108.0,139.0,233.55449999999996,128.72116912500002,24.262864294847244,386.5385334198472,76.0,18.0,480.5385334198472,1287.8432695651907,0.0,0.0,9.0,0.0,9.0,88.0,8669.0,79355.85015403951,519.0099999999999,22.955529375000005,25.333333333333282,5.999999999999998,1.5,31.33333333333328,18.0,189.0,0.0,96635.8844298378,90.46764709115033,91.77197001883931,108.0,139.0,233.55449999999996,128.72116912500002,24.262864294847244,386.5385334198472,76.0,18.0,480.5385334198472,1287.8432695651907,0.0,0.0,9.0,0.0,9.0,16546.915247161745,0,3
smart,combined_demand_operational_stress,8,104.0,2801.0,25432.84458633149,1657.5509999999995,56.097524999999976,46.39999999999988,18.666666666666668,4.499999999999999,65.06666666666655,56.0,348.0,19.0,155770.6223961033,79.66593233944002,47.54903003544057,0.0,586.0,745.8979499999992,261.06428250000044,37.40767414422534,1044.369906644225,139.2000000000009,56.0,1239.569906644226,3322.0473498065257,0.0,29.0,0.0,80.0,40.0,101.0,2796.0,25416.709172538915,1588.4829999999995,53.86601249999999,44.53333333333322,18.000000000000004,4.333333333333332,62.53333333333322,54.0,334.0,19.0,150411.17691921646,80.0911031365496,47.613541284968804,0.0,461.0,714.8173499999994,250.18607250000034,35.93380215653613,1000.9372246565358,133.60000000000082,54.0,1188.5372246565366,3185.279762079518,0.0,28.0,0.0,77.0,31.0,11474.91981156408,0,3
fixed,normal_patterned,9,14.0,809.0,4087.0284331253533,689.0809999999996,21.3743986111111,38.13333333333324,5.999999999999998,1.5,44.13333333333324,18.0,285.0,40.0,102834.3930006419,64.93888264946969,63.4780203707666,12.0,26.0,310.0864499999998,30.430147500000004,15.855369809461333,356.37196730946107,114.40000000000055,18.0,488.7719673094616,1309.9088723893572,0.0,0.0,1.0,0.0,9.0,12.0,802.0,4059.113886198602,689.0809999999996,21.3743986111111,38.13333333333324,5.999999999999998,1.5,44.13333333333324,18.0,285.0,40.0,102834.3930006419,64.93888264946969,63.4780203707666,12.0,26.0,310.0864499999998,30.430147500000004,15.855369809461333,356.37196730946107,114.40000000000055,18.0,488.7719673094616,1309.9088723893572,0.0,0.0,1.0,0.0,9.0,11886.799152836302,0,3
smart,normal_patterned,9,0.0,0.0,0.0,1195.537999999999,34.70859999999997,40.266666666666566,12.000000000000004,1.8333333333333335,52.266666666666566,36.0,302.0,22.0,111294.72141389284,66.05532214336229,34.3502226586089,0.0,238.0,537.9920999999996,43.88667750000002,15.218744901774176,597.0975224017737,120.80000000000064,36.0,753.8975224017744,2020.4453600367556,0.0,25.0,0.0,18.0,89.0,0.0,0.0,0.0,1117.6399999999992,32.400108333333314,36.79999999999991,11.333333333333336,1.6666666666666667,48.13333333333325,34.0,276.0,22.0,102975.40873638223,65.83811187479279,33.652094358294846,0.0,227.0,502.93799999999953,41.517787500000026,13.910579976459111,558.3663674764587,110.40000000000049,34.0,702.7663674764592,1883.4138648369108,0.0,24.0,0.0,17.0,82.0,7513.499172710654,0,3
fixed,high_demand_seasonal,9,71.0,7820.0,57503.346764305126,504.71099999999984,16.541904166666672,26.399999999999945,5.999999999999998,1.5,32.39999999999994,18.0,198.0,0.0,99108.50697415417,86.2429048640367,61.17809072478652,99.0,26.0,227.11995,35.27707500000002,11.74654421208883,274.14356921208883,79.20000000000005,18.0,371.3435692120889,995.2007654883982,0.0,0.0,9.0,0.0,9.0,51.0,7672.0,56355.93845309444,504.71099999999984,16.541904166666672,26.399999999999945,5.999999999999998,1.5,32.39999999999994,18.0,198.0,0.0,99108.50697415417,86.2429048640367,61.17809072478652,99.0,26.0,227.11995,35.27707500000002,11.74654421208883,274.14356921208883,79.20000000000005,18.0,371.3435692120889,995.2007654883982,0.0,0.0,9.0,0.0,9.0,17315.142974856168,0,3
smart,high_demand_seasonal,9,10.0,105.0,204.4678949953701,1715.9879999999987,48.22754305555539,58.2666666666665,17.66666666666667,3.333333333333332,75.93333333333317,53.0,437.0,39.0,165024.11929231964,67.59741887537199,34.59625142396638,0.0,197.0,772.1945999999992,45.13520249999999,22.676119024621382,840.0059215246206,174.8000000000014,53.0,1067.8059215246221,2861.7198696859873,0.0,33.0,0.0,38.0,71.0,10.0,105.0,204.4678949953701,1636.177999999999,46.05404861111098,54.133333333333184,17.000000000000007,3.1666666666666656,71.13333333333318,51.0,406.0,39.0,153632.44671480462,67.41156221676927,33.47112128862846,0.0,188.0,736.2800999999993,44.53503749999999,20.903707746312566,801.7188452463118,162.40000000000123,51.0,1015.1188452463131,2720.518505260119,0.0,32.0,0.0,35.0,65.0,8698.409526000494,0,3
fixed,event_heavy,9,13.0,645.0,2971.570957346243,689.0709999999996,21.356245833333322,38.13333333333324,5.999999999999998,1.5,44.13333333333324,18.0,286.0,55.0,99669.27507135147,62.381770395891735,61.52424387120461,11.0,26.0,310.0819499999998,30.486037500000002,15.194040223397034,355.76202772339684,114.40000000000055,18.0,488.1620277233974,1308.274234298705,0.0,0.0,1.0,0.0,9.0,12.0,644.0,2970.7011698031106,689.0709999999996,21.356245833333322,38.13333333333324,5.999999999999998,1.5,44.13333333333324,18.0,286.0,55.0,99669.27507135147,62.381770395891735,61.52424387120461,11.0,26.0,310.0819499999998,30.486037500000002,15.194040223397034,355.76202772339684,114.40000000000055,18.0,488.1620277233974,1308.274234298705,0.0,0.0,1.0,0.0,9.0,11220.63727054312,0,3
smart,event_heavy,9,4.0,28.0,47.87095899816306,1207.4449999999988,34.09914305555556,38.53333333333324,13.000000000000005,2.1666666666666665,51.533333333333246,39.0,289.0,15.0,107623.60269502221,66.49867316558978,30.661995069806895,0.0,226.0,543.3502499999997,34.369132500000006,13.817126767041557,591.5365092670413,115.60000000000056,39.0,746.1365092670419,1999.6458448356725,0.0,25.0,0.0,26.0,83.0,4.0,28.0,47.87095899816306,1142.3969999999988,32.117368055555566,35.066666666666585,12.666666666666671,2.0,47.733333333333256,37.0,263.0,15.0,97459.0175107153,66.16675358210357,29.266972225440036,0.0,214.0,514.0786499999998,31.663732500000016,12.663077486015297,558.4054599860151,105.20000000000041,38.0,701.6054599860155,1880.3026327625216,0.0,24.0,0.0,26.0,75.0,6190.0096452203925,0,3
fixed,persistent_multi_day_surge,9,52.0,3473.0,22981.707534758443,619.9459999999997,19.569261111111107,33.733333333333256,5.999999999999998,1.5,39.733333333333256,18.0,252.0,30.0,104005.34059180459,72.97732502350839,64.20082752580531,45.0,26.0,278.97569999999985,32.28572250000002,14.70598833918918,325.96741083918903,101.20000000000036,18.0,445.1674108391894,1193.0486610490277,0.0,0.0,4.0,0.0,9.0,50.0,3466.0,22953.79298783169,619.9459999999997,19.569261111111107,33.733333333333256,5.999999999999998,1.5,39.733333333333256,18.0,252.0,30.0,104005.34059180459,72.97732502350839,64.20082752580531,45.0,26.0,278.97569999999985,32.28572250000002,14.70598833918918,325.96741083918903,101.20000000000036,18.0,445.1674108391894,1193.0486610490277,0.0,0.0,4.0,0.0,9.0,11886.799152836302,0,3
smart,persistent_multi_day_surge,9,8.0,56.0,235.3295573758579,1410.3379999999995,37.713058333333336,47.33333333333321,14.333333333333341,3.1666666666666656,61.66666666666655,43.0,355.0,30.0,132636.70441397864,66.99093983699856,34.27305023617019,0.0,163.0,634.6520999999991,14.505255,17.115294209086066,666.2726492090852,142.00000000000094,43.0,851.2726492090861,2281.410699880351,0.0,24.0,0.0,47.0,61.0,8.0,56.0,235.3295573758579,1332.4399999999996,35.404566666666675,43.86666666666655,13.666666666666673,2.999999999999999,57.533333333333225,41.0,329.0,30.0,124317.39173646804,66.88266028049203,33.69035006408348,0.0,152.0,599.5979999999993,12.136365000000001,15.807129283771005,627.5414942837702,131.6000000000008,41.0,800.1414942837711,2144.3792046805065,0.0,23.0,0.0,46.0,54.0,6001.813308044824,0,3
fixed,localized_surge,9,32.0,2392.0,13149.52427203816,642.9909999999996,20.16969027777777,35.19999999999992,5.999999999999998,1.5,41.19999999999992,18.0,263.0,31.0,99762.23281574859,67.76284554775543,61.581625194906536,34.0,26.0,289.3459499999999,31.352872500000004,14.569541638053892,335.2683641380538,105.60000000000042,18.0,458.86836413805423,1229.7672158899854,0.0,0.0,3.0,0.0,9.0,30.0,2385.0,13121.60972511141,642.9909999999996,20.16969027777777,35.19999999999992,5.999999999999998,1.5,41.19999999999992,18.0,263.0,31.0,99762.23281574859,67.76284554775543,61.581625194906536,34.0,26.0,289.3459499999999,31.352872500000004,14.569541638053892,335.2683641380538,105.60000000000042,18.0,458.86836413805423,1229.7672158899854,0.0,0.0,3.0,0.0,9.0,11886.799152836302,0,3
smart,localized_surge,9,3.0,56.0,47.747449042067686,1317.1470000000004,37.111751388888884,43.19999999999989,13.33333333333334,2.333333333333333,56.53333333333323,40.0,324.0,30.0,119032.00867796308,65.8590286190972,33.06444685498974,0.0,228.0,592.7161499999997,37.6737975,15.803171583578798,646.1931190835785,129.60000000000076,40.0,815.7931190835793,2186.325559143993,0.0,26.0,0.0,25.0,82.0,3.0,56.0,47.747449042067686,1239.2489999999996,34.80325972222222,39.733333333333235,12.666666666666671,2.1666666666666665,52.399999999999906,38.0,298.0,30.0,110712.69600045252,65.64072772729824,32.37213333346565,0.0,217.0,557.6620499999998,35.304907500000006,14.49500665826373,607.4619641582635,119.20000000000061,38.0,764.6619641582641,2049.294063944148,0.0,25.0,0.0,24.0,75.0,5718.800113617864,0,3
fixed,gradual_upward_trend,9,14.0,784.0,3834.121793240266,689.0709999999996,21.35688749999999,38.13333333333324,5.999999999999998,1.5,44.13333333333324,18.0,286.0,25.0,107680.24963274153,67.64103827504609,66.46928989675403,11.0,26.0,310.0819499999998,30.643200000000007,16.4044602078878,357.12961020788754,114.40000000000055,18.0,489.5296102078881,1311.9393553571401,0.0,0.0,1.0,0.0,9.0,12.0,777.0,3802.3592105342386,689.0709999999996,21.35688749999999,38.13333333333324,5.999999999999998,1.5,44.13333333333324,18.0,286.0,25.0,107680.24963274153,67.64103827504609,66.46928989675403,11.0,26.0,310.0819499999998,30.643200000000007,16.4044602078878,357.12961020788754,114.40000000000055,18.0,489.5296102078881,1311.9393553571401,0.0,0.0,1.0,0.0,9.0,12999.230117678373,0,3
smart,gradual_upward_trend,9,4.0,69.0,78.83393115375623,1323.4479999999985,36.69266111111108,42.26666666666656,14.000000000000007,2.666666666666666,56.266666666666566,42.0,317.0,39.0,115420.13898592557,65.61093508686376,30.534428303154915,0.0,185.0,595.5515999999993,33.68736000000001,15.43972813612654,644.6786881361259,126.80000000000072,42.0,813.4786881361266,2180.1228842048195,0.0,26.0,0.0,31.0,76.0,4.0,69.0,78.83393115375623,1245.5499999999984,34.38416944444444,38.799999999999905,13.33333333333334,2.4999999999999996,52.13333333333324,40.0,291.0,39.0,107059.73185776464,65.33536097665828,29.73881440493462,0.0,174.0,560.4974999999994,31.31847000000001,14.12511645996495,605.9410864599644,116.40000000000057,40.0,762.3410864599649,2043.074111712706,0.0,25.0,0.0,30.0,69.0,9014.628626580774,0,3
fixed,abrupt_behavior_change,9,50.0,4843.0,33119.227715395486,573.8559999999998,18.36391111111111,30.79999999999993,5.999999999999998,1.5,36.799999999999926,18.0,230.0,10.0,99725.81213086225,76.8694859976112,61.55914329065571,67.0,26.0,258.2352,33.05128500000001,13.353377159529861,304.6398621595299,92.40000000000023,18.0,415.0398621595301,1112.3068305875408,0.0,0.0,6.0,0.0,9.0,48.0,4836.0,33091.31316846874,573.8559999999998,18.36391111111111,30.79999999999993,5.999999999999998,1.5,36.799999999999926,18.0,230.0,10.0,99725.81213086225,76.8694859976112,61.55914329065571,67.0,26.0,258.2352,33.05128500000001,13.353377159529861,304.6398621595299,92.40000000000023,18.0,415.0398621595301,1112.3068305875408,0.0,0.0,6.0,0.0,9.0,16987.374118219603,0,3
smart,abrupt_behavior_change,9,8.0,161.0,243.16216386433751,1470.9719999999984,41.209752777777744,50.1333333333332,15.000000000000009,2.8333333333333326,65.13333333333321,45.0,376.0,24.0,141898.38578222727,66.95900201662242,35.036638464747476,0.0,159.0,661.9373999999992,38.24477999999999,18.787023609262643,718.9692036092619,150.40000000000106,45.0,914.369203609263,2450.5094656728247,0.0,28.0,0.0,44.0,64.0,8.0,161.0,243.16216386433751,1393.0739999999987,38.901261111111104,46.66666666666654,14.333333333333341,2.666666666666666,60.999999999999886,43.0,350.0,24.0,133579.07310471663,66.85484670970689,34.516556357807914,0.0,148.0,626.8832999999992,35.87588999999999,17.47885868394759,680.2380486839468,140.0000000000009,43.0,863.2380486839477,2313.47797047298,0.0,27.0,0.0,43.0,57.0,7690.8660183857855,0,3
fixed,traffic_disruption,9,14.0,818.0,4123.646026920221,689.0809999999996,28.33494562500003,38.13333333333324,5.999999999999998,1.5,44.13333333333324,18.0,285.0,40.0,102892.56290144009,64.96197612341241,63.51392771693833,12.0,26.0,310.0864499999998,144.98748675000002,21.30178585777463,476.37572260777443,114.40000000000055,18.0,608.7757226077749,1631.5189365888368,0.0,0.0,1.0,0.0,9.0,12.0,811.0,4095.7314799934697,689.0809999999996,28.33494562500003,38.13333333333324,5.999999999999998,1.5,44.13333333333324,18.0,285.0,40.0,102892.56290144009,64.96197612341241,63.51392771693833,12.0,26.0,310.0864499999998,144.98748675000002,21.30178585777463,476.37572260777443,114.40000000000055,18.0,608.7757226077749,1631.5189365888368,0.0,0.0,1.0,0.0,9.0,11792.011658243213,0,3
smart,traffic_disruption,9,0.0,0.0,0.0,1195.537999999999,46.80264187500001,40.266666666666566,12.000000000000004,1.8333333333333335,52.266666666666566,36.0,302.0,22.0,111346.98552267793,66.09258178731233,34.36635355638208,0.0,229.0,537.9920999999996,246.98963250000014,20.49976209923888,805.4814945992385,120.80000000000064,36.0,962.2814945992392,2578.9144055259612,0.0,25.0,0.0,18.0,86.0,0.0,0.0,0.0,1117.6399999999992,43.61530875000002,36.79999999999991,11.333333333333336,1.6666666666666667,48.13333333333325,34.0,276.0,22.0,102933.00323567644,65.80602248853589,33.63823635152825,0.0,218.0,502.93799999999953,230.89536112500014,18.699539123198043,752.5329002481977,110.40000000000049,34.0,896.9329002481982,2403.7801726651714,0.0,24.0,0.0,17.0,79.0,7461.235063925604,0,3
fixed,sensor_failure,9,13.0,770.0,3730.611017870472,689.0709999999996,21.35688749999999,38.13333333333324,5.999999999999998,1.5,44.13333333333324,18.0,286.0,41.0,103190.81041589678,64.82638950699783,63.698031120923936,11.0,138.0,310.0819499999998,30.643200000000007,15.703798849233106,356.4289488492329,114.40000000000055,18.0,488.8289488492334,1310.0615829159456,0.0,0.0,1.0,0.0,9.0,11.0,763.0,3702.6964709437207,689.0709999999996,21.35688749999999,38.13333333333324,5.999999999999998,1.5,44.13333333333324,18.0,286.0,41.0,103190.81041589678,64.82638950699783,63.698031120923936,11.0,138.0,310.0819499999998,30.643200000000007,15.703798849233106,356.4289488492329,114.40000000000055,18.0,488.8289488492334,1310.0615829159456,0.0,0.0,1.0,0.0,9.0,11886.799152836302,0,3
smart,sensor_failure,9,36.0,811.0,3424.75085827162,1531.1860000000008,38.524834722222224,34.26666666666659,18.000000000000004,3.4999999999999987,52.266666666666595,54.0,257.0,17.0,105944.07204856352,73.59040159032398,21.79919177953982,0.0,783.0,689.0336999999992,12.923775000000004,12.197818926108848,714.155293926108,102.80000000000038,54.0,870.9552939261084,2334.160187721971,0.0,33.0,0.0,69.0,51.0,34.0,804.0,3396.8363113448686,1465.0890000000002,36.405572222222226,32.13333333333326,17.33333333333334,3.333333333333332,49.4666666666666,52.0,241.0,17.0,99128.48454836283,73.42365210746942,21.181300117171546,0.0,609.0,659.2900499999994,9.072720000000006,11.348759277495674,679.7115292774951,96.40000000000029,52.0,828.1115292774954,2219.3388984636877,0.0,32.0,0.0,69.0,39.0,9439.397679768352,0,3
fixed,reduced_truck_capacity,9,13.0,6966.0,36308.079376648886,504.71099999999984,16.54318750000001,26.399999999999945,5.999999999999998,1.5,32.39999999999994,18.0,198.0,38.0,68948.83729784994,61.58888864006531,65.47847796566946,99.0,26.0,227.11995,35.591400000000014,12.62439608535526,275.33574608535525,79.20000000000005,18.0,372.5357460853553,998.3957995087522,0.0,0.0,9.0,0.0,9.0,11.0,6959.0,36280.16482972213,504.71099999999984,16.54318750000001,26.399999999999945,5.999999999999998,1.5,32.39999999999994,18.0,198.0,38.0,68948.83729784994,61.58888864006531,65.47847796566946,99.0,26.0,227.11995,35.591400000000014,12.62439608535526,275.33574608535525,79.20000000000005,18.0,372.5357460853553,998.3957995087522,0.0,0.0,9.0,0.0,9.0,13551.303912104695,0,3
smart,reduced_truck_capacity,9,0.0,0.0,0.0,1195.537999999999,34.70859999999997,40.266666666666566,12.000000000000004,1.8333333333333335,52.266666666666566,36.0,302.0,22.0,111294.72141389284,66.05532214336229,52.84649639785985,0.0,238.0,537.9920999999996,43.88667750000002,23.4134536950372,605.2922311950368,120.80000000000064,36.0,762.0922311950375,2042.4071796027006,0.0,25.0,0.0,18.0,89.0,0.0,0.0,0.0,1117.6399999999992,32.400108333333314,36.79999999999991,11.333333333333336,1.6666666666666667,48.13333333333325,34.0,276.0,22.0,102975.40873638223,65.83811187479279,51.77245285891515,0.0,227.0,502.93799999999953,41.517787500000026,21.40089227147556,565.8566797714751,110.40000000000049,34.0,710.2566797714755,1903.4879017875546,0.0,24.0,0.0,17.0,82.0,7513.499172710654,0,3
fixed,combined_demand_operational_stress,9,112.0,9188.0,80802.84924706574,522.958,23.151241875000004,25.333333333333282,5.999999999999998,1.5,31.33333333333328,18.0,189.0,0.0,97485.16540682348,90.33003891752915,92.57850465985135,108.0,138.0,235.33110000000002,129.84112912500007,25.133484801127807,390.30571392612785,76.0,18.0,484.30571392612785,1297.9393133220228,0.0,0.0,9.0,0.0,9.0,98.0,9079.0,80190.06255485633,522.958,23.151241875000004,25.333333333333282,5.999999999999998,1.5,31.33333333333328,18.0,189.0,0.0,97485.16540682348,90.33003891752915,92.57850465985135,108.0,138.0,235.33110000000002,129.84112912500007,25.133484801127807,390.30571392612785,76.0,18.0,484.30571392612785,1297.9393133220228,0.0,0.0,9.0,0.0,9.0,18895.90658564624,0,3
smart,combined_demand_operational_stress,9,117.0,3267.0,28591.206032908063,1677.6759999999983,56.594898749999956,46.13333333333321,18.666666666666668,4.333333333333332,64.79999999999988,56.0,346.0,17.0,155008.91844673935,79.44896594790815,47.31651967238686,0.0,593.0,754.9541999999998,268.34653237500015,37.504663106117306,1060.8053954811173,138.4000000000009,56.0,1255.205395481118,3363.950459889397,0.0,30.0,0.0,81.0,39.0,110.0,3211.0,28184.586245739607,1615.2289999999982,54.38082374999996,44.53333333333322,18.000000000000004,4.166666666666665,62.53333333333322,54.0,334.0,17.0,151142.04231413646,79.80063881133866,47.84490101745377,0.0,468.0,726.8530499999998,258.5111298750002,36.57365898696827,1021.9378388619682,133.60000000000082,54.0,1209.537838861969,3241.561408150077,0.0,29.0,0.0,78.0,30.0,13583.796759888006,0,3
fixed,normal_patterned,10,25.0,2184.0,14987.682199501285,642.9809999999998,20.152179166666663,35.19999999999992,5.999999999999998,1.5,41.19999999999992,18.0,264.0,13.0,102711.04552686219,68.94740491403235,63.4018799548532,33.0,35.0,289.34144999999995,31.565925000000007,14.794252921953525,335.70162792195345,105.60000000000042,18.0,459.30162792195387,1230.9283628308365,0.0,0.0,3.0,0.0,9.0,23.0,2180.0,14942.983699162474,642.9809999999998,20.152179166666663,35.19999999999992,5.999999999999998,1.5,41.19999999999992,18.0,264.0,13.0,102711.04552686219,68.94740491403235,63.4018799548532,33.0,35.0,289.34144999999995,31.565925000000007,14.794252921953525,335.70162792195345,105.60000000000042,18.0,459.30162792195387,1230.9283628308365,0.0,0.0,3.0,0.0,9.0,15743.536730238731,0,3
smart,normal_patterned,10,7.0,330.0,416.3461461247829,1406.8509999999997,38.8856333333333,43.066666666666556,15.000000000000009,2.666666666666666,58.06666666666656,45.0,323.0,37.0,123786.83265590084,67.11843451193049,30.564650038494037,0.0,347.0,633.0829499999994,35.74158750000002,16.710923263969608,685.535460763969,129.20000000000076,45.0,859.7354607639697,2304.091034847439,0.0,29.0,0.0,25.0,89.0,7.0,330.0,416.3461461247829,1341.5809999999994,36.78034861111109,39.733333333333235,14.666666666666675,2.4999999999999996,54.399999999999906,43.0,298.0,37.0,113295.50651395171,66.38296950876052,29.275324680607678,0.0,331.0,603.7114499999994,32.28108750000002,15.668373987218995,651.6609114872184,119.20000000000061,44.0,814.860911487219,2183.8272427857473,0.0,28.0,0.0,25.0,80.0,9239.085654576622,0,3
fixed,high_demand_seasonal,10,102.0,8277.0,70333.71542650796,504.71099999999984,16.54318750000001,26.399999999999945,5.999999999999998,1.5,32.39999999999994,18.0,198.0,0.0,106078.07660006014,90.62833700108125,65.48029419756799,99.0,35.0,227.11995,35.591400000000014,12.610090499752756,275.3214404997527,79.20000000000005,18.0,372.52144049975277,998.3574605393375,0.0,0.0,9.0,0.0,9.0,84.0,8179.0,69160.86681720492,504.71099999999984,16.54318750000001,26.399999999999945,5.999999999999998,1.5,32.39999999999994,18.0,198.0,0.0,106078.07660006014,90.62833700108125,65.48029419756799,99.0,35.0,227.11995,35.591400000000014,12.610090499752756,275.3214404997527,79.20000000000005,18.0,372.52144049975277,998.3574605393375,0.0,0.0,9.0,0.0,9.0,19302.514853624696,0,3
smart,high_demand_seasonal,10,24.0,563.0,1644.1114985144,1822.7560000000003,47.280987499999895,62.93333333333315,18.333333333333336,4.499999999999999,81.26666666666648,55.0,472.0,54.0,184537.77245466775,67.81688435759592,37.280358071650056,0.0,167.0,820.2401999999992,9.627120000000003,23.420283494102787,853.287603494102,188.8000000000016,55.0,1097.0876034941036,2940.1947773641978,0.0,28.0,0.0,75.0,43.0,24.0,563.0,1644.1114985144,1744.661,45.208743055555466,59.19999999999983,17.66666666666667,4.333333333333332,76.8666666666665,53.0,444.0,53.0,174437.04698696235,68.03006135964256,36.56961152766506,0.0,154.0,785.0974499999992,9.184365000000003,22.004354518158,816.2861695181572,177.60000000000144,53.0,1046.8861695181586,2805.654934308665,0.0,27.0,0.0,72.0,36.0,9532.422927010664,0,3
fixed,event_heavy,10,27.0,2109.0,13933.803153760256,642.9909999999996,20.169690277777768,35.19999999999992,5.999999999999998,1.5,41.19999999999992,18.0,264.0,37.0,98603.88072561346,65.86194158627444,60.86659304050214,33.0,36.0,289.34595,31.352872500000014,14.406648607166105,335.1054711071661,105.60000000000042,18.0,458.70547110716655,1229.3306625672064,0.0,0.0,3.0,0.0,9.0,26.0,2105.0,13924.367186986472,642.9909999999996,20.169690277777768,35.19999999999992,5.999999999999998,1.5,41.19999999999992,18.0,264.0,37.0,98603.88072561346,65.86194158627444,60.86659304050214,33.0,36.0,289.34595,31.352872500000014,14.406648607166105,335.1054711071661,105.60000000000042,18.0,458.70547110716655,1229.3306625672064,0.0,0.0,3.0,0.0,9.0,15096.734373201987,0,3
smart,event_heavy,10,5.0,253.0,344.6534073262698,1419.9549999999997,41.08431111111105,41.73333333333323,15.333333333333343,2.333333333333333,57.06666666666657,46.0,313.0,31.0,119086.62691966236,66.41363056464326,28.764885729387043,0.0,358.0,638.9797499999993,53.15870249999996,15.96731533081228,708.1057678308116,125.2000000000007,46.0,879.3057678308123,2356.5394577865773,0.0,32.0,0.0,26.0,88.0,5.0,253.0,344.6534073262698,1346.9949999999994,39.20181666666663,39.1999999999999,14.666666666666675,2.1666666666666665,53.866666666666575,44.0,294.0,30.0,113406.22974446246,66.76975284913424,28.63793680415719,0.0,343.0,606.1477499999995,52.55853749999997,15.195667947669577,673.901955447669,117.60000000000059,44.0,835.5019554476696,2239.1452405997547,0.0,31.0,0.0,25.0,80.0,8203.137925587114,0,3
fixed,persistent_multi_day_surge,10,46.0,4696.0,35546.61412148113,573.846,18.347041666666662,30.79999999999993,5.999999999999998,1.5,36.799999999999926,18.0,231.0,6.0,101918.83731296014,77.08787056051472,62.91286253886428,66.0,34.0,258.23069999999996,33.42150000000002,13.426947541335164,305.07914754133515,92.40000000000023,18.0,415.47914754133535,1113.4841154107787,0.0,0.0,6.0,0.0,9.0,44.0,4692.0,35501.915621142325,573.846,18.347041666666662,30.79999999999993,5.999999999999998,1.5,36.799999999999926,18.0,231.0,6.0,101918.83731296014,77.08787056051472,62.91286253886428,66.0,34.0,258.23069999999996,33.42150000000002,13.426947541335164,305.07914754133515,92.40000000000023,18.0,415.47914754133535,1113.4841154107787,0.0,0.0,6.0,0.0,9.0,15743.536730238731,0,3
smart,persistent_multi_day_surge,10,14.0,255.0,959.7164645959427,1515.5079999999998,40.09063194444443,48.9333333333332,16.00000000000001,3.333333333333332,64.93333333333321,48.0,367.0,41.0,142749.6763649441,68.75242116946485,33.04390656595928,0.0,265.0,681.9785999999993,20.27695500000001,18.263637180145782,720.5191921801452,146.800000000001,48.0,915.3191921801462,2453.055435042792,0.0,28.0,0.0,47.0,68.0,14.0,255.0,959.7164645959427,1450.2379999999998,37.985347222222224,45.59999999999988,15.666666666666677,3.1666666666666656,61.26666666666656,46.0,342.0,41.0,132258.350222995,68.23102086389085,31.94646140652053,0.0,249.0,652.6070999999993,16.816455,17.22108790339517,686.6446429033945,136.80000000000086,47.0,870.4446429033953,2332.7916429811,0.0,27.0,0.0,47.0,59.0,9499.595335139942,0,3
fixed,localized_surge,10,42.0,2424.0,16613.02128672002,642.9809999999998,20.152179166666663,35.19999999999992,5.999999999999998,1.5,41.19999999999992,18.0,264.0,10.0,107587.56850374686,71.88776151100465,66.41207932330053,33.0,35.0,289.34144999999995,31.565925000000007,15.351339019494638,336.25871401949456,105.60000000000042,18.0,459.858714019495,1232.4213535722465,0.0,0.0,3.0,0.0,9.0,40.0,2420.0,16568.32278638121,642.9809999999998,20.152179166666663,35.19999999999992,5.999999999999998,1.5,41.19999999999992,18.0,264.0,10.0,107587.56850374686,71.88776151100465,66.41207932330053,33.0,35.0,289.34144999999995,31.565925000000007,15.351339019494638,336.25871401949456,105.60000000000042,18.0,459.858714019495,1232.4213535722465,0.0,0.0,3.0,0.0,9.0,15743.536730238731,0,3
smart,localized_surge,10,11.0,180.0,592.4221625678427,1514.7759999999992,40.06287916666662,45.59999999999988,16.333333333333343,3.333333333333332,61.93333333333322,49.0,342.0,44.0,130840.37279175642,67.26112320704841,29.669018773640914,0.0,272.0,681.6492000000001,19.472535000000008,16.677213462052773,717.7989484620529,136.80000000000086,49.0,903.5989484620537,2421.6451818783044,0.0,29.0,0.0,40.0,74.0,11.0,180.0,592.4221625678427,1449.5059999999994,37.9575944444444,42.26666666666656,16.00000000000001,3.1666666666666656,58.266666666666566,47.0,317.0,44.0,120349.04664980726,66.58099275415653,28.45131126472985,0.0,256.0,652.2776999999999,16.012035000000004,15.634664185302164,683.924399185302,126.80000000000072,48.0,858.7243991853028,2301.3813898166118,0.0,28.0,0.0,40.0,65.0,8511.331566381465,0,3
fixed,gradual_upward_trend,10,33.0,2295.0,16320.783218045739,642.9809999999998,20.152820833333337,35.19999999999992,5.999999999999998,1.5,41.19999999999992,18.0,264.0,8.0,107138.66948395711,71.84199216976661,66.13498116293648,33.0,35.0,289.34144999999995,31.723087500000005,15.466705138287685,336.53124263828767,105.60000000000042,18.0,460.1312426382881,1233.1517302706122,0.0,0.0,3.0,0.0,9.0,31.0,2291.0,16269.204081379788,642.9809999999998,20.152820833333337,35.19999999999992,5.999999999999998,1.5,41.19999999999992,18.0,264.0,8.0,107138.66948395711,71.84199216976661,66.13498116293648,33.0,35.0,289.34144999999995,31.723087500000005,15.466705138287685,336.53124263828767,105.60000000000042,18.0,460.1312426382881,1233.1517302706122,0.0,0.0,3.0,0.0,9.0,16601.701584162096,0,3
smart,gradual_upward_trend,10,8.0,188.0,394.54883450760207,1528.9459999999997,41.62218194444439,46.13333333333321,16.666666666666675,3.4999999999999987,62.79999999999988,50.0,346.0,34.0,132649.29665599432,68.08338927314092,29.47762147910985,0.0,256.0,688.0256999999995,31.934317500000024,17.399089651575792,737.3591071515752,138.4000000000009,50.0,925.7591071515761,2481.0344071662244,0.0,29.0,0.0,46.0,68.0,8.0,188.0,394.54883450760207,1463.6760000000004,39.51689722222219,42.79999999999989,16.333333333333343,3.333333333333332,59.13333333333323,48.0,321.0,34.0,122098.046804547,67.44178351702641,28.26343676031181,0.0,240.0,658.6541999999997,28.47381750000002,16.350704120792003,703.4787216207917,128.40000000000074,49.0,880.8787216207925,2360.754973943724,0.0,28.0,0.0,46.0,59.0,7017.30879566305,0,3
fixed,abrupt_behavior_change,10,74.0,5929.0,46851.23688947802,550.8009999999997,17.74597083333335,29.333333333333268,5.999999999999998,1.5,35.333333333333265,18.0,220.0,1.0,102903.00530358421,81.12114672941959,63.520373644187785,77.0,35.0,247.86045000000001,34.197187500000005,13.148598034014057,295.20623553401407,88.00000000000017,18.0,401.20623553401424,1075.2327112311582,0.0,0.0,7.0,0.0,9.0,72.0,5925.0,46806.53838913921,550.8009999999997,17.74597083333335,29.333333333333268,5.999999999999998,1.5,35.333333333333265,18.0,220.0,1.0,102903.00530358421,81.12114672941959,63.520373644187785,77.0,35.0,247.86045000000001,34.197187500000005,13.148598034014057,295.20623553401407,88.00000000000017,18.0,401.20623553401424,1075.2327112311582,0.0,0.0,7.0,0.0,9.0,19136.5579459149,0,3
smart,abrupt_behavior_change,10,16.0,213.0,559.1278406089457,1650.1239999999984,43.86640138888875,55.19999999999985,17.33333333333334,3.4999999999999987,72.53333333333319,52.0,414.0,47.0,159223.9965572792,67.59350210573672,34.02222148659812,0.0,230.0,742.5557999999992,18.555435000000006,20.66890478849991,781.7801397884991,165.60000000000127,52.0,999.3801397885004,2678.3387746331814,0.0,31.0,0.0,49.0,65.0,16.0,213.0,559.1278406089457,1584.8539999999982,41.76111666666657,51.866666666666525,17.000000000000007,3.333333333333332,68.86666666666653,50.0,389.0,47.0,148732.67041533004,67.06061809262745,33.05170453674001,0.0,214.0,713.1842999999992,15.094935000000001,19.62635551174929,747.9055905117484,155.60000000000113,51.0,954.5055905117496,2558.074982571489,0.0,30.0,0.0,49.0,56.0,9107.675741089082,0,3
fixed,traffic_disruption,10,25.0,2182.0,14973.637425243853,642.9809999999998,26.797749375000024,35.19999999999992,5.999999999999998,1.5,41.19999999999992,18.0,264.0,13.0,102783.72300899889,68.99809508167645,63.446742598147466,33.0,36.0,289.34144999999995,140.36425874999992,19.90109121774271,449.6067999677426,105.60000000000042,18.0,573.206799967743,1536.1942239135512,0.0,0.0,3.0,0.0,9.0,23.0,2178.0,14928.938924905042,642.9809999999998,26.797749375000024,35.19999999999992,5.999999999999998,1.5,41.19999999999992,18.0,264.0,13.0,102783.72300899889,68.99809508167645,63.446742598147466,33.0,36.0,289.34144999999995,140.36425874999992,19.90109121774271,449.6067999677426,105.60000000000042,18.0,573.206799967743,1536.1942239135512,0.0,0.0,3.0,0.0,9.0,15684.904022359493,0,3
smart,traffic_disruption,10,8.0,315.0,391.62125243723744,1394.5909999999992,51.97030687499999,43.066666666666556,14.666666666666675,2.4999999999999996,57.733333333333235,44.0,323.0,38.0,124331.97264418095,67.49453150118246,31.396962788934584,0.0,336.0,627.5659499999998,266.0646667500002,22.590334215460924,916.2209509654608,129.20000000000076,44.0,1089.4209509654615,2919.648148587437,0.0,29.0,0.0,25.0,87.0,8.0,315.0,391.62125243723744,1332.9169999999992,49.332941250000005,40.266666666666566,14.333333333333341,2.333333333333333,54.59999999999991,42.0,302.0,38.0,115633.58692593254,66.89457457358394,30.590896012151465,0.0,320.0,599.8126499999998,251.89548525000018,21.38619061537683,873.0943258653768,120.80000000000064,43.0,1036.8943258653776,2778.876793319212,0.0,28.0,0.0,25.0,78.0,8718.670559984168,0,3
fixed,sensor_failure,10,25.0,2184.0,14987.682199501285,642.9809999999998,20.152179166666663,35.19999999999992,5.999999999999998,1.5,41.19999999999992,18.0,264.0,13.0,102711.04552686219,68.94740491403235,63.4018799548532,33.0,145.0,289.34144999999995,31.565925000000007,14.794252921953525,335.70162792195345,105.60000000000042,18.0,459.30162792195387,1230.9283628308365,0.0,0.0,3.0,0.0,9.0,23.0,2180.0,14942.983699162474,642.9809999999998,20.152179166666663,35.19999999999992,5.999999999999998,1.5,41.19999999999992,18.0,264.0,13.0,102711.04552686219,68.94740491403235,63.4018799548532,33.0,145.0,289.34144999999995,31.565925000000007,14.794252921953525,335.70162792195345,105.60000000000042,18.0,459.30162792195387,1230.9283628308365,0.0,0.0,3.0,0.0,9.0,15743.536730238731,0,3
smart,sensor_failure,10,50.0,1147.0,6202.99558582977,1567.1670000000001,39.533084722222206,37.466666666666576,18.000000000000004,3.666666666666665,55.46666666666658,54.0,281.0,29.0,114685.17415150416,72.27583310557527,23.597772459157238,0.0,709.0,705.2251499999994,11.263815000000005,13.644843205398338,730.1338082053978,112.40000000000052,54.0,896.5338082053984,2402.7106059904677,0.0,32.0,0.0,73.0,47.0,48.0,1143.0,6158.297085490957,1567.1670000000001,39.533084722222206,37.466666666666576,18.000000000000004,3.666666666666665,55.46666666666658,54.0,281.0,29.0,114685.17415150416,72.27583310557527,23.597772459157238,0.0,537.0,705.2251499999994,11.263815000000005,13.644843205398338,730.1338082053978,112.40000000000052,54.0,896.5338082053984,2402.7106059904677,0.0,32.0,0.0,73.0,35.0,12554.0947192683,0,3
fixed,reduced_truck_capacity,10,13.0,6969.0,42501.87101687724,504.71099999999984,16.54318750000001,26.399999999999945,5.999999999999998,1.5,32.39999999999994,18.0,198.0,14.0,75191.27394545611,66.22761032290444,71.40671789691939,99.0,36.0,227.11995,35.591400000000014,13.740829044821895,276.4521790448219,79.20000000000005,18.0,373.65217904482193,1001.3878398401229,0.0,0.0,9.0,0.0,9.0,11.0,6965.0,42457.17251653844,504.71099999999984,16.54318750000001,26.399999999999945,5.999999999999998,1.5,32.39999999999994,18.0,198.0,14.0,75191.27394545611,66.22761032290444,71.40671789691939,99.0,36.0,227.11995,35.591400000000014,13.740829044821895,276.4521790448219,79.20000000000005,18.0,373.65217904482193,1001.3878398401229,0.0,0.0,9.0,0.0,9.0,15749.11949426887,0,3
smart,reduced_truck_capacity,10,8.0,211.0,372.34934412905784,1450.3049999999994,40.3372222222222,44.399999999999885,15.666666666666677,2.8333333333333326,60.06666666666656,47.0,332.0,32.0,124908.43032303214,65.94111551180193,45.429507300611796,1.0,330.0,652.6372499999995,39.53295000000003,25.647501138970547,717.8177011389702,133.2000000000008,47.0,898.017701138971,2406.6874390524426,0.0,30.0,0.0,28.0,85.0,8.0,211.0,372.34934412905784,1383.5329999999992,38.18274305555555,41.06666666666656,15.333333333333343,2.666666666666666,56.399999999999906,45.0,307.0,32.0,115667.49736890664,65.04266610660292,43.93827060547261,1.0,314.0,622.58985,36.07245000000003,24.185713169695596,682.8480131696956,123.20000000000067,46.0,852.0480131696963,2283.4886752947864,0.0,29.0,0.0,28.0,76.0,8161.484789440995,0,3
fixed,combined_demand_operational_stress,10,139.0,10061.0,102116.49631389118,548.3619999999996,24.13213875000001,24.79999999999995,5.999999999999998,1.5,30.799999999999947,18.0,183.0,0.0,98185.60117631705,95.04372033994181,93.24368582746159,114.0,144.0,246.76289999999995,136.722933,27.752414918803694,411.23824791880367,74.39999999999998,18.0,503.63824791880364,1349.7505044223938,1.0,0.0,9.0,0.0,9.0,130.0,10016.0,101689.96058217817,548.3619999999996,24.13213875000001,24.79999999999995,5.999999999999998,1.5,30.799999999999947,18.0,183.0,0.0,98185.60117631705,95.04372033994181,93.24368582746159,114.0,144.0,246.76289999999995,136.722933,27.752414918803694,411.23824791880367,74.39999999999998,18.0,503.63824791880364,1349.7505044223938,1.0,0.0,9.0,0.0,9.0,19552.5,0,3
smart,combined_demand_operational_stress,10,141.0,3917.0,37351.061020746725,1727.8649999999986,58.197744374999985,48.5333333333332,18.666666666666668,4.166666666666665,67.19999999999987,56.0,364.0,32.0,168015.39346439092,79.98127553216577,51.286750141755476,0.0,588.0,777.5392499999995,277.57261237500035,41.29214500463045,1096.4040073796302,145.600000000001,56.0,1298.0040073796313,3478.650739777412,0.0,31.0,0.0,81.0,39.0,141.0,3917.0,37351.061020746725,1654.0479999999989,55.724356874999984,45.866666666666546,18.000000000000004,3.9999999999999982,63.866666666666546,54.0,344.0,32.0,161535.94392986604,80.86621829625352,51.13515160806143,0.0,461.0,744.3215999999994,265.94643487500025,39.57393806605973,1049.8419729410593,137.60000000000088,54.0,1241.4419729410602,3327.0644874820414,0.0,30.0,0.0,78.0,30.0,14488.143005070702,0,3
fixed,normal_patterned,11,2.0,20.0,96.18777987946169,712.1159999999994,21.958599999999993,39.5999999999999,5.999999999999998,1.5,45.5999999999999,18.0,297.0,43.0,104361.27007603759,63.05575302244721,64.42053708397383,0.0,22.0,320.4521999999997,30.024675000000002,16.226234972292126,366.7031099722918,118.80000000000061,18.0,503.50310997229246,1349.3883347257438,0.0,0.0,0.0,0.0,9.0,1.0,17.0,61.37013060133154,712.1159999999994,21.958599999999993,39.5999999999999,5.999999999999998,1.5,45.5999999999999,18.0,297.0,43.0,104361.27007603759,63.05575302244721,64.42053708397383,0.0,22.0,320.4521999999997,30.024675000000002,16.226234972292126,366.7031099722918,118.80000000000061,18.0,503.50310997229246,1349.3883347257438,0.0,0.0,0.0,0.0,9.0,9010.816375670413,0,3
smart,normal_patterned,11,4.0,48.0,67.48022763446244,1322.9469999999988,36.68154444444444,39.1999999999999,14.000000000000007,2.666666666666666,53.19999999999991,42.0,294.0,27.0,108440.97475818692,65.68648126258779,28.68808856036691,0.0,247.0,595.3261499999995,34.30800000000002,14.329443881730544,643.96359388173,117.60000000000059,42.0,803.5635938817306,2153.5504316030383,0.0,25.0,0.0,27.0,79.0,3.0,45.0,32.66257835633229,1254.314999999999,34.57629305555554,36.533333333333246,13.33333333333334,2.4999999999999996,49.86666666666659,40.0,274.0,27.0,101700.31742799743,65.25011652414625,28.250088174443732,0.0,230.0,564.4417499999995,30.892950000000027,13.385423393499568,608.7201233934991,109.60000000000048,40.0,758.3201233934996,2032.297930694579,0.0,24.0,0.0,27.0,71.0,4959.819245766136,0,3
fixed,high_demand_seasonal,11,48.0,7610.0,55990.95104031076,504.72099999999983,16.560056944444455,26.399999999999945,5.999999999999998,1.5,32.39999999999994,18.0,197.0,0.0,96788.81594162057,85.15463828239241,59.7461826800127,100.0,22.0,227.12445,35.22118500000001,11.69167762659128,274.0373126265913,79.20000000000005,18.0,371.23731262659135,994.9159978392648,0.0,0.0,9.0,0.0,9.0,36.0,7513.0,55215.348807837676,504.72099999999983,16.560056944444455,26.399999999999945,5.999999999999998,1.5,32.39999999999994,18.0,197.0,0.0,96788.81594162057,85.15463828239241,59.7461826800127,100.0,22.0,227.12445,35.22118500000001,11.69167762659128,274.0373126265913,79.20000000000005,18.0,371.23731262659135,994.9159978392648,0.0,0.0,9.0,0.0,9.0,14674.575071625803,0,3
smart,high_demand_seasonal,11,15.0,221.0,644.8082244326531,1668.4780000000017,46.54020138888885,55.46666666666651,17.33333333333334,3.666666666666665,72.79999999999986,52.0,416.0,38.0,159524.276293576,68.41234267256904,34.08638382341367,0.0,192.0,750.8150999999991,39.941887500000014,21.3829606913065,812.1399481913056,166.40000000000128,52.0,1030.5399481913068,2761.8470611527027,0.0,30.0,0.0,44.0,67.0,14.0,215.0,615.1995884056612,1589.354000000001,44.413523611111096,51.19999999999986,16.666666666666675,3.4999999999999987,67.86666666666653,50.0,384.0,37.0,147492.75962343553,68.37527423675772,32.776168805207895,0.0,181.0,715.2092999999994,39.37353750000002,19.6035618627485,774.1863993627479,153.6000000000011,50.0,977.7863993627491,2620.4675502921677,0.0,29.0,0.0,41.0,61.0,7285.257535548482,0,3
fixed,event_heavy,11,3.0,27.0,66.32595148420451,712.1159999999994,21.958599999999993,39.5999999999999,5.999999999999998,1.5,45.5999999999999,18.0,297.0,56.0,100095.86043321122,60.20291269993666,61.787568168648896,0.0,22.0,320.4521999999997,30.024675000000002,15.570133186609478,366.0470081866092,118.80000000000061,18.0,502.84700818660986,1347.6299819401145,0.0,0.0,0.0,0.0,9.0,2.0,24.0,57.88057099671228,712.1159999999994,21.958599999999993,39.5999999999999,5.999999999999998,1.5,45.5999999999999,18.0,297.0,56.0,100095.86043321122,60.20291269993666,61.787568168648896,0.0,22.0,320.4521999999997,30.024675000000002,15.570133186609478,366.0470081866092,118.80000000000061,18.0,502.84700818660986,1347.6299819401145,0.0,0.0,0.0,0.0,9.0,8536.92379197861,0,3
smart,event_heavy,11,3.0,70.0,50.28571339707425,1185.905999999999,33.884366666666665,35.999999999999915,12.666666666666671,1.5,48.666666666666586,38.0,270.0,16.0,101639.66905862857,66.71094509279459,29.71920147913116,0.0,281.0,533.6576999999995,42.092032499999995,13.419654184075817,589.1693866840753,108.00000000000045,38.0,735.1693866840758,1970.2539563133232,0.0,29.0,0.0,18.0,90.0,3.0,70.0,50.28571339707425,1150.4959999999992,32.774747222222224,35.066666666666585,12.333333333333337,1.5,47.39999999999992,37.0,263.0,16.0,99264.80052680096,66.81431447223414,29.809249407447734,0.0,264.0,517.7231999999992,39.598335,13.087419164638796,570.4089541646381,105.20000000000041,37.0,712.6089541646385,1909.7919971612312,0.0,28.0,0.0,18.0,82.0,7009.155404648323,0,3
fixed,persistent_multi_day_surge,11,21.0,1708.0,11778.440239112819,666.0259999999995,20.755174999999994,36.66666666666658,5.999999999999998,1.5,42.66666666666658,18.0,275.0,19.0,110739.57782366782,71.79930039777554,68.35776408868384,22.0,21.0,299.71169999999984,31.261725000000013,16.409944330506004,347.38336933050584,110.00000000000048,18.0,475.3833693305063,1274.027429805757,0.0,0.0,2.0,0.0,9.0,20.0,1705.0,11743.622589834687,666.0259999999995,20.755174999999994,36.66666666666658,5.999999999999998,1.5,42.66666666666658,18.0,275.0,19.0,110739.57782366782,71.79930039777554,68.35776408868384,22.0,21.0,299.71169999999984,31.261725000000013,16.409944330506004,347.38336933050584,110.00000000000048,18.0,475.3833693305063,1274.027429805757,0.0,0.0,2.0,0.0,9.0,9010.816375670413,0,3
smart,persistent_multi_day_surge,11,9.0,66.0,341.3862091323198,1508.7039999999984,42.09793194444441,45.06666666666655,16.00000000000001,2.666666666666666,61.06666666666656,48.0,338.0,31.0,125620.07355304762,66.62875739282416,29.078720729872135,0.0,237.0,678.9167999999992,42.795765000000024,16.496532926904944,738.2090979269042,135.20000000000084,48.0,921.409097926905,2469.3763824441057,0.0,32.0,0.0,36.0,74.0,8.0,63.0,306.56855985418963,1440.0719999999985,39.99268055555553,42.39999999999989,15.333333333333343,2.4999999999999996,57.733333333333235,46.0,318.0,31.0,118879.41622285817,66.31203281506234,28.71483483643917,0.0,220.0,648.0323999999993,39.380715000000016,15.552512438673968,702.9656274386732,127.20000000000073,46.0,876.1656274386739,2348.1238815356464,0.0,31.0,0.0,36.0,66.0,5567.3746762711235,0,3
fixed,localized_surge,11,19.0,289.0,1486.6721766833864,712.1159999999994,21.958599999999993,39.5999999999999,5.999999999999998,1.5,45.5999999999999,18.0,296.0,39.0,108927.71040283001,65.72210359002105,67.23932740915433,1.0,21.0,320.4521999999997,30.024675000000002,16.745507813775788,367.22238281377554,118.80000000000061,18.0,504.0223828137762,1350.7799859409201,0.0,0.0,0.0,0.0,9.0,18.0,286.0,1451.8545274052565,712.1159999999994,21.958599999999993,39.5999999999999,5.999999999999998,1.5,45.5999999999999,18.0,296.0,39.0,108927.71040283001,65.72210359002105,67.23932740915433,1.0,21.0,320.4521999999997,30.024675000000002,16.745507813775788,367.22238281377554,118.80000000000061,18.0,504.0223828137762,1350.7799859409201,0.0,0.0,0.0,0.0,9.0,9010.816375670413,0,3
smart,localized_surge,11,10.0,110.0,247.25895281898326,1396.2829999999988,37.43601527777779,40.666666666666565,15.000000000000009,3.1666666666666656,55.66666666666657,45.0,305.0,39.0,109691.45456127942,64.63863204391838,27.08430976821714,0.0,202.0,628.3273499999997,25.18638750000001,13.58786986489935,667.1016073648991,122.00000000000065,45.0,834.1016073648998,2235.392307737932,0.0,26.0,0.0,42.0,67.0,9.0,107.0,212.4413035408531,1327.650999999999,35.330763888888924,37.99999999999991,14.333333333333341,2.999999999999999,52.33333333333325,43.0,285.0,39.0,102950.79723108995,64.14557617477327,26.602273186328155,0.0,185.0,597.4429499999999,21.7713375,12.64384937666837,631.8581368766683,114.00000000000054,43.0,788.8581368766688,2114.1398068294725,0.0,25.0,0.0,42.0,59.0,9486.485441085502,0,3
fixed,gradual_upward_trend,11,4.0,85.0,183.26012390341964,712.1159999999994,21.958599999999993,39.5999999999999,5.999999999999998,1.5,45.5999999999999,18.0,296.0,33.0,108944.65849379676,65.91406660770984,67.2497891937017,1.0,22.0,320.4521999999997,30.024675000000002,16.941042771488956,367.4179177714887,118.80000000000061,18.0,504.2179177714893,1351.3040196275913,0.0,0.0,0.0,0.0,9.0,3.0,82.0,145.4345071036268,712.1159999999994,21.958599999999993,39.5999999999999,5.999999999999998,1.5,45.5999999999999,18.0,296.0,33.0,108944.65849379676,65.91406660770984,67.2497891937017,1.0,22.0,320.4521999999997,30.024675000000002,16.941042771488956,367.4179177714887,118.80000000000061,18.0,504.2179177714893,1351.3040196275913,0.0,0.0,0.0,0.0,9.0,9854.356616828605,0,3
smart,gradual_upward_trend,11,4.0,84.0,112.50478709286517,1277.096999999999,35.598323611111084,39.333333333333236,13.33333333333334,2.333333333333333,52.66666666666657,40.0,295.0,22.0,110526.11779577544,66.92848286343207,30.7016993877154,0.0,261.0,574.6936499999995,34.94108250000003,15.032781954238867,624.6675144542384,118.0000000000006,40.0,782.6675144542389,2097.5489387373605,0.0,26.0,0.0,21.0,83.0,3.0,81.0,74.67917029307239,1208.4649999999992,33.49307222222222,36.66666666666658,12.666666666666671,2.1666666666666665,49.33333333333325,38.0,275.0,22.0,103753.16624526442,66.5588971774698,30.33718311265042,0.0,244.0,543.8092499999995,31.526032500000024,14.084267406727832,589.4195499067273,110.00000000000048,38.0,737.4195499067278,1976.2843937500304,0.0,25.0,0.0,21.0,75.0,8343.652651660464,0,3
fixed,abrupt_behavior_change,11,37.0,4114.0,29561.217976133346,596.8909999999997,18.94939583333334,32.266666666666595,5.999999999999998,1.5,38.266666666666595,18.0,242.0,24.0,100720.24529757648,73.10503392513036,62.17299092442992,55.0,22.0,268.6009499999999,32.960137500000016,13.661430442611213,315.22251794261115,96.8000000000003,18.0,430.02251794261144,1152.4603480861988,0.0,0.0,5.0,0.0,9.0,36.0,4111.0,29526.40032685522,596.8909999999997,18.94939583333334,32.266666666666595,5.999999999999998,1.5,38.266666666666595,18.0,242.0,24.0,100720.24529757648,73.10503392513036,62.17299092442992,55.0,22.0,268.6009499999999,32.960137500000016,13.661430442611213,315.22251794261115,96.8000000000003,18.0,430.02251794261144,1152.4603480861988,0.0,0.0,5.0,0.0,9.0,14295.333441141103,0,3
smart,abrupt_behavior_change,11,9.0,275.0,514.5409907026151,1507.9629999999993,42.11069722222223,48.9333333333332,15.333333333333343,3.666666666666665,64.26666666666654,46.0,367.0,43.0,139912.06431603138,67.1218799940047,33.79518461739888,0.0,198.0,678.5833499999998,35.40357,18.13627803051022,732.12319803051,146.800000000001,46.0,924.923198030511,2478.7941707217697,0.0,24.0,0.0,46.0,62.0,8.0,272.0,479.72334142448494,1439.3309999999992,40.00544583333334,46.266666666666545,14.666666666666675,3.4999999999999987,60.93333333333322,44.0,347.0,43.0,133171.4069858419,66.86004724557637,33.629143178242906,0.0,181.0,647.6989499999997,31.98852000000001,17.192257542279243,696.8797275422789,138.8000000000009,44.0,879.6797275422798,2357.54166981331,0.0,23.0,0.0,46.0,54.0,4150.191408116974,0,3
fixed,traffic_disruption,11,2.0,20.0,96.18777987946169,712.1159999999994,29.104261875000034,39.5999999999999,5.999999999999998,1.5,45.5999999999999,18.0,297.0,44.0,104424.17808772821,63.085271281505655,64.45936918995568,0.0,22.0,320.4521999999997,147.874440375,21.822897191050863,490.1495375660506,118.80000000000061,18.0,626.9495375660512,1680.2247606770172,0.0,0.0,0.0,0.0,9.0,1.0,17.0,61.37013060133154,712.1159999999994,29.104261875000034,39.5999999999999,5.999999999999998,1.5,45.5999999999999,18.0,297.0,44.0,104424.17808772821,63.085271281505655,64.45936918995568,0.0,22.0,320.4521999999997,147.874440375,21.822897191050863,490.1495375660506,118.80000000000061,18.0,626.9495375660512,1680.2247606770172,0.0,0.0,0.0,0.0,9.0,8947.90836397976,0,3
smart,traffic_disruption,11,6.0,46.0,71.76036176097034,1294.6359999999981,48.77798625000002,37.33333333333324,14.000000000000007,2.999999999999999,51.33333333333325,42.0,280.0,31.0,102479.10998797594,66.07142624746236,27.110875658194693,0.0,228.0,582.5861999999995,251.84922187500024,17.694082322256996,852.1295041972568,112.00000000000051,42.0,1006.1295041972573,2696.42707124865,0.0,24.0,0.0,37.0,72.0,5.0,43.0,36.94271248284019,1226.003999999999,45.948103125000024,34.666666666666586,13.666666666666673,2.8333333333333326,48.33333333333326,40.0,260.0,31.0,95688.6651748649,65.59766554882818,26.580184770795807,0.0,211.0,551.7017999999991,236.49378975000008,16.41258231925774,804.608172069257,104.0000000000004,41.0,949.6081720692573,2544.9499011456096,0.0,23.0,0.0,37.0,64.0,10917.403881850612,0,3
fixed,sensor_failure,11,2.0,20.0,96.18777987946169,712.1159999999994,21.958599999999993,39.5999999999999,5.999999999999998,1.5,45.5999999999999,18.0,297.0,43.0,104361.27007603759,63.05575302244721,64.42053708397383,0.0,125.0,320.4521999999997,30.024675000000002,16.226234972292126,366.7031099722918,118.80000000000061,18.0,503.50310997229246,1349.3883347257438,0.0,0.0,0.0,0.0,9.0,1.0,17.0,61.37013060133154,712.1159999999994,21.958599999999993,39.5999999999999,5.999999999999998,1.5,45.5999999999999,18.0,297.0,43.0,104361.27007603759,63.05575302244721,64.42053708397383,0.0,125.0,320.4521999999997,30.024675000000002,16.226234972292126,366.7031099722918,118.80000000000061,18.0,503.50310997229246,1349.3883347257438,0.0,0.0,0.0,0.0,9.0,9010.816375670413,0,3
smart,sensor_failure,11,32.0,657.0,2856.305964706844,1494.3719999999994,39.03695416666665,35.19999999999992,17.33333333333334,2.999999999999999,52.53333333333326,52.0,264.0,22.0,103508.84097980373,70.01044982033537,22.117273713633274,0.0,957.0,672.4674000000002,29.5533,12.43447321695627,714.4551732169565,105.60000000000042,52.0,872.055173216957,2337.1078642214447,0.0,34.0,0.0,55.0,65.0,31.0,654.0,2821.4883154287136,1494.3719999999994,39.03695416666665,35.19999999999992,17.33333333333334,2.999999999999999,52.53333333333326,52.0,264.0,22.0,103508.84097980373,70.01044982033537,22.117273713633274,0.0,792.0,672.4674000000002,29.5533,12.43447321695627,714.4551732169565,105.60000000000042,52.0,872.055173216957,2337.1078642214447,0.0,34.0,0.0,55.0,53.0,7103.127287077029,0,3
fixed,reduced_truck_capacity,11,11.0,6910.0,35180.822347029665,504.71099999999984,16.541904166666676,26.399999999999945,5.999999999999998,1.5,32.39999999999994,18.0,198.0,41.0,66541.04366983382,59.21092011280161,63.19187433032651,99.0,22.0,227.11995,35.27707500000001,12.126802798705658,274.52382779870567,79.20000000000005,18.0,371.7238277987057,996.2198585005314,0.0,0.0,9.0,0.0,9.0,10.0,6907.0,35146.004697751545,504.71099999999984,16.541904166666676,26.399999999999945,5.999999999999998,1.5,32.39999999999994,18.0,198.0,41.0,66541.04366983382,59.21092011280161,63.19187433032651,99.0,22.0,227.11995,35.27707500000001,12.126802798705658,274.52382779870567,79.20000000000005,18.0,371.7238277987057,996.2198585005314,0.0,0.0,9.0,0.0,9.0,11746.408214724022,0,3
smart,reduced_truck_capacity,11,4.0,48.0,67.48022763446244,1324.6769999999988,36.82410138888888,39.333333333333236,14.000000000000007,2.666666666666666,53.33333333333324,42.0,294.0,27.0,108440.97475818692,65.68648126258779,44.135520862102936,1.0,247.0,596.1046499999997,35.04998250000003,22.05673832885347,653.2113708288532,118.0000000000006,42.0,813.2113708288538,2179.4064738213283,0.0,25.0,0.0,27.0,79.0,3.0,45.0,32.66257835633229,1256.044999999999,34.71884999999998,36.66666666666658,13.33333333333334,2.4999999999999996,49.999999999999915,40.0,274.0,27.0,101700.31742799743,65.25011652414624,43.46167411452882,1.0,230.0,565.2202499999995,31.634932500000026,20.604399116190415,617.4595816161899,110.00000000000048,40.0,767.4595816161903,2056.79167873139,0.0,24.0,0.0,27.0,71.0,4959.819245766136,0,3
fixed,combined_demand_operational_stress,11,90.0,9048.0,79440.64372534207,515.7029999999999,22.63147500000001,25.333333333333282,5.999999999999998,1.5,31.33333333333328,18.0,186.0,0.0,94902.78164859631,89.65187612161547,90.1260984317154,111.0,126.0,232.06634999999997,128.54501212500006,24.26341088533237,384.8747730103324,76.0,18.0,478.8747730103324,1283.3843916676908,0.0,0.0,9.0,0.0,9.0,80.0,8954.0,78738.3173268565,515.7029999999999,22.63147500000001,25.333333333333282,5.999999999999998,1.5,31.33333333333328,18.0,186.0,0.0,94902.78164859631,89.65187612161547,90.1260984317154,111.0,126.0,232.06634999999997,128.54501212500006,24.26341088533237,384.8747730103324,76.0,18.0,478.8747730103324,1283.3843916676908,0.0,0.0,9.0,0.0,9.0,16666.74147455065,0,3
smart,combined_demand_operational_stress,11,102.0,3059.0,25130.45156435723,1705.5859999999986,57.81680812499997,46.66666666666654,19.0,4.333333333333332,65.66666666666654,57.0,350.0,19.0,155099.95437208313,77.70085100637935,46.51370651434492,0.0,564.0,767.5136999999995,276.24167887500033,37.20177755772717,1080.957156432727,140.0000000000009,57.0,1277.957156432728,3424.9251792397113,0.0,31.0,0.0,82.0,38.0,100.0,3051.0,25044.283316701723,1608.3099999999986,54.22101749999998,43.86666666666655,18.000000000000004,4.166666666666665,61.86666666666656,54.0,329.0,17.0,148702.52245706655,78.39966650246751,47.07265668156586,0.0,440.0,723.7394999999993,258.0674332500003,35.361070254502394,1017.168003504502,131.6000000000008,54.0,1202.7680035045028,3223.4182493920675,0.0,29.0,0.0,79.0,29.0,10779.760912048612,0,3
fixed,normal_patterned,12,11.0,630.0,2935.94379267611,689.0709999999996,21.356245833333322,38.13333333333324,5.999999999999998,1.5,44.13333333333324,18.0,286.0,45.0,99248.49472968657,62.100663488299716,61.26450291955961,11.0,24.0,310.0819499999998,30.486037500000002,15.055603814440476,355.62359131444026,114.40000000000055,18.0,488.0235913144408,1307.9032247227015,0.0,0.0,1.0,0.0,8.0,11.0,630.0,2935.94379267611,689.0709999999996,21.356245833333322,38.13333333333324,5.999999999999998,1.5,44.13333333333324,18.0,286.0,45.0,99248.49472968657,62.100663488299716,61.26450291955961,11.0,24.0,310.0819499999998,30.486037500000002,15.055603814440476,355.62359131444026,114.40000000000055,18.0,488.0235913144408,1307.9032247227015,0.0,0.0,1.0,0.0,8.0,10609.29402083662,0,3
smart,normal_patterned,12,1.0,1.0,1.06188941856378,1263.9759999999999,34.52083055555553,39.06666666666657,13.000000000000005,2.4999999999999996,52.06666666666658,39.0,293.0,22.0,107045.82502376016,65.5207434756874,30.49738604665532,0.0,235.0,568.7891999999996,26.536139999999993,13.659321159370888,608.9846611593705,117.20000000000059,39.0,765.1846611593711,2050.6948919071147,0.0,24.0,0.0,26.0,89.0,1.0,1.0,1.06188941856378,1263.9759999999999,34.52083055555553,39.06666666666657,13.000000000000005,2.4999999999999996,52.06666666666658,39.0,293.0,22.0,107045.82502376016,65.5207434756874,30.49738604665532,0.0,219.0,568.7891999999996,26.536139999999993,13.659321159370888,608.9846611593705,117.20000000000059,39.0,765.1846611593711,2050.6948919071147,0.0,24.0,0.0,26.0,79.0,5746.845630020486,0,3
fixed,high_demand_seasonal,12,56.0,6701.0,47817.87705792106,527.7559999999999,17.144900000000007,27.866666666666607,5.999999999999998,1.5,33.8666666666666,18.0,209.0,0.0,101672.85834591379,84.70836022880404,62.76102367031716,88.0,22.0,237.49019999999996,34.97287500000001,12.577599992819597,285.04067499281956,83.60000000000011,18.0,386.64067499281964,1036.1970089807567,0.0,0.0,8.0,0.0,8.0,51.0,6685.0,47702.58159162198,527.7559999999999,17.144900000000007,27.866666666666607,5.999999999999998,1.5,33.8666666666666,18.0,209.0,0.0,101672.85834591379,84.70836022880404,62.76102367031716,88.0,22.0,237.49019999999996,34.97287500000001,12.577599992819597,285.04067499281956,83.60000000000011,18.0,386.64067499281964,1036.1970089807567,0.0,0.0,8.0,0.0,8.0,16395.797913636663,0,3
smart,high_demand_seasonal,12,9.0,65.0,389.8613732784612,1600.498,43.111956944444394,54.39999999999985,16.666666666666675,3.1666666666666656,71.06666666666652,50.0,408.0,21.0,157661.72757782615,69.10810692712234,35.03593946173915,0.0,165.0,720.224099999999,23.32293750000001,20.25813464291757,763.8051721429165,163.20000000000124,50.0,977.0051721429177,2618.3738613430196,0.0,31.0,0.0,48.0,67.0,8.0,59.0,316.2853592877002,1528.854,41.2010680555555,51.333333333333194,16.00000000000001,2.999999999999999,67.3333333333332,48.0,385.0,19.0,151218.42284779978,69.53362573654016,35.0042645481018,0.0,154.0,687.9842999999989,23.32293750000001,19.39556923603725,730.7028067360361,154.0000000000011,48.0,932.7028067360372,2499.64352205258,0.0,30.0,0.0,45.0,60.0,7834.9443663668335,0,3
fixed,event_heavy,12,12.0,609.0,2794.027240757684,689.0709999999996,21.356245833333322,38.13333333333324,5.999999999999998,1.5,44.13333333333324,18.0,286.0,68.0,95475.62713487404,59.50548874538059,58.9355723054778,11.0,24.0,310.0819499999998,30.486037500000002,14.486638197404943,355.05462569740473,114.40000000000055,18.0,487.4546256974053,1306.3783968690461,0.0,0.0,1.0,0.0,8.0,12.0,609.0,2794.027240757684,689.0709999999996,21.356245833333322,38.13333333333324,5.999999999999998,1.5,44.13333333333324,18.0,286.0,68.0,95475.62713487404,59.50548874538059,58.9355723054778,11.0,24.0,310.0819499999998,30.486037500000002,14.486638197404943,355.05462569740473,114.40000000000055,18.0,487.4546256974053,1306.3783968690461,0.0,0.0,1.0,0.0,8.0,9917.173347875674,0,3
smart,event_heavy,12,3.0,20.0,34.682798667592095,1297.108999999999,36.72201527777778,36.13333333333325,14.000000000000007,2.666666666666666,50.133333333333255,42.0,271.0,11.0,99397.22599950003,65.93202195921107,26.29556243373017,0.0,217.0,583.6990499999998,43.67639250000001,12.913451129013268,640.2888936290132,108.40000000000046,42.0,790.6888936290136,2119.0462349257564,0.0,26.0,0.0,31.0,83.0,3.0,20.0,34.682798667592095,1297.108999999999,36.72201527777778,36.13333333333325,14.000000000000007,2.666666666666666,50.133333333333255,42.0,271.0,11.0,99397.22599950003,65.93202195921107,26.29556243373017,0.0,201.0,583.6990499999998,43.67639250000001,12.913451129013268,640.2888936290132,108.40000000000046,42.0,790.6888936290136,2119.0462349257564,0.0,26.0,0.0,31.0,73.0,8754.918925339809,0,3
fixed,persistent_multi_day_surge,12,28.0,2687.0,18255.20047502053,642.9809999999997,20.153462499999996,35.19999999999992,5.999999999999998,1.5,41.19999999999992,18.0,264.0,32.0,103708.72754393623,69.44040451815924,64.01773305181248,33.0,22.0,289.3414499999998,31.88025000000001,14.854092452043224,336.075792452043,105.60000000000042,18.0,459.6757924520434,1231.9311237714765,0.0,0.0,3.0,0.0,8.0,28.0,2687.0,18255.20047502053,642.9809999999997,20.153462499999996,35.19999999999992,5.999999999999998,1.5,41.19999999999992,18.0,264.0,32.0,103708.72754393623,69.44040451815924,64.01773305181248,33.0,22.0,289.3414499999998,31.88025000000001,14.854092452043224,336.075792452043,105.60000000000042,18.0,459.6757924520434,1231.9311237714765,0.0,0.0,3.0,0.0,8.0,10609.29402083662,0,3
smart,persistent_multi_day_surge,12,3.0,9.0,47.84765512056509,1383.113999999999,38.11180555555551,44.66666666666655,14.333333333333341,2.8333333333333326,58.99999999999989,43.0,335.0,25.0,124836.92954152779,66.9329874802403,32.25760453269452,0.0,189.0,622.4012999999992,30.312202500000016,16.46149656541715,669.1749990654164,134.00000000000082,43.0,846.1749990654172,2267.7489974953182,0.0,26.0,0.0,35.0,77.0,3.0,9.0,47.84765512056509,1383.113999999999,38.11180555555551,44.66666666666655,14.333333333333341,2.8333333333333326,58.99999999999989,43.0,335.0,25.0,124836.92954152779,66.9329874802403,32.25760453269452,0.0,173.0,622.4012999999992,30.312202500000016,16.46149656541715,669.1749990654164,134.00000000000082,43.0,846.1749990654172,2267.7489974953182,0.0,26.0,0.0,35.0,67.0,7688.444843144944,0,3
fixed,localized_surge,12,21.0,780.0,4348.064495596328,689.0709999999996,21.356245833333322,38.13333333333324,5.999999999999998,1.5,44.13333333333324,18.0,286.0,41.0,103797.15178963155,64.8096576569597,64.07231591952565,11.0,24.0,310.0819499999998,30.486037500000002,15.571736084475427,356.13972358447523,114.40000000000055,18.0,488.5397235844758,1309.2864592063952,0.0,0.0,1.0,0.0,8.0,21.0,780.0,4348.064495596328,689.0709999999996,21.356245833333322,38.13333333333324,5.999999999999998,1.5,44.13333333333324,18.0,286.0,41.0,103797.15178963155,64.8096576569597,64.07231591952565,11.0,24.0,310.0819499999998,30.486037500000002,15.571736084475427,356.13972358447523,114.40000000000055,18.0,488.5397235844758,1309.2864592063952,0.0,0.0,1.0,0.0,8.0,10609.29402083662,0,3
smart,localized_surge,12,5.0,61.0,59.63573109837132,1296.3679999999995,34.68554444444441,40.3999999999999,13.666666666666673,2.8333333333333326,54.06666666666657,41.0,303.0,29.0,111164.16022104057,65.73466978218681,30.125788677788773,0.0,212.0,583.3655999999994,18.531945000000007,14.113174258628188,616.0107192586275,121.20000000000064,41.0,778.2107192586282,2085.6047276131235,0.0,24.0,0.0,36.0,78.0,5.0,61.0,59.63573109837132,1296.3679999999995,34.68554444444441,40.3999999999999,13.666666666666673,2.8333333333333326,54.06666666666657,41.0,303.0,29.0,111164.16022104057,65.73466978218681,30.125788677788773,0.0,196.0,583.3655999999994,18.531945000000007,14.113174258628188,616.0107192586275,121.20000000000064,41.0,778.2107192586282,2085.6047276131235,0.0,24.0,0.0,36.0,68.0,7530.714353925417,0,3
fixed,gradual_upward_trend,12,13.0,650.0,3206.635903645946,689.0709999999996,21.356245833333322,38.13333333333324,5.999999999999998,1.5,44.13333333333324,18.0,286.0,35.0,103481.47890847025,64.73508810269848,63.877456116339665,11.0,24.0,310.0819499999998,30.486037500000002,15.706296963647196,356.274284463647,114.40000000000055,18.0,488.67428446364755,1309.6470823625755,0.0,0.0,1.0,0.0,8.0,13.0,650.0,3206.635903645946,689.0709999999996,21.356245833333322,38.13333333333324,5.999999999999998,1.5,44.13333333333324,18.0,286.0,35.0,103481.47890847025,64.73508810269848,63.877456116339665,11.0,24.0,310.0819499999998,30.486037500000002,15.706296963647196,356.274284463647,114.40000000000055,18.0,488.67428446364755,1309.6470823625755,0.0,0.0,1.0,0.0,8.0,11598.872768488176,0,3
smart,gradual_upward_trend,12,6.0,76.0,194.81871116307474,1365.449,35.2994486111111,40.93333333333323,14.666666666666675,2.999999999999999,55.59999999999991,44.0,307.0,30.0,112501.22839678706,65.25006866391867,28.409401110299765,0.0,204.0,614.4520499999999,8.1016875,14.137689869766294,636.6914273697662,122.80000000000067,44.0,803.4914273697668,2153.357025350975,0.0,26.0,0.0,41.0,75.0,6.0,76.0,194.81871116307474,1365.449,35.2994486111111,40.93333333333323,14.666666666666675,2.999999999999999,55.59999999999991,44.0,307.0,30.0,112501.22839678706,65.25006866391867,28.409401110299765,0.0,188.0,614.4520499999999,8.1016875,14.137689869766294,636.6914273697662,122.80000000000067,44.0,803.4914273697668,2153.357025350975,0.0,26.0,0.0,41.0,65.0,5590.940472654339,0,3
fixed,abrupt_behavior_change,12,30.0,4483.0,30743.978089308144,573.8459999999998,18.346400000000003,30.79999999999993,5.999999999999998,1.5,36.799999999999926,18.0,231.0,16.0,95734.24595827537,73.12823604527634,59.09521355449097,66.0,24.0,258.2307,33.26433750000001,12.551230453632535,304.04626795363254,92.40000000000023,18.0,414.44626795363274,1110.7159981157358,0.0,0.0,6.0,0.0,8.0,30.0,4483.0,30743.978089308144,573.8459999999998,18.346400000000003,30.79999999999993,5.999999999999998,1.5,36.799999999999926,18.0,231.0,16.0,95734.24595827537,73.12823604527634,59.09521355449097,66.0,24.0,258.2307,33.26433750000001,12.551230453632535,304.04626795363254,92.40000000000023,18.0,414.44626795363274,1110.7159981157358,0.0,0.0,6.0,0.0,8.0,16039.76058889101,0,3
smart,abrupt_behavior_change,12,7.0,59.0,144.050442498083,1498.7979999999989,41.02264722222221,47.33333333333321,15.666666666666677,2.8333333333333326,62.999999999999886,47.0,355.0,26.0,131998.41014745572,66.35248964199661,31.205297907199935,0.0,216.0,674.4590999999996,33.10206750000001,17.08692633754156,724.6480938375411,142.00000000000094,47.0,913.648093837542,2448.5768914846126,0.0,30.0,0.0,33.0,82.0,7.0,59.0,144.050442498083,1498.7979999999989,41.02264722222221,47.33333333333321,15.666666666666677,2.8333333333333326,62.999999999999886,47.0,355.0,26.0,131998.41014745572,66.35248964199661,31.205297907199935,0.0,200.0,674.4590999999996,33.10206750000001,17.08692633754156,724.6480938375411,142.00000000000094,47.0,913.648093837542,2448.5768914846126,0.0,30.0,0.0,33.0,72.0,10375.524046520797,0,3
fixed,traffic_disruption,12,11.0,633.0,2930.995812902592,689.0709999999996,28.34394375000003,38.13333333333324,5.999999999999998,1.5,44.13333333333324,18.0,286.0,45.0,99323.67102575094,62.140356928646725,61.310908040586995,11.0,24.0,310.0819499999998,145.493386875,20.256843920634186,475.832180795634,114.40000000000055,18.0,608.2321807956346,1630.0622445323008,0.0,0.0,1.0,0.0,8.0,11.0,633.0,2930.995812902592,689.0709999999996,28.34394375000003,38.13333333333324,5.999999999999998,1.5,44.13333333333324,18.0,286.0,45.0,99323.67102575094,62.140356928646725,61.310908040586995,11.0,24.0,310.0819499999998,145.493386875,20.256843920634186,475.832180795634,114.40000000000055,18.0,608.2321807956346,1630.0622445323008,0.0,0.0,1.0,0.0,8.0,10539.065704545796,0,3
smart,traffic_disruption,12,0.0,0.0,0.0,1143.359999999999,42.07807499999999,38.399999999999906,11.333333333333336,2.333333333333333,49.73333333333324,34.0,288.0,15.0,107166.61025246745,66.7938416795808,35.021768056361914,0.0,228.0,514.5119999999995,207.5569717500004,18.81820203453251,740.8871737845325,115.20000000000056,34.0,890.087173784533,2385.4336257425484,0.0,20.0,0.0,26.0,87.0,0.0,0.0,0.0,1143.359999999999,42.07807499999999,38.399999999999906,11.333333333333336,2.333333333333333,49.73333333333324,34.0,288.0,15.0,107166.61025246745,66.7938416795808,35.021768056361914,0.0,212.0,514.5119999999995,207.5569717500004,18.81820203453251,740.8871737845325,115.20000000000056,34.0,890.087173784533,2385.4336257425484,0.0,20.0,0.0,26.0,77.0,5627.122290731694,0,3
fixed,sensor_failure,12,11.0,630.0,2935.94379267611,689.0709999999996,21.356245833333322,38.13333333333324,5.999999999999998,1.5,44.13333333333324,18.0,286.0,45.0,99248.49472968657,62.100663488299716,61.26450291955961,11.0,125.0,310.0819499999998,30.486037500000002,15.055603814440476,355.62359131444026,114.40000000000055,18.0,488.0235913144408,1307.9032247227015,0.0,0.0,1.0,0.0,9.0,11.0,630.0,2935.94379267611,689.0709999999996,21.356245833333322,38.13333333333324,5.999999999999998,1.5,44.13333333333324,18.0,286.0,45.0,99248.49472968657,62.100663488299716,61.26450291955961,11.0,125.0,310.0819499999998,30.486037500000002,15.055603814440476,355.62359131444026,114.40000000000055,18.0,488.0235913144408,1307.9032247227015,0.0,0.0,1.0,0.0,9.0,10609.29402083662,0,3
smart,sensor_failure,12,31.0,822.0,3800.4712688310656,1471.3710000000003,37.40294027777776,32.39999999999993,17.33333333333334,3.8333333333333317,49.73333333333326,52.0,243.0,20.0,98706.63386556445,72.58452464343773,21.091161082385565,0.0,796.0,662.1169499999993,12.0630825,11.254076692855001,685.4341091928543,97.2000000000003,52.0,834.6341091928546,2236.8194126368503,0.0,29.0,0.0,68.0,52.0,31.0,822.0,3800.4712688310656,1471.3710000000003,37.40294027777776,32.39999999999993,17.33333333333334,3.8333333333333317,49.73333333333326,52.0,243.0,20.0,98706.63386556445,72.58452464343773,21.091161082385565,0.0,626.0,662.1169499999993,12.0630825,11.254076692855001,685.4341091928543,97.2000000000003,52.0,834.6341091928546,2236.8194126368503,0.0,29.0,0.0,68.0,40.0,10286.62740880365,0,3
fixed,reduced_truck_capacity,12,11.0,6668.0,34394.947522881004,504.71099999999984,16.541904166666672,26.399999999999945,5.999999999999998,1.5,32.39999999999994,18.0,198.0,44.0,65493.43289004857,58.12665680658155,62.19699229824175,99.0,24.0,227.11995,35.27707500000001,11.907537293939757,274.30456229393974,79.20000000000005,18.0,371.5045622939398,995.6322269477587,0.0,0.0,9.0,0.0,8.0,11.0,6668.0,34394.947522881004,504.71099999999984,16.541904166666672,26.399999999999945,5.999999999999998,1.5,32.39999999999994,18.0,198.0,44.0,65493.43289004857,58.12665680658155,62.19699229824175,99.0,24.0,227.11995,35.27707500000001,11.907537293939757,274.30456229393974,79.20000000000005,18.0,371.5045622939398,995.6322269477587,0.0,0.0,9.0,0.0,8.0,12905.352130269663,0,3
smart,reduced_truck_capacity,12,1.0,1.0,1.06188941856378,1263.9759999999999,34.52083055555553,38.93333333333324,13.000000000000005,2.4999999999999996,51.933333333333245,39.0,292.0,22.0,106351.49367634585,65.53448575164087,46.61472438147966,0.0,235.0,568.7891999999996,26.536139999999993,20.82922488653002,616.1545648865297,116.80000000000058,39.0,771.9545648865303,2068.8382338959013,0.0,24.0,0.0,26.0,89.0,1.0,1.0,1.06188941856378,1263.9759999999999,34.52083055555553,38.93333333333324,13.000000000000005,2.4999999999999996,51.933333333333245,39.0,292.0,22.0,106351.49367634585,65.53448575164087,46.61472438147966,0.0,219.0,568.7891999999996,26.536139999999993,20.82922488653002,616.1545648865297,116.80000000000058,39.0,771.9545648865303,2068.8382338959013,0.0,24.0,0.0,26.0,79.0,6441.1769774347795,0,3
fixed,combined_demand_operational_stress,12,100.0,9060.0,79375.79577350321,524.3929999999998,23.218353750000002,25.333333333333282,5.999999999999998,1.5,31.33333333333328,18.0,187.0,4.0,93077.62052062937,88.63478840315618,88.39280201389303,110.0,121.0,235.97684999999996,130.50022837500006,24.57361404699071,391.05069242199073,76.0,18.0,485.05069242199073,1299.9358556909353,0.0,0.0,9.0,0.0,9.0,97.0,9051.0,79339.76905084423,524.3929999999998,23.218353750000002,25.333333333333282,5.999999999999998,1.5,31.33333333333328,18.0,187.0,4.0,93077.62052062937,88.63478840315618,88.39280201389303,110.0,121.0,235.97684999999996,130.50022837500006,24.57361404699071,391.05069242199073,76.0,18.0,485.05069242199073,1299.9358556909353,0.0,0.0,9.0,0.0,9.0,18429.145788630805,0,3
smart,combined_demand_operational_stress,12,114.0,3016.0,24072.02849924226,1663.6749999999981,58.02975374999997,44.53333333333322,18.666666666666668,4.333333333333332,63.19999999999989,56.0,334.0,24.0,153215.0958291374,80.47184548368047,46.76895477079896,0.0,692.0,748.6537499999993,284.4511818750002,37.293031716839565,1070.397963591839,133.60000000000082,56.0,1259.9979635918398,3376.794542426131,0.0,30.0,0.0,73.0,46.0,112.0,3010.0,24039.909028635702,1599.5229999999985,55.316414999999985,41.86666666666656,18.333333333333336,4.166666666666665,60.199999999999896,54.0,314.0,24.0,144564.40305573534,80.5070415353093,45.76271068557624,0.0,522.0,719.7853499999993,270.6108131250003,35.13087325777825,1025.5270363827779,125.6000000000007,55.0,1206.1270363827784,3232.4204575058466,0.0,29.0,0.0,73.0,34.0,13595.437754383678,0,3
fixed,normal_patterned,13,0.0,0.0,0.0,712.1159999999994,21.958599999999993,39.5999999999999,5.999999999999998,1.5,45.5999999999999,18.0,297.0,59.0,101249.22058119257,60.94678050494373,62.49951887727936,0.0,25.0,320.4521999999997,30.024675000000002,15.780360355601562,366.25723535560127,118.80000000000061,18.0,503.05723535560185,1348.193390753013,0.0,0.0,0.0,0.0,8.0,0.0,0.0,0.0,712.1159999999994,21.958599999999993,39.5999999999999,5.999999999999998,1.5,45.5999999999999,18.0,297.0,59.0,101249.22058119257,60.94678050494373,62.49951887727936,0.0,25.0,320.4521999999997,30.024675000000002,15.780360355601562,366.25723535560127,118.80000000000061,18.0,503.05723535560185,1348.193390753013,0.0,0.0,0.0,0.0,8.0,9343.511989483422,0,3
smart,normal_patterned,13,4.0,83.0,98.63411665792118,1176.7959999999996,33.30743194444444,38.399999999999906,12.000000000000004,2.1666666666666665,50.399999999999906,36.0,288.0,24.0,105243.50120677728,65.9518181940007,32.48256210085719,0.0,276.0,529.558199999999,35.71395750000002,14.21413236804403,579.4862898680431,115.20000000000056,36.0,730.6862898680436,1958.239256846357,0.0,23.0,0.0,28.0,85.0,4.0,83.0,98.63411665792118,1176.7959999999996,33.30743194444444,38.399999999999906,12.000000000000004,2.1666666666666665,50.399999999999906,36.0,288.0,24.0,105243.50120677728,65.9518181940007,32.48256210085719,0.0,254.0,529.558199999999,35.71395750000002,14.21413236804403,579.4862898680431,115.20000000000056,36.0,730.6862898680436,1958.239256846357,0.0,23.0,0.0,28.0,75.0,5250.59724724077,0,3
fixed,high_demand_seasonal,13,40.0,7323.0,53099.69217945275,504.71099999999996,16.541262500000002,26.399999999999945,5.999999999999998,1.5,32.39999999999994,18.0,198.0,0.0,94295.87662544184,82.63590546586398,58.20733125027275,99.0,26.0,227.11995,35.1199125,11.147469827492898,273.38733232749286,79.20000000000005,18.0,370.5873323274929,993.174050637681,0.0,0.0,9.0,0.0,8.0,34.0,7300.0,52946.38218935034,504.71099999999996,16.541262500000002,26.399999999999945,5.999999999999998,1.5,32.39999999999994,18.0,198.0,0.0,94295.87662544184,82.63590546586398,58.20733125027275,99.0,26.0,227.11995,35.1199125,11.147469827492898,273.38733232749286,79.20000000000005,18.0,370.5873323274929,993.174050637681,0.0,0.0,9.0,0.0,8.0,15000.324059823593,0,3
smart,high_demand_seasonal,13,12.0,58.0,205.45197455680724,1652.9860000000006,46.584743055555464,54.93333333333318,17.000000000000007,3.4999999999999987,71.9333333333332,51.0,412.0,39.0,154874.4542201844,67.63331554530642,33.74171115908157,0.0,228.0,743.8436999999994,47.300512499999996,20.848218192937544,811.992430692937,164.80000000000126,51.0,1027.7924306929383,2754.483714257075,0.0,30.0,0.0,42.0,71.0,12.0,58.0,205.45197455680724,1573.8620000000008,44.137941666666606,50.79999999999986,16.333333333333343,3.333333333333332,67.13333333333321,49.0,381.0,39.0,142988.8795545648,67.21260887701185,32.42378221191946,0.0,207.0,708.2378999999993,43.69941,19.080426835155237,771.0177368351546,152.40000000000109,49.0,972.4177368351557,2606.0795347182175,0.0,29.0,0.0,41.0,62.0,7315.986669976837,0,3
fixed,event_heavy,13,0.0,0.0,0.0,712.1159999999994,21.958599999999993,39.5999999999999,5.999999999999998,1.5,45.5999999999999,18.0,297.0,76.0,97216.3672769911,58.21750668404968,60.010103257401916,0.0,25.0,320.4521999999997,30.024675000000002,15.170281596811034,365.64715659681076,118.80000000000061,18.0,502.4471565968114,1346.5583796794547,0.0,0.0,0.0,0.0,8.0,0.0,0.0,0.0,712.1159999999994,21.958599999999993,39.5999999999999,5.999999999999998,1.5,45.5999999999999,18.0,297.0,76.0,97216.3672769911,58.21750668404968,60.010103257401916,0.0,25.0,320.4521999999997,30.024675000000002,15.170281596811034,365.64715659681076,118.80000000000061,18.0,502.4471565968114,1346.5583796794547,0.0,0.0,0.0,0.0,8.0,8707.39008816169,0,3
smart,event_heavy,13,5.0,19.0,43.327127903678985,999.8729999999986,26.528195833333342,34.93333333333325,10.333333333333334,1.8333333333333335,45.26666666666659,31.0,262.0,12.0,98922.95094176436,67.40113719983262,35.45625481783669,0.0,289.0,449.9428499999996,11.755530000000007,12.93557904273543,474.63395904273506,104.80000000000041,31.0,610.4339590427355,1635.9630102345313,0.0,20.0,0.0,24.0,89.0,5.0,19.0,43.327127903678985,999.8729999999986,26.528195833333342,34.93333333333325,10.333333333333334,1.8333333333333335,45.26666666666659,31.0,262.0,12.0,98922.95094176436,67.40113719983262,35.45625481783669,0.0,267.0,449.9428499999996,11.755530000000007,12.93557904273543,474.63395904273506,104.80000000000041,31.0,610.4339590427355,1635.9630102345313,0.0,20.0,0.0,24.0,79.0,6957.479295484761,0,3
fixed,persistent_multi_day_surge,13,16.0,3205.0,20171.964245980533,619.9359999999997,19.549824999999995,33.733333333333256,5.999999999999998,1.5,39.733333333333256,18.0,253.0,28.0,98069.42910818513,68.76208148625875,60.53668463468218,44.0,25.0,278.97119999999984,32.02728750000001,13.731364995459156,324.729852495459,101.20000000000036,18.0,443.9298524954594,1189.7320046878312,0.0,0.0,4.0,0.0,8.0,16.0,3205.0,20171.964245980533,619.9359999999997,19.549824999999995,33.733333333333256,5.999999999999998,1.5,39.733333333333256,18.0,253.0,28.0,98069.42910818513,68.76208148625875,60.53668463468218,44.0,25.0,278.97119999999984,32.02728750000001,13.731364995459156,324.729852495459,101.20000000000036,18.0,443.9298524954594,1189.7320046878312,0.0,0.0,4.0,0.0,8.0,9343.511989483422,0,3
smart,persistent_multi_day_surge,13,6.0,33.0,48.57427476833202,1255.6979999999994,35.04670972222216,41.06666666666656,13.33333333333334,2.333333333333333,54.399999999999906,40.0,308.0,17.0,117644.36076390176,68.28712603496098,32.67898910108382,0.0,268.0,565.0640999999994,30.619597500000015,15.357636157669013,611.0413336576685,123.20000000000067,40.0,774.2413336576692,2074.9667742025536,0.0,26.0,0.0,33.0,81.0,6.0,33.0,48.57427476833202,1255.6979999999994,35.04670972222216,41.06666666666656,13.33333333333334,2.333333333333333,54.399999999999906,40.0,308.0,17.0,117644.36076390176,68.28712603496098,32.67898910108382,0.0,246.0,565.0640999999994,30.619597500000015,15.357636157669013,611.0413336576685,123.20000000000067,40.0,774.2413336576692,2074.9667742025536,0.0,26.0,0.0,33.0,71.0,9891.970304978928,0,3
fixed,localized_surge,13,19.0,686.0,3790.378927193264,689.0709999999995,21.356245833333325,38.13333333333324,5.999999999999998,1.5,44.13333333333324,18.0,286.0,53.0,103096.15555780791,64.11276475561456,63.63960219617772,11.0,25.0,310.0819499999998,30.486037500000002,15.544574269491509,356.1125617694913,114.40000000000055,18.0,488.51256176949187,1309.2136655422382,0.0,0.0,1.0,0.0,8.0,19.0,686.0,3790.378927193264,689.0709999999995,21.356245833333325,38.13333333333324,5.999999999999998,1.5,44.13333333333324,18.0,286.0,53.0,103096.15555780791,64.11276475561456,63.63960219617772,11.0,25.0,310.0819499999998,30.486037500000002,15.544574269491509,356.1125617694913,114.40000000000055,18.0,488.51256176949187,1309.2136655422382,0.0,0.0,1.0,0.0,8.0,9343.511989483422,0,3
smart,localized_surge,13,4.0,32.0,44.104890769496095,1235.3439999999996,34.57076666666669,40.266666666666566,12.666666666666671,2.0,52.93333333333324,38.0,302.0,22.0,111867.9421738982,66.5174396645194,32.70992461225094,0.0,298.0,555.9047999999998,32.228887500000006,14.729043939855455,602.8627314398553,120.80000000000064,38.0,761.662731439856,2041.2561202588142,0.0,26.0,0.0,24.0,89.0,4.0,32.0,44.104890769496095,1235.3439999999996,34.57076666666669,40.266666666666566,12.666666666666671,2.0,52.93333333333324,38.0,302.0,22.0,111867.9421738982,66.5174396645194,32.70992461225094,0.0,276.0,555.9047999999998,32.228887500000006,14.729043939855455,602.8627314398553,120.80000000000064,38.0,761.662731439856,2041.2561202588142,0.0,26.0,0.0,24.0,79.0,4317.999409816854,0,3
fixed,gradual_upward_trend,13,1.0,2.0,6.155666233479565,712.1159999999994,21.958599999999993,39.5999999999999,5.999999999999998,1.5,45.5999999999999,18.0,297.0,46.0,105643.31229041853,63.5934457084376,65.21192116692501,0.0,25.0,320.4521999999997,30.024675000000002,16.463312321401098,366.9401873214008,118.80000000000061,18.0,503.74018732140144,1350.023702021356,0.0,0.0,0.0,0.0,8.0,1.0,2.0,6.155666233479565,712.1159999999994,21.958599999999993,39.5999999999999,5.999999999999998,1.5,45.5999999999999,18.0,297.0,46.0,105643.31229041853,63.5934457084376,65.21192116692501,0.0,25.0,320.4521999999997,30.024675000000002,16.463312321401098,366.9401873214008,118.80000000000061,18.0,503.74018732140144,1350.023702021356,0.0,0.0,0.0,0.0,8.0,10212.394235812344,0,3
smart,gradual_upward_trend,13,2.0,10.0,15.428185103239556,1198.1489999999985,33.69965416666667,40.266666666666566,12.333333333333337,2.666666666666666,52.5999999999999,37.0,302.0,29.0,111539.47267289343,66.33027109656774,33.49533713900704,0.0,262.0,539.1670499999994,30.888247500000006,14.598185950774436,584.6534834507739,120.80000000000064,37.0,742.4534834507746,1989.775335648076,0.0,21.0,0.0,33.0,79.0,2.0,10.0,15.428185103239556,1198.1489999999985,33.69965416666667,40.266666666666566,12.333333333333337,2.666666666666666,52.5999999999999,37.0,302.0,29.0,111539.47267289343,66.33027109656774,33.49533713900704,0.0,240.0,539.1670499999994,30.888247500000006,14.598185950774436,584.6534834507739,120.80000000000064,37.0,742.4534834507746,1989.775335648076,0.0,21.0,0.0,33.0,69.0,4306.961334467769,0,3
fixed,abrupt_behavior_change,13,24.0,3208.0,22637.023335254406,619.9459999999995,19.56861944444444,33.733333333333256,5.999999999999998,1.5,39.733333333333256,18.0,252.0,22.0,103456.7160182341,72.78894820322004,63.86217038162599,45.0,26.0,278.97569999999985,32.128560000000014,14.720873223134419,325.82513322313423,101.20000000000036,18.0,445.0251332231346,1192.6673570380008,0.0,0.0,4.0,0.0,8.0,24.0,3208.0,22637.023335254406,619.9459999999995,19.56861944444444,33.733333333333256,5.999999999999998,1.5,39.733333333333256,18.0,252.0,22.0,103456.7160182341,72.78894820322004,63.86217038162599,45.0,26.0,278.97569999999985,32.128560000000014,14.720873223134419,325.82513322313423,101.20000000000036,18.0,445.0251332231346,1192.6673570380008,0.0,0.0,4.0,0.0,8.0,13540.373711828506,0,3
smart,abrupt_behavior_change,13,10.0,130.0,302.15619208798006,1404.8489999999983,38.02405277777776,47.86666666666654,14.000000000000007,3.1666666666666656,61.866666666666546,43.0,359.0,30.0,135789.15145563538,67.73842006245049,35.0876360350479,0.0,219.0,632.1820499999992,22.410945000000005,17.980265804978753,672.573260804978,143.60000000000096,42.0,858.1732608049789,2299.9043389573435,0.0,24.0,0.0,45.0,69.0,10.0,130.0,302.15619208798006,1404.8489999999983,38.02405277777776,47.86666666666654,14.000000000000007,3.1666666666666656,61.866666666666546,43.0,359.0,30.0,135789.15145563538,67.73842006245049,35.0876360350479,0.0,197.0,632.1820499999992,22.410945000000005,17.980265804978753,672.573260804978,143.60000000000096,42.0,858.1732608049789,2299.9043389573435,0.0,24.0,0.0,45.0,59.0,3542.8054175937086,1,3
fixed,traffic_disruption,13,0.0,0.0,0.0,712.1159999999994,29.104261875000034,39.5999999999999,5.999999999999998,1.5,45.5999999999999,18.0,297.0,59.0,101326.85765715716,60.98772922835448,62.54744299824516,0.0,25.0,320.4521999999997,147.874440375,21.227694864929106,489.55433523992883,118.80000000000061,18.0,626.3543352399295,1678.6296184430112,0.0,0.0,0.0,0.0,8.0,0.0,0.0,0.0,712.1159999999994,29.104261875000034,39.5999999999999,5.999999999999998,1.5,45.5999999999999,18.0,297.0,59.0,101326.85765715716,60.98772922835448,62.54744299824516,0.0,25.0,320.4521999999997,147.874440375,21.227694864929106,489.55433523992883,118.80000000000061,18.0,626.3543352399295,1678.6296184430112,0.0,0.0,0.0,0.0,8.0,9265.874913518795,0,3
smart,traffic_disruption,13,4.0,83.0,97.09578452461388,1176.0749999999994,44.81345624999997,38.26666666666657,12.000000000000004,2.1666666666666665,50.26666666666658,36.0,287.0,22.0,105334.02003598779,66.09902299166191,32.51050001110735,0.0,267.0,529.2337499999991,231.80115262500013,18.952770840801524,779.9876734658008,114.80000000000055,36.0,930.7876734658013,2494.5109648883476,0.0,23.0,0.0,28.0,83.0,4.0,83.0,97.09578452461388,1176.0749999999994,44.81345624999997,38.26666666666657,12.000000000000004,2.1666666666666665,50.26666666666658,36.0,287.0,22.0,105334.02003598779,66.09902299166191,32.51050001110735,0.0,245.0,529.2337499999991,231.80115262500013,18.952770840801524,779.9876734658008,114.80000000000055,36.0,930.7876734658013,2494.5109648883476,0.0,23.0,0.0,28.0,73.0,5161.61675016361,0,3
fixed,sensor_failure,13,0.0,0.0,0.0,712.1159999999994,21.958599999999993,39.5999999999999,5.999999999999998,1.5,45.5999999999999,18.0,297.0,59.0,101249.22058119257,60.94678050494373,62.49951887727936,0.0,123.0,320.4521999999997,30.024675000000002,15.780360355601562,366.25723535560127,118.80000000000061,18.0,503.05723535560185,1348.193390753013,0.0,0.0,0.0,0.0,9.0,0.0,0.0,0.0,712.1159999999994,21.958599999999993,39.5999999999999,5.999999999999998,1.5,45.5999999999999,18.0,297.0,59.0,101249.22058119257,60.94678050494373,62.49951887727936,0.0,123.0,320.4521999999997,30.024675000000002,15.780360355601562,366.25723535560127,118.80000000000061,18.0,503.05723535560185,1348.193390753013,0.0,0.0,0.0,0.0,9.0,9343.511989483422,0,3
smart,sensor_failure,13,29.0,841.0,2138.7599849855915,1499.527999999999,38.03564861111108,33.06666666666659,17.66666666666667,2.999999999999999,50.73333333333326,53.0,248.0,20.0,100742.98204018665,71.0378919789682,21.12012202100349,0.0,960.0,674.7875999999997,17.752927500000013,11.801864592935448,704.3423920929351,99.20000000000033,53.0,856.5423920929354,2295.533610809067,0.0,35.0,0.0,58.0,62.0,29.0,841.0,2138.7599849855915,1499.527999999999,38.03564861111108,33.06666666666659,17.66666666666667,2.999999999999999,50.73333333333326,53.0,248.0,20.0,100742.98204018665,71.0378919789682,21.12012202100349,0.0,773.0,674.7875999999997,17.752927500000013,11.801864592935448,704.3423920929351,99.20000000000033,53.0,856.5423920929354,2295.533610809067,0.0,35.0,0.0,58.0,50.0,7710.990545503749,0,3
fixed,reduced_truck_capacity,13,11.0,6807.0,34028.87354222926,504.71099999999996,16.541262500000002,26.399999999999945,5.999999999999998,1.5,32.39999999999994,18.0,198.0,56.0,64604.83405835188,57.13221141602906,61.35311876386693,99.0,25.0,227.11995,35.1199125,11.75493899062391,273.99480149062384,79.20000000000005,18.0,371.1948014906239,994.8020679948721,0.0,0.0,9.0,0.0,8.0,11.0,6807.0,34028.87354222926,504.71099999999996,16.541262500000002,26.399999999999945,5.999999999999998,1.5,32.39999999999994,18.0,198.0,56.0,64604.83405835188,57.13221141602906,61.35311876386693,99.0,25.0,227.11995,35.1199125,11.75493899062391,273.99480149062384,79.20000000000005,18.0,371.1948014906239,994.8020679948721,0.0,0.0,9.0,0.0,8.0,11959.024970094863,0,3
smart,reduced_truck_capacity,13,4.0,26.0,41.027778891885816,1135.5039999999995,31.526313888888904,36.933333333333245,12.000000000000004,2.333333333333333,48.93333333333325,36.0,277.0,20.0,104798.45804083934,67.52595735318677,49.76185092157613,0.0,269.0,510.97679999999923,29.373142500000007,20.839305851498175,561.1892483514973,110.8000000000005,36.0,707.9892483514978,1897.4111855820142,0.0,22.0,0.0,32.0,81.0,4.0,26.0,41.027778891885816,1135.5039999999995,31.526313888888904,36.933333333333245,12.000000000000004,2.333333333333333,48.93333333333325,36.0,277.0,20.0,104798.45804083934,67.52595735318677,49.76185092157613,0.0,247.0,510.97679999999923,29.373142500000007,20.839305851498175,561.1892483514973,110.8000000000005,36.0,707.9892483514978,1897.4111855820142,0.0,22.0,0.0,32.0,71.0,5753.24675094478,0,3
fixed,combined_demand_operational_stress,13,87.0,8419.0,71135.12969512571,513.6689999999996,22.894104374999994,25.466666666666615,5.999999999999998,1.5,31.46666666666661,18.0,191.0,0.0,95728.08279822391,88.35079047469706,90.90986020724017,106.0,125.0,231.15104999999994,127.09413000000005,23.863621343816988,382.108801343817,76.4,18.0,476.508801343817,1277.0435876014296,0.0,0.0,9.0,0.0,9.0,84.0,8411.0,71096.17864375559,513.6689999999996,22.894104374999994,25.466666666666615,5.999999999999998,1.5,31.46666666666661,18.0,191.0,0.0,95728.08279822391,88.35079047469706,90.90986020724017,106.0,125.0,231.15104999999994,127.09413000000005,23.863621343816988,382.108801343817,76.4,18.0,476.508801343817,1277.0435876014296,0.0,0.0,9.0,0.0,9.0,16970.21789324856,0,3
smart,combined_demand_operational_stress,13,101.0,2492.0,17887.78192233962,1684.4239999999995,57.472846874999966,44.933333333333216,18.666666666666668,4.166666666666665,63.59999999999988,56.0,337.0,15.0,156484.4182087959,80.32968657741912,47.76691642515137,0.0,691.0,757.9907999999998,278.02247737500034,38.43912020738634,1074.4523975823865,134.80000000000084,56.0,1265.2523975823874,3390.8764255207984,0.0,31.0,0.0,75.0,45.0,98.0,2484.0,17848.83087096949,1624.7359999999992,55.04006999999998,43.066666666666556,18.000000000000004,3.9999999999999982,61.06666666666656,54.0,323.0,15.0,150587.32925452566,80.54625077021866,47.66930334109708,0.0,504.0,731.1311999999997,264.3392283750002,36.84113659970234,1032.3115649747022,129.20000000000076,54.0,1215.5115649747029,3257.570994132204,0.0,30.0,0.0,75.0,33.0,9461.230255462531,0,3
fixed,normal_patterned,14,0.0,0.0,0.0,712.1159999999994,21.958599999999993,39.5999999999999,5.999999999999998,1.5,45.5999999999999,18.0,297.0,48.0,101652.633743287,61.274235039037634,62.74853934770803,0.0,27.0,320.4521999999997,30.024675000000002,15.924316155768626,366.40119115576834,118.80000000000061,18.0,503.2011911557689,1348.5791922974608,0.0,0.0,0.0,0.0,8.0,0.0,0.0,0.0,712.1159999999994,21.958599999999993,39.5999999999999,5.999999999999998,1.5,45.5999999999999,18.0,297.0,48.0,101652.633743287,61.274235039037634,62.74853934770803,0.0,27.0,320.4521999999997,30.024675000000002,15.924316155768626,366.40119115576834,118.80000000000061,18.0,503.2011911557689,1348.5791922974608,0.0,0.0,0.0,0.0,8.0,6919.64337596749,0,3
smart,normal_patterned,14,4.0,280.0,253.14428091070613,1150.2549999999992,32.656205555555545,36.39999999999991,12.000000000000004,2.0,48.39999999999992,36.0,273.0,13.0,101913.38364253825,66.0366402324792,31.454748037820448,0.0,253.0,517.6147499999996,35.850262500000014,13.847823139693514,567.3128356396932,109.20000000000047,36.0,712.5128356396937,1909.5343995143792,0.0,24.0,0.0,28.0,86.0,4.0,280.0,253.14428091070613,1150.2549999999992,32.656205555555545,36.39999999999991,12.000000000000004,2.0,48.39999999999992,36.0,273.0,13.0,101913.38364253825,66.0366402324792,31.454748037820448,0.0,237.0,517.6147499999996,35.850262500000014,13.847823139693514,567.3128356396932,109.20000000000047,36.0,712.5128356396937,1909.5343995143792,0.0,24.0,0.0,28.0,78.0,6405.749195805485,0,3
fixed,high_demand_seasonal,14,45.0,7281.0,52333.49489015765,504.71099999999984,16.541904166666672,26.399999999999945,5.999999999999998,1.5,32.39999999999994,18.0,198.0,0.0,94589.14951495541,82.89331101576867,58.38836389812062,99.0,26.0,227.11995,35.27707500000002,11.24785096030259,273.64487596030256,79.20000000000005,18.0,370.8448759603026,993.8642675736111,0.0,0.0,9.0,0.0,8.0,45.0,7281.0,52333.49489015765,504.71099999999984,16.541904166666672,26.399999999999945,5.999999999999998,1.5,32.39999999999994,18.0,198.0,0.0,94589.14951495541,82.89331101576867,58.38836389812062,99.0,26.0,227.11995,35.27707500000002,11.24785096030259,273.64487596030256,79.20000000000005,18.0,370.8448759603026,993.8642675736111,0.0,0.0,9.0,0.0,8.0,12579.926116249437,0,3
smart,high_demand_seasonal,14,10.0,296.0,570.1960759435801,1536.5029999999995,42.11438472222214,51.06666666666653,16.00000000000001,3.333333333333332,67.06666666666653,48.0,383.0,31.0,149007.3668670073,68.72265858618981,34.49244603402947,0.0,209.0,691.4263499999997,29.804602500000005,19.970644949625445,741.2015974496252,153.2000000000011,48.0,942.4015974496263,2525.6362811649983,0.0,27.0,0.0,43.0,68.0,10.0,296.0,570.1960759435801,1473.5089999999996,40.156361111111046,47.59999999999987,15.666666666666677,3.1666666666666656,63.26666666666655,46.0,357.0,31.0,138794.3907247173,68.69146828870004,33.52521515089789,0.0,193.0,663.0790499999998,27.212895000000007,18.672180412466474,708.9641254124663,142.80000000000095,47.0,898.7641254124673,2408.6878561054123,0.0,26.0,0.0,43.0,60.0,9925.007578411676,0,3
fixed,event_heavy,14,0.0,0.0,0.0,712.1159999999994,21.958599999999993,39.5999999999999,5.999999999999998,1.5,45.5999999999999,18.0,297.0,82.0,97620.77002956968,58.52840077492345,60.259734586154124,0.0,27.0,320.4521999999997,30.024675000000002,15.323434007610775,365.8003090076105,118.80000000000061,18.0,502.60030900761114,1346.968828140398,0.0,0.0,0.0,0.0,8.0,0.0,0.0,0.0,712.1159999999994,21.958599999999993,39.5999999999999,5.999999999999998,1.5,45.5999999999999,18.0,297.0,82.0,97620.77002956968,58.52840077492345,60.259734586154124,0.0,27.0,320.4521999999997,30.024675000000002,15.323434007610775,365.8003090076105,118.80000000000061,18.0,502.60030900761114,1346.968828140398,0.0,0.0,0.0,0.0,8.0,6542.447333993097,0,3
smart,event_heavy,14,3.0,147.0,117.15423037211727,1087.9169999999997,30.04786944444445,33.733333333333256,11.333333333333336,1.6666666666666667,45.06666666666659,34.0,253.0,19.0,95996.25897807864,67.07598525349644,31.371326463424392,0.0,264.0,489.5626499999995,28.07025750000001,12.547362503051403,530.180270003051,101.20000000000036,34.0,665.3802700030514,1783.2191236081778,0.0,24.0,0.0,26.0,88.0,3.0,147.0,117.15423037211727,1087.9169999999997,30.04786944444445,33.733333333333256,11.333333333333336,1.6666666666666667,45.06666666666659,34.0,253.0,19.0,95996.25897807864,67.07598525349644,31.371326463424392,0.0,248.0,489.5626499999995,28.07025750000001,12.547362503051403,530.180270003051,101.20000000000036,34.0,665.3802700030514,1783.2191236081778,0.0,24.0,0.0,26.0,80.0,8049.804155111957,0,3
fixed,persistent_multi_day_surge,14,30.0,2587.0,17394.26290517843,642.9809999999997,20.153462499999996,35.19999999999992,5.999999999999998,1.5,41.19999999999992,18.0,264.0,32.0,103294.16825839184,69.13520150955361,63.76183225826657,33.0,26.0,289.3414499999998,31.88025000000001,14.887201194026783,336.10890119402654,105.60000000000042,18.0,459.70890119402696,1232.0198551999924,0.0,0.0,3.0,0.0,8.0,30.0,2587.0,17394.26290517843,642.9809999999997,20.153462499999996,35.19999999999992,5.999999999999998,1.5,41.19999999999992,18.0,264.0,32.0,103294.16825839184,69.13520150955361,63.76183225826657,33.0,26.0,289.3414499999998,31.88025000000001,14.887201194026783,336.10890119402654,105.60000000000042,18.0,459.70890119402696,1232.0198551999924,0.0,0.0,3.0,0.0,8.0,6919.64337596749,0,3
smart,persistent_multi_day_surge,14,7.0,351.0,565.2864442015346,1267.4759999999994,33.357216666666666,42.66666666666656,12.666666666666671,2.4999999999999996,55.33333333333323,38.0,320.0,21.0,120757.53000314371,66.60471157248038,35.30921929916482,0.0,230.0,570.3641999999993,12.846105000000001,16.07264373393202,599.2829487339313,128.00000000000074,38.0,765.282948733932,2050.958302606938,0.0,23.0,0.0,39.0,75.0,7.0,351.0,565.2864442015346,1267.4759999999994,33.357216666666666,42.66666666666656,12.666666666666671,2.4999999999999996,55.33333333333323,38.0,320.0,21.0,120757.53000314371,66.60471157248038,35.30921929916482,0.0,214.0,570.3641999999993,12.846105000000001,16.07264373393202,599.2829487339313,128.00000000000074,38.0,765.282948733932,2050.958302606938,0.0,23.0,0.0,39.0,67.0,6285.258092192563,0,3
fixed,localized_surge,14,9.0,155.0,1093.121236732307,712.1159999999994,21.958599999999993,39.5999999999999,5.999999999999998,1.5,45.5999999999999,18.0,297.0,44.0,106432.18151455882,63.941377228333316,65.69887747812272,0.0,27.0,320.4521999999997,30.024675000000002,16.460405424831777,366.9372804248315,118.80000000000061,18.0,503.7372804248321,1350.01591153855,0.0,0.0,0.0,0.0,8.0,9.0,155.0,1093.121236732307,712.1159999999994,21.958599999999993,39.5999999999999,5.999999999999998,1.5,45.5999999999999,18.0,297.0,44.0,106432.18151455882,63.941377228333316,65.69887747812272,0.0,27.0,320.4521999999997,30.024675000000002,16.460405424831777,366.9372804248315,118.80000000000061,18.0,503.7372804248321,1350.01591153855,0.0,0.0,0.0,0.0,8.0,6919.64337596749,0,3
smart,localized_surge,14,5.0,413.0,394.1958664750908,1135.5449999999996,31.166527777777773,36.39999999999991,12.000000000000004,2.0,48.39999999999992,36.0,273.0,14.0,106736.4651543663,68.52349278748424,32.94335344270565,0.0,271.0,510.99524999999954,23.5848375,14.498578176171213,549.0786656761708,109.20000000000047,36.0,694.2786656761713,1860.6668240121392,0.0,24.0,0.0,25.0,89.0,5.0,413.0,394.1958664750908,1135.5449999999996,31.166527777777773,36.39999999999991,12.000000000000004,2.0,48.39999999999992,36.0,273.0,14.0,106736.4651543663,68.52349278748424,32.94335344270565,0.0,255.0,510.99524999999954,23.5848375,14.498578176171213,549.0786656761708,109.20000000000047,36.0,694.2786656761713,1860.6668240121392,0.0,24.0,0.0,25.0,81.0,7314.285106417212,0,3
fixed,gradual_upward_trend,14,0.0,0.0,0.0,712.1159999999994,21.958599999999993,39.5999999999999,5.999999999999998,1.5,45.5999999999999,18.0,297.0,26.0,106121.35140502501,63.963948654347696,65.5070070401389,0.0,27.0,320.4521999999997,30.024675000000002,16.623486196228892,367.1003611962286,118.80000000000061,18.0,503.90036119622926,1350.4529680058945,0.0,0.0,0.0,0.0,8.0,0.0,0.0,0.0,712.1159999999994,21.958599999999993,39.5999999999999,5.999999999999998,1.5,45.5999999999999,18.0,297.0,26.0,106121.35140502501,63.963948654347696,65.5070070401389,0.0,27.0,320.4521999999997,30.024675000000002,16.623486196228892,367.1003611962286,118.80000000000061,18.0,503.90036119622926,1350.4529680058945,0.0,0.0,0.0,0.0,8.0,7567.792675064526,0,3
smart,gradual_upward_trend,14,2.0,312.0,320.86462039910805,1085.081999999999,30.421944444444428,36.26666666666658,11.333333333333336,1.8333333333333335,47.599999999999916,34.0,272.0,7.0,105329.06734737795,68.65474574123026,34.421263839012404,0.0,282.0,488.2868999999998,29.19125250000001,14.29211176499838,531.7702642649981,108.80000000000047,34.0,674.5702642649985,1807.8483082301962,0.0,23.0,0.0,18.0,95.0,2.0,312.0,320.86462039910805,1085.081999999999,30.421944444444428,36.26666666666658,11.333333333333336,1.8333333333333335,47.599999999999916,34.0,272.0,7.0,105329.06734737795,68.65474574123026,34.421263839012404,0.0,266.0,488.2868999999998,29.19125250000001,14.29211176499838,531.7702642649981,108.80000000000047,34.0,674.5702642649985,1807.8483082301962,0.0,23.0,0.0,18.0,87.0,8039.212112312461,0,3
fixed,abrupt_behavior_change,14,35.0,3169.0,19913.35609127164,619.9359999999997,19.551108333333342,33.733333333333256,5.999999999999998,1.5,39.733333333333256,18.0,252.0,12.0,104250.95270229511,73.01400456587723,64.35243993968834,45.0,27.0,278.9711999999999,32.34161250000001,14.731473400076256,326.04428590007615,101.20000000000036,18.0,445.24428590007653,1193.2546862122051,0.0,0.0,4.0,0.0,8.0,35.0,3169.0,19913.35609127164,619.9359999999997,19.551108333333342,33.733333333333256,5.999999999999998,1.5,39.733333333333256,18.0,252.0,12.0,104250.95270229511,73.01400456587723,64.35243993968834,45.0,27.0,278.9711999999999,32.34161250000001,14.731473400076256,326.04428590007615,101.20000000000036,18.0,445.24428590007653,1193.2546862122051,0.0,0.0,4.0,0.0,8.0,12344.763436858299,0,3
smart,abrupt_behavior_change,14,10.0,317.0,484.40859650223445,1467.463,38.23244722222218,44.79999999999988,15.000000000000009,3.1666666666666656,59.79999999999989,45.0,336.0,24.0,127994.89904367547,67.07272610939484,31.603678776216167,0.0,182.0,660.3583499999988,13.77288,16.790451109878248,690.9216811098771,134.40000000000083,45.0,870.321681109878,2332.462105374473,0.0,26.0,0.0,50.0,63.0,10.0,317.0,484.40859650223445,1467.463,38.23244722222218,44.79999999999988,15.000000000000009,3.1666666666666656,59.79999999999989,45.0,336.0,24.0,127994.89904367547,67.07272610939484,31.603678776216167,0.0,166.0,660.3583499999988,13.77288,16.790451109878248,690.9216811098771,134.40000000000083,45.0,870.321681109878,2332.462105374473,0.0,26.0,0.0,50.0,55.0,8029.764590247236,0,3
fixed,traffic_disruption,14,0.0,0.0,0.0,712.1159999999994,29.104261875000034,39.5999999999999,5.999999999999998,1.5,45.5999999999999,18.0,297.0,50.0,101702.97255849648,61.3009230928612,62.77961269042993,0.0,27.0,320.4521999999997,147.874440375,21.416462002335802,489.7431023773355,118.80000000000061,18.0,626.5431023773361,1679.135514371261,0.0,0.0,0.0,0.0,8.0,0.0,0.0,0.0,712.1159999999994,29.104261875000034,39.5999999999999,5.999999999999998,1.5,45.5999999999999,18.0,297.0,50.0,101702.97255849648,61.3009230928612,62.77961269042993,0.0,27.0,320.4521999999997,147.874440375,21.416462002335802,489.7431023773355,118.80000000000061,18.0,626.5431023773361,1679.135514371261,0.0,0.0,0.0,0.0,8.0,6869.304560757961,0,3
smart,traffic_disruption,14,4.0,280.0,253.00913464866522,1148.3679999999995,43.78955437500003,36.533333333333246,12.000000000000004,2.1666666666666665,48.533333333333246,36.0,274.0,14.0,102380.78857287152,65.88903663768613,31.599008818787507,0.0,255.0,516.7655999999997,227.7819956250002,18.636746460788014,763.184342085788,109.60000000000048,36.0,908.7843420857885,2435.5420367899133,0.0,23.0,0.0,28.0,86.0,4.0,280.0,253.00913464866522,1148.3679999999995,43.78955437500003,36.533333333333246,12.000000000000004,2.1666666666666665,48.533333333333246,36.0,274.0,14.0,102380.78857287152,65.88903663768613,31.599008818787507,0.0,239.0,516.7655999999997,227.7819956250002,18.636746460788014,763.184342085788,109.60000000000048,36.0,908.7843420857885,2435.5420367899133,0.0,23.0,0.0,28.0,78.0,5938.479411734252,0,3
fixed,sensor_failure,14,0.0,0.0,0.0,712.1159999999994,21.958599999999993,39.5999999999999,5.999999999999998,1.5,45.5999999999999,18.0,297.0,48.0,101652.633743287,61.274235039037634,62.74853934770803,0.0,148.0,320.4521999999997,30.024675000000002,15.924316155768626,366.40119115576834,118.80000000000061,18.0,503.2011911557689,1348.5791922974608,0.0,0.0,0.0,0.0,9.0,0.0,0.0,0.0,712.1159999999994,21.958599999999993,39.5999999999999,5.999999999999998,1.5,45.5999999999999,18.0,297.0,48.0,101652.633743287,61.274235039037634,62.74853934770803,0.0,148.0,320.4521999999997,30.024675000000002,15.924316155768626,366.40119115576834,118.80000000000061,18.0,503.2011911557689,1348.5791922974608,0.0,0.0,0.0,0.0,9.0,6919.64337596749,0,3
smart,sensor_failure,14,25.0,1090.0,2430.582967531362,1480.8569999999993,38.542116666666665,33.06666666666659,17.33333333333334,3.666666666666665,50.399999999999935,52.0,248.0,26.0,99762.42040383964,69.9315128568222,21.316756496546933,0.0,830.0,666.3856499999997,22.6617975,11.752256136379525,700.7997036363793,99.20000000000033,52.0,851.9997036363795,2283.359205745497,0.0,30.0,0.0,64.0,56.0,25.0,1090.0,2430.582967531362,1480.8569999999993,38.542116666666665,33.06666666666659,17.33333333333334,3.666666666666665,50.399999999999935,52.0,248.0,26.0,99762.42040383964,69.9315128568222,21.316756496546933,0.0,650.0,666.3856499999997,22.6617975,11.752256136379525,700.7997036363793,99.20000000000033,52.0,851.9997036363795,2283.359205745497,0.0,30.0,0.0,64.0,44.0,6379.273747883512,0,3
fixed,reduced_truck_capacity,14,11.0,6735.0,33427.02414118898,504.71099999999984,16.54254583333334,26.399999999999945,5.999999999999998,1.5,32.39999999999994,18.0,198.0,46.0,64784.01673069853,57.42640925575885,61.523282745202785,99.0,27.0,227.11995,35.434237500000016,11.882635984596622,274.43682348459663,79.20000000000005,18.0,371.6368234845967,995.9866869387191,0.0,0.0,9.0,0.0,8.0,11.0,6735.0,33427.02414118898,504.71099999999984,16.54254583333334,26.399999999999945,5.999999999999998,1.5,32.39999999999994,18.0,198.0,46.0,64784.01673069853,57.42640925575885,61.523282745202785,99.0,27.0,227.11995,35.434237500000016,11.882635984596622,274.43682348459663,79.20000000000005,18.0,371.6368234845967,995.9866869387191,0.0,0.0,9.0,0.0,8.0,10361.236247367007,0,3
smart,reduced_truck_capacity,14,6.0,423.0,623.5384651378339,1169.3889999999992,32.01953888888888,34.26666666666659,12.666666666666671,2.4999999999999996,46.93333333333326,38.0,257.0,17.0,97990.11738635326,67.5068955146548,44.0801247801859,0.0,234.0,526.2250499999996,25.4569275,19.067004767035858,570.7489822670354,102.80000000000038,38.0,711.5489822670359,1906.9512724756562,0.0,23.0,0.0,34.0,80.0,6.0,423.0,623.5384651378339,1169.3889999999992,32.01953888888888,34.26666666666659,12.666666666666671,2.4999999999999996,46.93333333333326,38.0,257.0,17.0,97990.11738635326,67.5068955146548,44.0801247801859,0.0,218.0,526.2250499999996,25.4569275,19.067004767035858,570.7489822670354,102.80000000000038,38.0,711.5489822670359,1906.9512724756562,0.0,23.0,0.0,34.0,72.0,9958.621267763378,0,3
fixed,combined_demand_operational_stress,14,72.0,8467.0,72240.60630452856,520.2489999999997,22.92209812500001,25.466666666666615,5.999999999999998,1.5,31.46666666666661,18.0,189.0,0.0,94417.85629346503,87.10969902047594,89.66558052560781,108.0,149.0,234.11204999999993,129.29411587500007,24.075069429261607,387.4812353042616,76.4,18.0,481.8812353042616,1291.4417106154212,0.0,0.0,9.0,0.0,9.0,72.0,8467.0,72240.60630452856,520.2489999999997,22.92209812500001,25.466666666666615,5.999999999999998,1.5,31.46666666666661,18.0,189.0,0.0,94417.85629346503,87.10969902047594,89.66558052560781,108.0,149.0,234.11204999999993,129.29411587500007,24.075069429261607,387.4812353042616,76.4,18.0,481.8812353042616,1291.4417106154212,0.0,0.0,9.0,0.0,9.0,13826.658615499067,0,3
smart,combined_demand_operational_stress,14,99.0,2777.0,20221.541916548034,1671.6699999999994,58.254183749999974,43.86666666666655,18.666666666666668,4.166666666666665,62.53333333333322,56.0,329.0,13.0,151266.6084905015,79.43827391058711,46.174178415903995,0.0,687.0,752.2515000000001,286.48194975000007,37.34969462259289,1076.0831443725929,131.6000000000008,56.0,1263.6831443725937,3386.6708269185515,0.0,31.0,0.0,72.0,47.0,99.0,2777.0,20221.541916548034,1606.3809999999996,55.684595625,42.133333333333226,18.000000000000004,3.9999999999999982,60.133333333333226,54.0,316.0,13.0,147218.80093976032,79.75395342907105,46.60297592268449,0.0,507.0,722.8714499999999,271.92149437500007,36.23257638972524,1031.0255207647251,126.40000000000072,54.0,1211.425520764726,3246.6203956494655,0.0,30.0,0.0,72.0,35.0,8996.97080644306,0,3
fixed,normal_patterned,15,23.0,1341.0,6801.708614286245,666.0259999999994,20.75389166666666,36.66666666666658,5.999999999999998,1.5,42.66666666666658,18.0,275.0,29.0,106544.2252355389,68.99653513739119,65.76804026885118,22.0,24.0,299.71169999999984,30.94740000000001,15.693461879241767,346.35256187924165,110.00000000000048,18.0,474.3525618792421,1271.264865836369,0.0,0.0,2.0,0.0,8.0,23.0,1341.0,6801.708614286245,666.0259999999994,20.75389166666666,36.66666666666658,5.999999999999998,1.5,42.66666666666658,18.0,275.0,29.0,106544.2252355389,68.99653513739119,65.76804026885118,22.0,24.0,299.71169999999984,30.94740000000001,15.693461879241767,346.35256187924165,110.00000000000048,18.0,474.3525618792421,1271.264865836369,0.0,0.0,2.0,0.0,8.0,11491.225579179874,0,3
smart,normal_patterned,15,0.0,0.0,0.0,1238.0939999999996,34.03422916666666,41.33333333333323,12.333333333333337,1.8333333333333335,53.666666666666565,37.0,310.0,27.0,118631.77828432084,68.06337100673912,35.62515864394019,0.0,260.0,557.1422999999996,25.732035000000014,16.38416679224625,599.2585017922459,124.00000000000068,37.0,760.2585017922465,2037.4927848032207,0.0,26.0,0.0,19.0,89.0,0.0,0.0,0.0,1238.0939999999996,34.03422916666666,41.33333333333323,12.333333333333337,1.8333333333333335,53.666666666666565,37.0,310.0,27.0,118631.77828432084,68.06337100673912,35.62515864394019,0.0,246.0,557.1422999999996,25.732035000000014,16.38416679224625,599.2585017922459,124.00000000000068,37.0,760.2585017922465,2037.4927848032207,0.0,26.0,0.0,19.0,80.0,6205.38114468425,0,3
fixed,high_demand_seasonal,15,86.0,7745.0,62208.32971224095,504.71099999999984,16.542545833333342,26.399999999999945,5.999999999999998,1.5,32.39999999999994,18.0,198.0,0.0,104400.5714392346,89.4051053224366,64.44479718471271,99.0,23.0,227.11995,35.434237500000016,12.37198078628149,274.9261682862815,79.20000000000005,18.0,372.12616828628154,997.2981310072346,0.0,0.0,9.0,0.0,8.0,86.0,7745.0,62208.32971224095,504.71099999999984,16.542545833333342,26.399999999999945,5.999999999999998,1.5,32.39999999999994,18.0,198.0,0.0,104400.5714392346,89.4051053224366,64.44479718471271,99.0,23.0,227.11995,35.434237500000016,12.37198078628149,274.9261682862815,79.20000000000005,18.0,372.12616828628154,997.2981310072346,0.0,0.0,9.0,0.0,8.0,17537.753652883526,0,3
smart,high_demand_seasonal,15,23.0,189.0,581.0574743235201,1774.4249999999981,47.3053124999999,60.266666666666495,18.000000000000004,4.333333333333332,78.2666666666665,54.0,452.0,43.0,174768.6262467223,68.49663551007063,35.96062268451076,0.0,117.0,798.491249999999,22.7633175,22.830403450033238,844.0849709500322,180.8000000000015,54.0,1078.8849709500337,2891.4117221460906,0.0,28.0,0.0,70.0,44.0,23.0,189.0,581.0574743235201,1696.6929999999982,45.0856541666666,57.06666666666651,17.33333333333334,4.166666666666665,74.39999999999985,52.0,428.0,42.0,167473.3744946297,68.75297607326608,35.78490908004908,0.0,104.0,763.5118499999987,20.894804999999998,21.615090050110908,806.0217450501096,171.20000000000135,52.0,1029.221745050111,2758.3142767342974,0.0,27.0,0.0,69.0,36.0,8796.971083313196,0,3
fixed,event_heavy,15,1.0,19.0,71.63369408129802,712.1159999999994,21.958599999999993,39.5999999999999,5.999999999999998,1.5,45.5999999999999,18.0,297.0,39.0,108748.92849826894,65.14754148718207,67.12896820880799,0.0,24.0,320.4521999999997,30.024675000000002,16.89279513207224,367.369670132072,118.80000000000061,18.0,504.1696701320726,1351.1747159539548,0.0,0.0,0.0,0.0,8.0,1.0,19.0,71.63369408129802,712.1159999999994,21.958599999999993,39.5999999999999,5.999999999999998,1.5,45.5999999999999,18.0,297.0,39.0,108748.92849826894,65.14754148718207,67.12896820880799,0.0,24.0,320.4521999999997,30.024675000000002,16.89279513207224,367.369670132072,118.80000000000061,18.0,504.1696701320726,1351.1747159539548,0.0,0.0,0.0,0.0,8.0,10692.691180291946,0,3
smart,event_heavy,15,3.0,15.0,31.55922134378693,1363.6779999999987,39.91827083333331,40.13333333333323,14.666666666666675,2.666666666666666,54.79999999999991,44.0,301.0,27.0,111285.8236845362,66.15083096751887,28.102480728418232,0.0,202.0,613.6551,57.06261000000002,14.909497974948419,685.6272079749484,120.40000000000063,44.0,850.0272079749491,2278.0729173728637,0.0,28.0,0.0,31.0,77.0,3.0,15.0,31.55922134378693,1363.6779999999987,39.91827083333331,40.13333333333323,14.666666666666675,2.666666666666666,54.79999999999991,44.0,301.0,27.0,111285.8236845362,66.15083096751887,28.102480728418232,0.0,188.0,613.6551,57.06261000000002,14.909497974948419,685.6272079749484,120.40000000000063,44.0,850.0272079749491,2278.0729173728637,0.0,28.0,0.0,31.0,68.0,8195.870466762142,0,3
fixed,persistent_multi_day_surge,15,59.0,3710.0,26413.37185319215,619.9359999999996,19.55110833333333,33.733333333333256,5.999999999999998,1.5,39.733333333333256,18.0,253.0,21.0,108986.92641982419,75.29487246006762,67.27588050606431,44.0,24.0,278.97119999999984,32.34161250000001,15.140851447547856,326.4536639475477,101.20000000000036,18.0,445.653663947548,1194.3518193794287,0.0,0.0,4.0,0.0,8.0,59.0,3710.0,26413.37185319215,619.9359999999996,19.55110833333333,33.733333333333256,5.999999999999998,1.5,39.733333333333256,18.0,253.0,21.0,108986.92641982419,75.29487246006762,67.27588050606431,44.0,24.0,278.97119999999984,32.34161250000001,15.140851447547856,326.4536639475477,101.20000000000036,18.0,445.653663947548,1194.3518193794287,0.0,0.0,4.0,0.0,8.0,11491.225579179874,0,3
smart,persistent_multi_day_surge,15,12.0,88.0,655.1775021705414,1508.891999999998,43.704748611111086,49.066666666666535,15.666666666666677,2.666666666666666,64.7333333333332,47.0,367.0,39.0,140303.05110240154,67.94298907391602,33.16857000056774,1.0,218.0,679.0013999999994,52.03847250000001,19.375369473324138,750.4152419733235,147.200000000001,47.0,944.6152419733246,2531.56884848851,0.0,31.0,0.0,33.0,78.0,12.0,88.0,655.1775021705414,1508.891999999998,43.704748611111086,49.066666666666535,15.666666666666677,2.666666666666666,64.7333333333332,47.0,367.0,39.0,140303.05110240154,67.94298907391602,33.16857000056774,1.0,204.0,679.0013999999994,52.03847250000001,19.375369473324138,750.4152419733235,147.200000000001,47.0,944.6152419733246,2531.56884848851,0.0,31.0,0.0,33.0,69.0,5933.295247624149,0,3
fixed,localized_surge,15,33.0,1669.0,9440.231691578612,666.0259999999994,20.754533333333328,36.66666666666658,5.999999999999998,1.5,42.66666666666658,18.0,275.0,28.0,110425.54709855854,71.1542364569058,68.16391796207317,22.0,24.0,299.71169999999984,31.104562500000014,16.211352034550462,347.02761453455037,110.00000000000048,18.0,475.0276145345508,1273.0740069525962,0.0,0.0,2.0,0.0,8.0,33.0,1669.0,9440.231691578612,666.0259999999994,20.754533333333328,36.66666666666658,5.999999999999998,1.5,42.66666666666658,18.0,275.0,28.0,110425.54709855854,71.1542364569058,68.16391796207317,22.0,24.0,299.71169999999984,31.104562500000014,16.211352034550462,347.02761453455037,110.00000000000048,18.0,475.0276145345508,1273.0740069525962,0.0,0.0,2.0,0.0,8.0,11491.225579179874,0,3
smart,localized_surge,15,3.0,9.0,29.713432917047143,1382.367,36.701987499999994,44.933333333333216,14.333333333333341,2.8333333333333326,59.26666666666656,43.0,337.0,38.0,123527.3991797408,65.67219924908692,31.919224594248266,0.0,194.0,622.0651499999994,15.974707500000001,16.410994515815123,654.4508520158146,134.80000000000084,43.0,832.2508520158154,2230.4322834023856,0.0,26.0,0.0,39.0,72.0,3.0,9.0,29.713432917047143,1382.367,36.701987499999994,44.933333333333216,14.333333333333341,2.8333333333333326,59.26666666666656,43.0,337.0,38.0,123527.3991797408,65.67219924908692,31.919224594248266,0.0,180.0,622.0651499999994,15.974707500000001,16.410994515815123,654.4508520158146,134.80000000000084,43.0,832.2508520158154,2230.4322834023856,0.0,26.0,0.0,39.0,63.0,7799.891756659169,0,3
fixed,gradual_upward_trend,15,25.0,2245.0,12504.221777047667,642.9809999999997,20.152179166666663,35.19999999999992,5.999999999999998,1.5,41.19999999999992,18.0,264.0,21.0,105973.50402740961,71.31571502696264,65.41574322679605,33.0,24.0,289.3414499999999,31.565925000000014,15.273518710381207,336.1808937103811,105.60000000000042,18.0,459.7808937103815,1232.2127951438226,0.0,0.0,3.0,0.0,8.0,25.0,2245.0,12504.221777047667,642.9809999999997,20.152179166666663,35.19999999999992,5.999999999999998,1.5,41.19999999999992,18.0,264.0,21.0,105973.50402740961,71.31571502696264,65.41574322679605,33.0,24.0,289.3414499999999,31.565925000000014,15.273518710381207,336.1808937103811,105.60000000000042,18.0,459.7808937103815,1232.2127951438226,0.0,0.0,3.0,0.0,8.0,12562.865299129311,0,3
smart,gradual_upward_trend,15,2.0,16.0,22.443562242443335,1437.1109999999994,38.96952638888886,45.333333333333215,15.000000000000009,2.8333333333333326,60.33333333333322,45.0,340.0,39.0,124645.9414694522,65.26265414434725,30.77677567146968,0.0,185.0,646.6999499999996,25.778092500000014,16.683531594406425,689.1615740944061,136.00000000000085,45.0,870.1615740944069,2332.0330185730104,0.0,28.0,0.0,39.0,71.0,2.0,16.0,22.443562242443335,1437.1109999999994,38.96952638888886,45.333333333333215,15.000000000000009,2.8333333333333326,60.33333333333322,45.0,340.0,39.0,124645.9414694522,65.26265414434725,30.77677567146968,0.0,171.0,646.6999499999996,25.778092500000014,16.683531594406425,689.1615740944061,136.00000000000085,45.0,870.1615740944069,2332.0330185730104,0.0,28.0,0.0,39.0,62.0,6372.206071892038,0,3
fixed,abrupt_behavior_change,15,52.0,4557.0,34424.70078697233,596.8909999999997,18.950037500000015,32.266666666666595,5.999999999999998,1.5,38.266666666666595,18.0,242.0,14.0,108051.77879559959,77.59501697198738,66.69862888617259,55.0,23.0,268.60095,33.11730000000001,14.614456852025217,316.33270685202524,96.8000000000003,18.0,431.13270685202554,1155.4356543634285,0.0,0.0,5.0,0.0,8.0,52.0,4557.0,34424.70078697233,596.8909999999997,18.950037500000015,32.266666666666595,5.999999999999998,1.5,38.266666666666595,18.0,242.0,14.0,108051.77879559959,77.59501697198738,66.69862888617259,55.0,23.0,268.60095,33.11730000000001,14.614456852025217,316.33270685202524,96.8000000000003,18.0,431.13270685202554,1155.4356543634285,0.0,0.0,5.0,0.0,8.0,17101.92566672623,0,3
smart,abrupt_behavior_change,15,13.0,145.0,499.37502409882245,1554.188,41.16863888888888,52.66666666666652,15.666666666666677,3.333333333333332,68.3333333333332,47.0,395.0,39.0,150800.54571050615,67.78341498761381,35.65024721288561,0.0,140.0,699.3845999999996,13.578165,19.73920685959931,732.701971859599,158.00000000000117,47.0,937.7019718596001,2513.0412845837286,0.0,27.0,0.0,55.0,55.0,13.0,145.0,499.37502409882245,1554.188,41.16863888888888,52.66666666666652,15.666666666666677,3.333333333333332,68.3333333333332,47.0,395.0,39.0,150800.54571050615,67.78341498761381,35.65024721288561,0.0,126.0,699.3845999999996,13.578165,19.73920685959931,732.701971859599,158.00000000000117,47.0,937.7019718596001,2513.0412845837286,0.0,27.0,0.0,55.0,46.0,8278.484514693155,0,3
fixed,traffic_disruption,15,23.0,1345.0,6800.85618527211,666.0259999999994,27.583625625000025,36.66666666666658,5.999999999999998,1.5,42.66666666666658,18.0,275.0,29.0,106601.06878371688,69.02741345787156,65.80312887883758,22.0,24.0,299.71169999999984,143.11233337500005,21.115439377472857,463.93947275247274,110.00000000000048,18.0,591.9394727524732,1586.3977869766281,0.0,0.0,2.0,0.0,8.0,23.0,1345.0,6800.85618527211,666.0259999999994,27.583625625000025,36.66666666666658,5.999999999999998,1.5,42.66666666666658,18.0,275.0,29.0,106601.06878371688,69.02741345787156,65.80312887883758,22.0,24.0,299.71169999999984,143.11233337500005,21.115439377472857,463.93947275247274,110.00000000000048,18.0,591.9394727524732,1586.3977869766281,0.0,0.0,2.0,0.0,8.0,11435.23446001609,0,3
smart,traffic_disruption,15,2.0,15.0,18.794282596506363,1321.8369999999998,50.18635312499998,41.46666666666656,13.33333333333334,2.0,54.7999999999999,40.0,311.0,36.0,116800.88121115332,67.29351397511938,32.44468922532037,0.0,216.0,594.8266499999996,260.2648046250002,21.563441384259566,876.6548960092595,124.40000000000069,40.0,1041.0548960092601,2790.0271213048172,0.0,28.0,0.0,27.0,79.0,2.0,15.0,18.794282596506363,1321.8369999999998,50.18635312499998,41.46666666666656,13.33333333333334,2.0,54.7999999999999,40.0,311.0,36.0,116800.88121115332,67.29351397511938,32.44468922532037,0.0,202.0,594.8266499999996,260.2648046250002,21.563441384259566,876.6548960092595,124.40000000000069,40.0,1041.0548960092601,2790.0271213048172,0.0,28.0,0.0,27.0,70.0,8017.483935255165,0,3
fixed,sensor_failure,15,23.0,1341.0,6801.708614286245,666.0259999999994,20.754533333333328,36.66666666666658,5.999999999999998,1.5,42.66666666666658,18.0,275.0,29.0,106544.2252355389,68.99653513739119,65.76804026885118,22.0,130.0,299.71169999999984,31.104562500000014,15.733735131586123,346.549997631586,110.00000000000048,18.0,474.5499976315865,1271.7939936526518,0.0,0.0,2.0,0.0,9.0,23.0,1341.0,6801.708614286245,666.0259999999994,20.754533333333328,36.66666666666658,5.999999999999998,1.5,42.66666666666658,18.0,275.0,29.0,106544.2252355389,68.99653513739119,65.76804026885118,22.0,130.0,299.71169999999984,31.104562500000014,15.733735131586123,346.549997631586,110.00000000000048,18.0,474.5499976315865,1271.7939936526518,0.0,0.0,2.0,0.0,9.0,11491.225579179874,0,3
smart,sensor_failure,15,38.0,1047.0,4762.613148253999,1531.480999999999,39.08769027777776,36.39999999999991,17.66666666666667,3.9999999999999982,54.066666666666585,53.0,273.0,22.0,111458.6358370603,72.21895371304537,23.366590322234867,0.0,693.0,689.1664499999995,14.085900000000002,12.842680622094656,716.0950306220942,109.20000000000047,53.0,878.2950306220947,2353.830682067214,0.0,29.0,0.0,72.0,48.0,38.0,1047.0,4762.613148253999,1531.480999999999,39.08769027777776,36.39999999999991,17.66666666666667,3.9999999999999982,54.066666666666585,53.0,273.0,22.0,111458.6358370603,72.21895371304537,23.366590322234867,0.0,533.0,689.1664499999995,14.085900000000002,12.842680622094656,716.0950306220942,109.20000000000047,53.0,878.2950306220947,2353.830682067214,0.0,29.0,0.0,72.0,36.0,8615.910443690693,0,3
fixed,reduced_truck_capacity,15,11.0,6676.0,38647.64953156326,504.71099999999984,16.542545833333342,26.399999999999945,5.999999999999998,1.5,32.39999999999994,18.0,198.0,27.0,72491.68516282085,63.958051308780455,68.84300585263139,99.0,24.0,227.11995,35.43423750000001,13.201832874590366,275.7560203745904,79.20000000000005,18.0,372.9560203745904,999.5221346039024,0.0,0.0,9.0,0.0,8.0,11.0,6676.0,38647.64953156326,504.71099999999984,16.542545833333342,26.399999999999945,5.999999999999998,1.5,32.39999999999994,18.0,198.0,27.0,72491.68516282085,63.958051308780455,68.84300585263139,99.0,24.0,227.11995,35.43423750000001,13.201832874590366,275.7560203745904,79.20000000000005,18.0,372.9560203745904,999.5221346039024,0.0,0.0,9.0,0.0,8.0,13697.824734620895,0,3
smart,reduced_truck_capacity,15,6.0,65.0,444.84594024342664,1382.9759999999992,37.37152638888886,41.99999999999989,14.666666666666675,2.666666666666666,56.66666666666657,44.0,315.0,38.0,117228.62786028376,66.31048855298253,45.543367467087705,0.0,197.0,622.3391999999996,27.141389999999998,22.654732629161785,672.1353226291614,126.00000000000071,44.0,842.135322629162,2256.9226646461543,0.0,28.0,0.0,34.0,75.0,6.0,65.0,444.84594024342664,1382.9759999999992,37.37152638888886,41.99999999999989,14.666666666666675,2.666666666666666,56.66666666666657,44.0,315.0,38.0,117228.62786028376,66.31048855298253,45.543367467087705,0.0,183.0,622.3391999999996,27.141389999999998,22.654732629161785,672.1353226291614,126.00000000000071,44.0,842.135322629162,2256.9226646461543,0.0,28.0,0.0,34.0,66.0,7163.685628477879,0,3
fixed,combined_demand_operational_stress,15,126.0,9690.0,96976.76989579188,526.6119999999997,23.14493062500001,24.79999999999995,5.999999999999998,1.5,30.799999999999947,18.0,183.0,0.0,94127.51813397999,91.41124891630932,89.38985577775878,114.0,131.0,236.97539999999998,131.2713258750001,24.675613799305914,392.92233967430593,74.39999999999998,18.0,485.3223396743059,1300.6638703271399,0.0,0.0,9.0,0.0,9.0,126.0,9690.0,96976.76989579188,526.6119999999997,23.14493062500001,24.79999999999995,5.999999999999998,1.5,30.799999999999947,18.0,183.0,0.0,94127.51813397999,91.41124891630932,89.38985577775878,114.0,131.0,236.97539999999998,131.2713258750001,24.675613799305914,392.92233967430593,74.39999999999998,18.0,485.3223396743059,1300.6638703271399,0.0,0.0,9.0,0.0,9.0,19253.32217478048,0,3
smart,combined_demand_operational_stress,15,127.0,3453.0,30777.01750524867,1646.0519999999985,56.34656999999999,47.86666666666654,18.000000000000004,3.9999999999999982,65.86666666666655,54.0,359.0,19.0,166943.91663612067,81.20354555319636,52.84707712444466,0.0,614.0,740.7233999999995,266.8748242500004,40.905059621077235,1048.5032838710772,143.60000000000096,54.0,1246.1032838710782,3339.55680077449,0.0,30.0,0.0,78.0,42.0,127.0,3453.0,30777.01750524867,1646.0519999999985,56.34656999999999,47.86666666666654,18.000000000000004,3.9999999999999982,65.86666666666655,54.0,359.0,19.0,166943.91663612067,81.20354555319636,52.84707712444466,0.0,453.0,740.7233999999995,266.8748242500004,40.905059621077235,1048.5032838710772,143.60000000000096,54.0,1246.1032838710782,3339.55680077449,0.0,30.0,0.0,78.0,30.0,12636.676063182827,0,3
fixed,normal_patterned,16,23.0,1484.0,7712.580966369824,666.0259999999996,20.753891666666657,36.66666666666658,5.999999999999998,1.5,42.66666666666658,18.0,275.0,24.0,103582.51773787595,67.67614076158806,63.93982576412096,22.0,20.0,299.71169999999984,30.947400000000002,15.316142450242435,345.97524245024226,110.00000000000048,18.0,473.9752424502427,1270.2536497666506,0.0,0.0,2.0,0.0,8.0,23.0,1484.0,7712.580966369824,666.0259999999996,20.753891666666657,36.66666666666658,5.999999999999998,1.5,42.66666666666658,18.0,275.0,24.0,103582.51773787595,67.67614076158806,63.93982576412096,22.0,20.0,299.71169999999984,30.947400000000002,15.316142450242435,345.97524245024226,110.00000000000048,18.0,473.9752424502427,1270.2536497666506,0.0,0.0,2.0,0.0,8.0,9581.700619544416,0,3
smart,normal_patterned,16,2.0,27.0,36.23315948484223,1225.031999999999,32.81666388888891,41.86666666666656,12.666666666666671,2.1666666666666665,54.53333333333323,38.0,314.0,34.0,113671.07916943618,65.51936508970614,33.23715765188193,0.0,276.0,551.2643999999996,22.543155000000002,14.70336116394477,588.5109161639443,125.6000000000007,38.0,752.110916163945,2015.6572553193728,0.0,25.0,0.0,27.0,82.0,2.0,27.0,36.23315948484223,1225.031999999999,32.81666388888891,41.86666666666656,12.666666666666671,2.1666666666666665,54.53333333333323,38.0,314.0,34.0,113671.07916943618,65.51936508970614,33.23715765188193,0.0,252.0,551.2643999999996,22.543155000000002,14.70336116394477,588.5109161639443,125.6000000000007,38.0,752.110916163945,2015.6572553193728,0.0,25.0,0.0,27.0,73.0,7169.486994869189,0,3
fixed,high_demand_seasonal,16,71.0,7778.0,59678.19540609109,504.71099999999984,16.54318750000001,26.399999999999945,5.999999999999998,1.5,32.39999999999994,18.0,198.0,0.0,102589.22580573913,89.20427782700408,63.326682596135264,99.0,21.0,227.11995,35.591400000000014,12.205794537241225,274.9171445372412,79.20000000000005,18.0,372.11714453724124,997.2739473598066,0.0,0.0,9.0,0.0,8.0,56.0,7692.0,58840.88408770349,504.71099999999984,16.54318750000001,26.399999999999945,5.999999999999998,1.5,32.39999999999994,18.0,198.0,0.0,102589.22580573913,89.20427782700408,63.326682596135264,99.0,21.0,227.11995,35.591400000000014,12.205794537241225,274.9171445372412,79.20000000000005,18.0,372.11714453724124,997.2739473598066,0.0,0.0,9.0,0.0,8.0,15289.687069830674,0,3
smart,high_demand_seasonal,16,16.0,150.0,270.3273908030567,1777.0129999999995,47.26341111111105,59.733333333333164,17.66666666666667,3.666666666666665,77.39999999999984,53.0,448.0,34.0,171358.02401552116,68.59433320384363,35.92411404937551,0.0,183.0,799.6558499999995,22.326300000000014,22.774949024218866,844.7570990242184,179.20000000000147,53.0,1076.9570990242198,2886.2450253849092,0.0,31.0,0.0,58.0,54.0,15.0,147.0,265.33367599456255,1697.8889999999988,44.66533611111107,55.73333333333318,17.000000000000007,3.4999999999999987,72.73333333333318,51.0,418.0,34.0,159345.78246618426,68.23427577892225,34.71585674644537,0.0,166.0,764.0500499999996,17.388495000000006,20.95575359872804,802.3942985987277,167.2000000000013,51.0,1020.594298598729,2735.192720244594,0.0,30.0,0.0,56.0,47.0,5928.756875336545,0,3
fixed,event_heavy,16,17.0,794.0,3516.8033827427794,689.0709999999996,21.35688749999999,38.13333333333324,5.999999999999998,1.5,44.13333333333324,18.0,286.0,39.0,103990.73841803397,65.03047926373672,64.19181383829257,11.0,20.0,310.0819499999998,30.643200000000007,15.81288969894656,356.5380396989463,114.40000000000055,18.0,488.93803969894685,1310.3539463931777,0.0,0.0,1.0,0.0,8.0,17.0,794.0,3516.8033827427794,689.0709999999996,21.35688749999999,38.13333333333324,5.999999999999998,1.5,44.13333333333324,18.0,286.0,39.0,103990.73841803397,65.03047926373672,64.19181383829257,11.0,20.0,310.0819499999998,30.643200000000007,15.81288969894656,356.5380396989463,114.40000000000055,18.0,488.93803969894685,1310.3539463931777,0.0,0.0,1.0,0.0,8.0,9071.37425921451,0,3
smart,event_heavy,16,4.0,45.0,116.891662722256,1274.826,34.286205555555554,39.733333333333235,13.33333333333334,2.999999999999999,53.06666666666658,40.0,298.0,30.0,108495.28409755605,64.84252495810138,30.137578915987795,0.0,247.0,573.6716999999993,22.71096,13.706880314443067,610.0895403144424,119.20000000000061,40.0,769.289540314443,2061.6959680427076,0.0,22.0,0.0,42.0,71.0,4.0,45.0,116.891662722256,1274.826,34.286205555555554,39.733333333333235,13.33333333333334,2.999999999999999,53.06666666666658,40.0,298.0,30.0,108495.28409755605,64.84252495810138,30.137578915987795,0.0,223.0,573.6716999999993,22.71096,13.706880314443067,610.0895403144424,119.20000000000061,40.0,769.289540314443,2061.6959680427076,0.0,22.0,0.0,42.0,62.0,7966.740299712979,0,3
fixed,persistent_multi_day_surge,16,50.0,3566.0,24708.218015343013,619.9359999999997,19.551108333333328,33.733333333333256,5.999999999999998,1.5,39.733333333333256,18.0,253.0,12.0,107328.88827771587,75.1275360643005,66.25240017142956,44.0,20.0,278.97119999999984,32.34161250000002,15.012251144574499,326.32506364457436,101.20000000000036,18.0,445.52506364457474,1194.0071705674604,0.0,0.0,4.0,0.0,8.0,50.0,3566.0,24708.218015343013,619.9359999999997,19.551108333333328,33.733333333333256,5.999999999999998,1.5,39.733333333333256,18.0,253.0,12.0,107328.88827771587,75.1275360643005,66.25240017142956,44.0,20.0,278.97119999999984,32.34161250000002,15.012251144574499,326.32506364457436,101.20000000000036,18.0,445.52506364457474,1194.0071705674604,0.0,0.0,4.0,0.0,8.0,9581.700619544416,0,3
smart,persistent_multi_day_surge,16,5.0,182.0,250.15139461972518,1443.1709999999982,38.07112638888886,47.199999999999875,15.000000000000009,3.1666666666666656,62.19999999999988,45.0,354.0,40.0,131196.82296368913,66.23166342875322,32.39427727498497,0.0,223.0,649.4269499999996,16.117897499999998,17.06392144963334,682.6087689496329,141.60000000000093,45.0,869.2087689496338,2329.479500785019,0.0,26.0,0.0,43.0,67.0,5.0,182.0,250.15139461972518,1443.1709999999982,38.07112638888886,47.199999999999875,15.000000000000009,3.1666666666666656,62.19999999999988,45.0,354.0,40.0,131196.82296368913,66.23166342875322,32.39427727498497,0.0,199.0,649.4269499999996,16.117897499999998,17.06392144963334,682.6087689496329,141.60000000000093,45.0,869.2087689496338,2329.479500785019,0.0,26.0,0.0,43.0,58.0,10171.832554294388,0,3
fixed,localized_surge,16,38.0,1677.0,9357.988364661147,666.0259999999996,20.753891666666657,36.66666666666658,5.999999999999998,1.5,42.66666666666658,18.0,275.0,21.0,108118.1351293664,70.33169781078834,66.73958958602864,22.0,19.0,299.71169999999984,30.947400000000002,15.831761286187437,346.4908612861873,110.00000000000048,18.0,474.49086128618774,1271.6355082469831,0.0,0.0,2.0,0.0,8.0,38.0,1677.0,9357.988364661147,666.0259999999996,20.753891666666657,36.66666666666658,5.999999999999998,1.5,42.66666666666658,18.0,275.0,21.0,108118.1351293664,70.33169781078834,66.73958958602864,22.0,19.0,299.71169999999984,30.947400000000002,15.831761286187437,346.4908612861873,110.00000000000048,18.0,474.49086128618774,1271.6355082469831,0.0,0.0,2.0,0.0,8.0,9581.700619544416,0,3
smart,localized_surge,16,9.0,216.0,305.2251406349249,1366.743999999999,36.86625833333331,44.53333333333322,14.666666666666675,2.8333333333333326,59.19999999999989,44.0,334.0,44.0,123418.14776181834,65.71004943964401,31.166198929752106,0.0,242.0,615.0347999999994,24.877080000000007,15.706883802513794,655.6187638025132,133.60000000000082,44.0,833.218763802514,2233.026286990738,0.0,27.0,0.0,35.0,75.0,9.0,216.0,305.2251406349249,1366.743999999999,36.86625833333331,44.53333333333322,14.666666666666675,2.8333333333333326,59.19999999999989,44.0,334.0,44.0,123418.14776181834,65.71004943964401,31.166198929752106,0.0,218.0,615.0347999999994,24.877080000000007,15.706883802513794,655.6187638025132,133.60000000000082,44.0,833.218763802514,2233.026286990738,0.0,27.0,0.0,35.0,66.0,3334.451211118724,0,3
fixed,gradual_upward_trend,16,27.0,1577.0,8479.625978505394,666.0359999999996,20.772044444444436,36.66666666666658,5.999999999999998,1.5,42.66666666666658,18.0,274.0,14.0,107598.05445181913,70.65346403466043,66.41855213075256,23.0,20.0,299.71619999999984,30.891510000000004,16.21203925777251,346.81974925777234,110.00000000000048,18.0,474.81974925777286,1272.5169280108314,0.0,0.0,2.0,0.0,8.0,27.0,1577.0,8479.625978505394,666.0359999999996,20.772044444444436,36.66666666666658,5.999999999999998,1.5,42.66666666666658,18.0,274.0,14.0,107598.05445181913,70.65346403466043,66.41855213075256,23.0,20.0,299.71619999999984,30.891510000000004,16.21203925777251,346.81974925777234,110.00000000000048,18.0,474.81974925777286,1272.5169280108314,0.0,0.0,2.0,0.0,8.0,10479.011337311815,0,3
smart,gradual_upward_trend,16,3.0,104.0,119.51613324993428,1311.242999999999,36.34235833333331,42.39999999999989,13.666666666666673,2.666666666666666,56.06666666666656,41.0,318.0,27.0,118536.20639693888,67.20201962887815,32.123633169902135,0.0,260.0,590.0593499999997,33.33640500000003,16.125396467382295,639.521151467382,127.20000000000073,41.0,807.7211514673827,2164.692685932586,0.0,25.0,0.0,29.0,80.0,3.0,104.0,119.51613324993428,1311.242999999999,36.34235833333331,42.39999999999989,13.666666666666673,2.666666666666666,56.06666666666656,41.0,318.0,27.0,118536.20639693888,67.20201962887815,32.123633169902135,0.0,236.0,590.0593499999997,33.33640500000003,16.125396467382295,639.521151467382,127.20000000000073,41.0,807.7211514673827,2164.692685932586,0.0,25.0,0.0,29.0,71.0,7900.969237447474,0,3
fixed,abrupt_behavior_change,16,51.0,5535.0,37207.95309580107,550.8009999999998,17.744687500000005,29.333333333333268,5.999999999999998,1.5,35.333333333333265,18.0,220.0,7.0,99652.44427878573,80.08357299688495,61.513854493077616,77.0,20.0,247.86045,33.882862500000016,12.696411280536303,294.4397237805363,88.00000000000017,18.0,400.4397237805365,1073.1784597318378,0.0,0.0,7.0,0.0,8.0,51.0,5535.0,37207.95309580107,550.8009999999998,17.744687500000005,29.333333333333268,5.999999999999998,1.5,35.333333333333265,18.0,220.0,7.0,99652.44427878573,80.08357299688495,61.513854493077616,77.0,20.0,247.86045,33.882862500000016,12.696411280536303,294.4397237805363,88.00000000000017,18.0,400.4397237805365,1073.1784597318378,0.0,0.0,7.0,0.0,8.0,14874.952209739124,0,3
smart,abrupt_behavior_change,16,14.0,147.0,364.786541688354,1522.042999999999,40.93580694444439,49.86666666666653,15.666666666666677,2.999999999999999,65.5333333333332,47.0,374.0,38.0,141483.98644983687,67.6959541856974,33.44775093376758,0.0,191.0,684.9193499999993,23.95638,18.674089858167356,727.5498198581666,149.60000000000105,47.0,924.1498198581677,2476.7215172198894,0.0,29.0,0.0,45.0,65.0,14.0,147.0,364.786541688354,1522.042999999999,40.93580694444439,49.86666666666653,15.666666666666677,2.999999999999999,65.5333333333332,47.0,374.0,38.0,141483.98644983687,67.6959541856974,33.44775093376758,0.0,167.0,684.9193499999993,23.95638,18.674089858167356,727.5498198581666,149.60000000000105,47.0,924.1498198581677,2476.7215172198894,0.0,29.0,0.0,45.0,56.0,9886.576592800593,0,3
fixed,traffic_disruption,16,23.0,1490.0,7748.213730235313,666.0259999999996,27.583625625000032,36.66666666666658,5.999999999999998,1.5,42.66666666666658,18.0,275.0,24.0,103610.80039918628,67.68820601958545,63.957284197028564,22.0,20.0,299.71169999999984,143.112333375,20.596444043492873,463.4204774184927,110.00000000000048,18.0,591.4204774184932,1585.0068794815618,0.0,0.0,2.0,0.0,8.0,23.0,1490.0,7748.213730235313,666.0259999999996,27.583625625000032,36.66666666666658,5.999999999999998,1.5,42.66666666666658,18.0,275.0,24.0,103610.80039918628,67.68820601958545,63.957284197028564,22.0,20.0,299.71169999999984,143.112333375,20.596444043492873,463.4204774184927,110.00000000000048,18.0,591.4204774184932,1585.0068794815618,0.0,0.0,2.0,0.0,8.0,9517.785194368602,0,3
smart,traffic_disruption,16,2.0,25.0,32.50487975914562,1225.3529999999992,44.88016500000001,41.599999999999895,12.666666666666671,2.1666666666666665,54.266666666666566,38.0,312.0,33.0,114145.12544479677,66.01878681204259,33.37576767391719,0.0,283.0,551.4088499999993,229.12087950000023,20.041401333974665,800.5711308339743,124.8000000000007,38.0,963.371130833975,2581.834630635053,0.0,25.0,0.0,26.0,83.0,2.0,25.0,32.50487975914562,1225.3529999999992,44.88016500000001,41.599999999999895,12.666666666666671,2.1666666666666665,54.266666666666566,38.0,312.0,33.0,114145.12544479677,66.01878681204259,33.37576767391719,0.0,259.0,551.4088499999993,229.12087950000023,20.041401333974665,800.5711308339743,124.8000000000007,38.0,963.371130833975,2581.834630635053,0.0,25.0,0.0,26.0,74.0,6699.168999234273,0,3
fixed,sensor_failure,16,23.0,1484.0,7712.580966369824,666.0259999999996,20.753891666666657,36.66666666666658,5.999999999999998,1.5,42.66666666666658,18.0,275.0,24.0,103582.51773787595,67.67614076158806,63.93982576412096,22.0,127.0,299.71169999999984,30.947400000000002,15.316142450242435,345.97524245024226,110.00000000000048,18.0,473.9752424502427,1270.2536497666506,0.0,0.0,2.0,0.0,9.0,23.0,1484.0,7712.580966369824,666.0259999999996,20.753891666666657,36.66666666666658,5.999999999999998,1.5,42.66666666666658,18.0,275.0,24.0,103582.51773787595,67.67614076158806,63.93982576412096,22.0,127.0,299.71169999999984,30.947400000000002,15.316142450242435,345.97524245024226,110.00000000000048,18.0,473.9752424502427,1270.2536497666506,0.0,0.0,2.0,0.0,9.0,9581.700619544416,0,3
smart,sensor_failure,16,26.0,811.0,2187.937162412164,1418.6579999999992,38.143045833333325,35.86666666666658,16.333333333333343,3.1666666666666656,52.199999999999925,49.0,269.0,13.0,109425.81866139732,72.12366611766937,24.81311080757309,0.0,970.0,638.3960999999999,32.210842500000005,13.7748703505497,684.3818128505496,107.60000000000045,49.0,840.9818128505501,2253.8312584394744,0.0,30.0,0.0,55.0,65.0,26.0,811.0,2187.937162412164,1418.6579999999992,38.143045833333325,35.86666666666658,16.333333333333343,3.1666666666666656,52.199999999999925,49.0,269.0,13.0,109425.81866139732,72.12366611766937,24.81311080757309,0.0,799.0,638.3960999999999,32.210842500000005,13.7748703505497,684.3818128505496,107.60000000000045,49.0,840.9818128505501,2253.8312584394744,0.0,30.0,0.0,55.0,53.0,9263.043499980784,0,3
fixed,reduced_truck_capacity,16,12.0,6953.0,37794.81432851322,504.71099999999984,16.54318750000001,26.399999999999945,5.999999999999998,1.5,32.39999999999994,18.0,198.0,21.0,70903.33482759754,63.42004508176134,67.33460097587611,99.0,20.0,227.11995,35.591400000000014,12.987770502961583,275.6991205029616,79.20000000000005,18.0,372.89912050296164,999.3696429479372,0.0,0.0,9.0,0.0,8.0,12.0,6953.0,37794.81432851322,504.71099999999984,16.54318750000001,26.399999999999945,5.999999999999998,1.5,32.39999999999994,18.0,198.0,21.0,70903.33482759754,63.42004508176134,67.33460097587611,99.0,20.0,227.11995,35.591400000000014,12.987770502961583,275.6991205029616,79.20000000000005,18.0,372.89912050296164,999.3696429479372,0.0,0.0,9.0,0.0,8.0,12178.650167679383,0,3
smart,reduced_truck_capacity,16,13.0,167.0,874.3581287108831,1253.2799999999997,33.45271111111113,39.1999999999999,13.666666666666673,2.8333333333333326,52.866666666666575,41.0,294.0,19.0,109693.6658638231,67.11709879108442,45.73427803369736,0.0,251.0,563.9759999999997,24.169185000000002,20.713504937640387,608.8586899376401,117.60000000000059,41.0,767.4586899376407,2056.789289032877,0.0,24.0,0.0,36.0,74.0,13.0,167.0,874.3581287108831,1253.2799999999997,33.45271111111113,39.1999999999999,13.666666666666673,2.8333333333333326,52.866666666666575,41.0,294.0,19.0,109693.6658638231,67.11709879108442,45.73427803369736,0.0,227.0,563.9759999999997,24.169185000000002,20.713504937640387,608.8586899376401,117.60000000000059,41.0,767.4586899376407,2056.789289032877,0.0,24.0,0.0,36.0,65.0,10308.775331256149,0,3
fixed,combined_demand_operational_stress,16,115.0,9422.0,87310.9470034328,568.9519999999995,24.843277500000006,25.333333333333282,5.999999999999998,1.5,31.33333333333328,18.0,185.0,0.0,96506.39391906331,93.33156174014748,91.64899707413419,112.0,128.0,256.0284,139.95516600000008,28.504201177897457,424.4877671778975,76.0,18.0,518.4877671778975,1389.5472160367653,2.0,0.0,9.0,0.0,9.0,105.0,9356.0,86790.94896631203,568.9519999999995,24.843277500000006,25.333333333333282,5.999999999999998,1.5,31.33333333333328,18.0,185.0,0.0,96506.39391906331,93.33156174014748,91.64899707413419,112.0,128.0,256.0284,139.95516600000008,28.504201177897457,424.4877671778975,76.0,18.0,518.4877671778975,1389.5472160367653,2.0,0.0,9.0,0.0,9.0,17485.666746910007,0,3
smart,combined_demand_operational_stress,16,113.0,3253.0,24183.707373544457,1715.0339999999987,57.51640500000001,48.26666666666654,18.666666666666668,4.666666666666666,66.93333333333321,56.0,362.0,17.0,166460.99286447564,79.2038975169249,50.81226888415007,0.0,527.0,771.7653000000001,270.71557425000015,40.09573544341237,1082.5766096934128,144.80000000000098,56.0,1283.3766096934137,3439.449313978349,0.0,28.0,0.0,84.0,36.0,112.0,3249.0,24137.943908837326,1638.1719999999984,54.7919625,45.06666666666655,18.000000000000004,4.499999999999999,63.06666666666655,54.0,338.0,17.0,158928.42714975122,79.98724750915494,50.309726859687,0.0,404.0,737.1774000000001,258.0120900000003,37.886557985119104,1033.0760479851194,135.20000000000084,54.0,1222.2760479851204,3275.6998086001227,0.0,27.0,0.0,81.0,27.0,10658.30743138597,0,3
fixed,normal_patterned,17,0.0,0.0,0.0,712.1159999999994,21.958599999999993,39.5999999999999,5.999999999999998,1.5,45.5999999999999,18.0,297.0,72.0,97091.8729980277,57.9598304855433,59.93325493705413,0.0,26.0,320.4521999999997,30.024675000000002,15.118537933501434,365.59541293350117,118.80000000000061,18.0,502.3954129335018,1346.4197066617849,0.0,0.0,0.0,0.0,9.0,0.0,0.0,0.0,712.1159999999994,21.958599999999993,39.5999999999999,5.999999999999998,1.5,45.5999999999999,18.0,297.0,72.0,97091.8729980277,57.9598304855433,59.93325493705413,0.0,26.0,320.4521999999997,30.024675000000002,15.118537933501434,365.59541293350117,118.80000000000061,18.0,502.3954129335018,1346.4197066617849,0.0,0.0,0.0,0.0,9.0,7810.374719089321,0,3
smart,normal_patterned,17,1.0,47.0,27.919197004582998,1085.8380000000002,32.38248749999999,36.79999999999991,11.333333333333336,1.8333333333333335,48.13333333333325,34.0,276.0,26.0,100086.77809358259,64.15409220072748,32.70809741620346,0.0,286.0,488.62709999999953,43.483770000000014,13.17671552095853,545.287585520958,110.40000000000049,34.0,689.6875855209585,1848.3627291961689,0.0,23.0,0.0,17.0,91.0,1.0,47.0,27.919197004582998,1085.8380000000002,32.38248749999999,36.79999999999991,11.333333333333336,1.8333333333333335,48.13333333333325,34.0,276.0,26.0,100086.77809358259,64.15409220072748,32.70809741620346,0.0,273.0,488.62709999999953,43.483770000000014,13.17671552095853,545.287585520958,110.40000000000049,34.0,689.6875855209585,1848.3627291961689,0.0,23.0,0.0,17.0,83.0,4787.55042652984,0,3
fixed,high_demand_seasonal,17,37.0,5628.0,38470.13517226036,550.8009999999997,17.74532916666667,29.333333333333268,5.999999999999998,1.5,35.333333333333265,18.0,220.0,0.0,103503.07575307017,81.48975514190158,63.89078750189517,77.0,25.0,247.86044999999996,34.04002500000001,13.25561757569466,295.15609257569463,88.00000000000017,18.0,401.1560925756948,1075.098328102862,0.0,0.0,7.0,0.0,9.0,35.0,5619.0,38421.042913904326,550.8009999999997,17.74532916666667,29.333333333333268,5.999999999999998,1.5,35.333333333333265,18.0,220.0,0.0,103503.07575307017,81.48975514190158,63.89078750189517,77.0,25.0,247.86044999999996,34.04002500000001,13.25561757569466,295.15609257569463,88.00000000000017,18.0,401.1560925756948,1075.098328102862,0.0,0.0,7.0,0.0,9.0,11708.64124785006,0,3
smart,high_demand_seasonal,17,10.0,108.0,275.3739204050183,1491.6390000000017,40.22999305555551,49.19999999999987,16.00000000000001,3.4999999999999987,65.19999999999987,48.0,369.0,18.0,144174.0934686359,69.1893996988491,33.37363274736942,0.0,178.0,671.2375499999993,25.635847500000004,18.76187102124141,715.6352685212406,147.60000000000102,48.0,911.2352685212417,2442.1105196369276,0.0,27.0,0.0,53.0,59.0,10.0,108.0,275.3739204050183,1412.9600000000014,37.80039861111109,44.933333333333216,15.333333333333343,3.333333333333332,60.26666666666656,46.0,337.0,18.0,131490.66216223844,69.26133059835186,31.76102950778706,0.0,165.0,635.8319999999992,21.995167500000008,16.845626088490157,674.6727935884893,134.80000000000084,46.0,855.4727935884902,2292.6670868171536,0.0,26.0,0.0,52.0,51.0,9232.38478413976,0,3
fixed,event_heavy,17,1.0,12.0,7.8437388302735656,712.1159999999994,21.958599999999993,39.5999999999999,5.999999999999998,1.5,45.5999999999999,18.0,297.0,102.0,93588.05675928136,55.580419351637964,57.7704054069638,0.0,26.0,320.4521999999997,30.024675000000002,14.582192307329848,365.05906730732954,118.80000000000061,18.0,501.8590673073302,1344.982300383645,0.0,0.0,0.0,0.0,9.0,1.0,12.0,7.8437388302735656,712.1159999999994,21.958599999999993,39.5999999999999,5.999999999999998,1.5,45.5999999999999,18.0,297.0,102.0,93588.05675928136,55.580419351637964,57.7704054069638,0.0,26.0,320.4521999999997,30.024675000000002,14.582192307329848,365.05906730732954,118.80000000000061,18.0,501.8590673073302,1344.982300383645,0.0,0.0,0.0,0.0,9.0,7363.215933080133,0,3
smart,event_heavy,17,4.0,45.0,106.32073572098903,1058.9180000000001,30.165163888888898,33.86666666666659,11.000000000000002,1.5,44.86666666666659,33.0,254.0,27.0,93855.12058707261,65.11734864786584,31.60105070271805,0.0,266.0,476.51309999999967,31.7943225,12.276175416875825,520.5835979168755,101.60000000000036,33.0,655.1835979168759,1755.8920424172275,0.0,24.0,0.0,21.0,88.0,4.0,45.0,106.32073572098903,1058.9180000000001,30.165163888888898,33.86666666666659,11.000000000000002,1.5,44.86666666666659,33.0,254.0,27.0,93855.12058707261,65.11734864786584,31.60105070271805,0.0,253.0,476.51309999999967,31.7943225,12.276175416875825,520.5835979168755,101.60000000000036,33.0,655.1835979168759,1755.8920424172275,0.0,24.0,0.0,21.0,80.0,6997.675108398125,0,3
fixed,persistent_multi_day_surge,17,29.0,2474.0,16546.054848054584,642.9809999999997,20.15282083333333,35.19999999999992,5.999999999999998,1.5,41.19999999999992,18.0,264.0,51.0,99582.92917208541,65.98664478133219,61.47094393338606,33.0,26.0,289.3414499999998,31.723087500000013,14.27245697754507,335.33699447754486,105.60000000000042,18.0,458.9369944775453,1229.9511451998214,0.0,0.0,3.0,0.0,9.0,29.0,2474.0,16546.054848054584,642.9809999999997,20.15282083333333,35.19999999999992,5.999999999999998,1.5,41.19999999999992,18.0,264.0,51.0,99582.92917208541,65.98664478133219,61.47094393338606,33.0,26.0,289.3414499999998,31.723087500000013,14.27245697754507,335.33699447754486,105.60000000000042,18.0,458.9369944775453,1229.9511451998214,0.0,0.0,3.0,0.0,9.0,7810.374719089321,0,3
smart,persistent_multi_day_surge,17,6.0,105.0,172.76638223523437,1306.2990000000002,35.33554999999999,41.99999999999989,13.666666666666673,2.8333333333333326,55.666666666666565,41.0,315.0,32.0,116536.23772999237,65.69669874077464,31.581636241190342,0.0,209.0,587.8345499999995,23.22555750000001,14.906213092029887,625.9663205920294,126.00000000000071,41.0,792.9663205920301,2125.149739186641,0.0,24.0,0.0,43.0,67.0,6.0,105.0,172.76638223523437,1306.2990000000002,35.33554999999999,41.99999999999989,13.666666666666673,2.8333333333333326,55.666666666666565,41.0,315.0,32.0,116536.23772999237,65.69669874077464,31.581636241190342,0.0,196.0,587.8345499999995,23.22555750000001,14.906213092029887,625.9663205920294,126.00000000000071,41.0,792.9663205920301,2125.149739186641,0.0,24.0,0.0,43.0,59.0,7230.354627001781,0,3
fixed,localized_surge,17,23.0,700.0,3790.4498032307592,689.0709999999995,21.356245833333325,38.13333333333324,5.999999999999998,1.5,44.13333333333324,18.0,286.0,65.0,99318.94619474518,61.322852376589054,61.30799147823776,11.0,25.0,310.0819499999998,30.48603750000001,14.967970704498478,355.5359582044983,114.40000000000055,18.0,487.93595820449883,1307.6683679880568,0.0,0.0,1.0,0.0,9.0,23.0,700.0,3790.4498032307592,689.0709999999995,21.356245833333325,38.13333333333324,5.999999999999998,1.5,44.13333333333324,18.0,286.0,65.0,99318.94619474518,61.322852376589054,61.30799147823776,11.0,25.0,310.0819499999998,30.48603750000001,14.967970704498478,355.5359582044983,114.40000000000055,18.0,487.93595820449883,1307.6683679880568,0.0,0.0,1.0,0.0,9.0,7810.374719089321,0,3
smart,localized_surge,17,5.0,64.0,63.06690597022215,1213.4519999999995,32.015483333333364,38.53333333333324,12.666666666666671,2.666666666666666,51.19999999999991,38.0,289.0,30.0,104871.04791496106,63.980414967689875,30.664049097941827,0.0,219.0,546.0533999999998,14.030415000000003,13.2092873963366,573.2931023963363,115.60000000000056,38.0,726.8931023963369,1948.0735144221828,0.0,22.0,0.0,41.0,69.0,5.0,64.0,63.06690597022215,1213.4519999999995,32.015483333333364,38.53333333333324,12.666666666666671,2.666666666666666,51.19999999999991,38.0,289.0,30.0,104871.04791496106,63.980414967689875,30.664049097941827,0.0,206.0,546.0533999999998,14.030415000000003,13.2092873963366,573.2931023963363,115.60000000000056,38.0,726.8931023963369,1948.0735144221828,0.0,22.0,0.0,41.0,61.0,5985.655896134049,0,3
fixed,gradual_upward_trend,17,0.0,0.0,0.0,712.1159999999994,21.958599999999993,39.5999999999999,5.999999999999998,1.5,45.5999999999999,18.0,297.0,51.0,101387.80661641444,60.522371063716925,62.5850658126015,0.0,26.0,320.4521999999997,30.024675000000002,15.78666142652498,366.2635364265247,118.80000000000061,18.0,503.0635364265253,1348.210277623088,0.0,0.0,0.0,0.0,9.0,0.0,0.0,0.0,712.1159999999994,21.958599999999993,39.5999999999999,5.999999999999998,1.5,45.5999999999999,18.0,297.0,51.0,101387.80661641444,60.522371063716925,62.5850658126015,0.0,26.0,320.4521999999997,30.024675000000002,15.78666142652498,366.2635364265247,118.80000000000061,18.0,503.0635364265253,1348.210277623088,0.0,0.0,0.0,0.0,9.0,8540.088940007547,0,3
smart,gradual_upward_trend,17,2.0,81.0,74.4183133075129,1219.3179999999998,34.51674861111113,38.13333333333324,12.666666666666671,2.4999999999999996,50.79999999999991,38.0,286.0,25.0,104484.44605481686,65.18282600768026,30.551007618367503,0.0,247.0,548.6930999999998,35.761950000000006,13.874416786849082,598.3294667868489,114.40000000000055,38.0,750.7294667868495,2011.9549709887567,0.0,23.0,0.0,32.0,77.0,2.0,81.0,74.4183133075129,1219.3179999999998,34.51674861111113,38.13333333333324,12.666666666666671,2.4999999999999996,50.79999999999991,38.0,286.0,25.0,104484.44605481686,65.18282600768026,30.551007618367503,0.0,234.0,548.6930999999998,35.761950000000006,13.874416786849082,598.3294667868489,114.40000000000055,38.0,750.7294667868495,2011.9549709887567,0.0,23.0,0.0,32.0,69.0,5369.031188297544,0,3
fixed,abrupt_behavior_change,17,23.0,3358.0,21547.784596702135,619.9359999999996,19.551108333333335,33.733333333333256,5.999999999999998,1.5,39.733333333333256,18.0,253.0,32.0,100386.17742479971,69.2668353252606,61.96677618814797,44.0,25.0,278.97119999999984,32.34161250000001,13.933860401611888,325.2466729016117,101.20000000000036,18.0,444.44667290161203,1191.1170833763204,0.0,0.0,4.0,0.0,9.0,23.0,3358.0,21547.784596702135,619.9359999999996,19.551108333333335,33.733333333333256,5.999999999999998,1.5,39.733333333333256,18.0,253.0,32.0,100386.17742479971,69.2668353252606,61.96677618814797,44.0,25.0,278.97119999999984,32.34161250000001,13.933860401611888,325.2466729016117,101.20000000000036,18.0,444.44667290161203,1191.1170833763204,0.0,0.0,4.0,0.0,9.0,11325.043342679513,0,3
smart,abrupt_behavior_change,17,8.0,117.0,157.48222156366802,1405.1579999999994,38.0629097222222,45.19999999999988,14.666666666666675,2.4999999999999996,59.86666666666656,44.0,339.0,22.0,126527.14907999228,65.70870698294223,31.95130027272532,0.0,215.0,632.3210999999997,26.275814999999994,16.221144267299035,674.8180592672986,135.60000000000085,44.0,854.4180592672994,2289.8403988363625,0.0,29.0,0.0,39.0,70.0,8.0,117.0,157.48222156366802,1405.1579999999994,38.0629097222222,45.19999999999988,14.666666666666675,2.4999999999999996,59.86666666666656,44.0,339.0,22.0,126527.14907999228,65.70870698294223,31.95130027272532,0.0,202.0,632.3210999999997,26.275814999999994,16.221144267299035,674.8180592672986,135.60000000000085,44.0,854.4180592672994,2289.8403988363625,0.0,29.0,0.0,39.0,62.0,6574.374062625504,0,3
fixed,traffic_disruption,17,0.0,0.0,0.0,712.1159999999994,29.104261875000034,39.5999999999999,5.999999999999998,1.5,45.5999999999999,18.0,297.0,72.0,97156.27718119259,57.99085863916869,59.973010605674446,0.0,26.0,320.4521999999997,147.874440375,20.333688857990552,488.6603292329903,118.80000000000061,18.0,625.460329232991,1676.233682344416,0.0,0.0,0.0,0.0,9.0,0.0,0.0,0.0,712.1159999999994,29.104261875000034,39.5999999999999,5.999999999999998,1.5,45.5999999999999,18.0,297.0,72.0,97156.27718119259,57.99085863916869,59.973010605674446,0.0,26.0,320.4521999999997,147.874440375,20.333688857990552,488.6603292329903,118.80000000000061,18.0,625.460329232991,1676.233682344416,0.0,0.0,0.0,0.0,9.0,7745.9705359243935,0,3
smart,traffic_disruption,17,1.0,47.0,27.919197004582998,1110.3279999999995,44.41789312500002,37.06666666666658,11.66666666666667,1.8333333333333335,48.73333333333325,35.0,278.0,32.0,100143.703707473,63.84314470861195,31.791651970626347,0.0,278.0,499.64759999999956,231.62098725000004,17.766266227812032,749.0348534778117,111.2000000000005,35.0,895.2348534778122,2399.2294073205367,0.0,24.0,0.0,17.0,90.0,1.0,47.0,27.919197004582998,1110.3279999999995,44.41789312500002,37.06666666666658,11.66666666666667,1.8333333333333335,48.73333333333325,35.0,278.0,32.0,100143.703707473,63.84314470861195,31.791651970626347,0.0,265.0,499.64759999999956,231.62098725000004,17.766266227812032,749.0348534778117,111.2000000000005,35.0,895.2348534778122,2399.2294073205367,0.0,24.0,0.0,17.0,82.0,4730.624812639369,0,3
fixed,sensor_failure,17,0.0,0.0,0.0,712.1159999999994,21.958599999999993,39.5999999999999,5.999999999999998,1.5,45.5999999999999,18.0,297.0,72.0,97091.8729980277,57.9598304855433,59.93325493705413,0.0,144.0,320.4521999999997,30.024675000000002,15.118537933501434,365.59541293350117,118.80000000000061,18.0,502.3954129335018,1346.4197066617849,0.0,0.0,0.0,0.0,9.0,0.0,0.0,0.0,712.1159999999994,21.958599999999993,39.5999999999999,5.999999999999998,1.5,45.5999999999999,18.0,297.0,72.0,97091.8729980277,57.9598304855433,59.93325493705413,0.0,144.0,320.4521999999997,30.024675000000002,15.118537933501434,365.59541293350117,118.80000000000061,18.0,502.3954129335018,1346.4197066617849,0.0,0.0,0.0,0.0,9.0,7810.374719089321,0,3
smart,sensor_failure,17,22.0,842.0,2027.8928990190245,1406.7569999999985,35.22033888888889,31.999999999999925,17.000000000000007,3.666666666666665,48.99999999999993,51.0,240.0,18.0,96021.40776815047,68.92096145167896,20.919696681514264,0.0,746.0,633.0406499999996,8.015895000000004,10.457991381533748,651.5145363815333,96.00000000000028,51.0,798.5145363815336,2140.01895750251,0.0,29.0,0.0,71.0,49.0,22.0,842.0,2027.8928990190245,1406.7569999999985,35.22033888888889,31.999999999999925,17.000000000000007,3.666666666666665,48.99999999999993,51.0,240.0,18.0,96021.40776815047,68.92096145167896,20.919696681514264,0.0,567.0,633.0406499999996,8.015895000000004,10.457991381533748,651.5145363815333,96.00000000000028,51.0,798.5145363815336,2140.01895750251,0.0,29.0,0.0,71.0,37.0,6852.947049947419,0,3
fixed,reduced_truck_capacity,17,11.0,6028.0,28502.628750002204,522.4440000000001,17.07947777777778,27.733333333333274,5.999999999999998,1.5,33.73333333333327,18.0,208.0,62.0,68261.80877318852,57.0921580376382,64.82602922430058,89.0,26.0,235.09980000000002,34.658550000000005,12.898868822335588,282.6572188223356,83.2000000000001,18.0,383.8572188223357,1028.7373464438597,0.0,0.0,9.0,0.0,9.0,11.0,6028.0,28502.628750002204,522.4440000000001,17.07947777777778,27.733333333333274,5.999999999999998,1.5,33.73333333333327,18.0,208.0,62.0,68261.80877318852,57.0921580376382,64.82602922430058,89.0,26.0,235.09980000000002,34.658550000000005,12.898868822335588,282.6572188223356,83.2000000000001,18.0,383.8572188223357,1028.7373464438597,0.0,0.0,9.0,0.0,9.0,8137.8101939262115,0,3
smart,reduced_truck_capacity,17,1.0,8.0,7.425691333067647,945.6019999999999,26.739680555555566,34.666666666666586,9.666666666666666,1.6666666666666667,44.33333333333325,29.0,260.0,21.0,93799.35868258127,64.49381905146193,55.28992554234085,0.0,276.0,425.52089999999953,24.442695,18.98706610517198,468.95066110517155,104.0000000000004,29.0,601.950661105172,1613.227771761861,0.0,19.0,0.0,20.0,88.0,1.0,8.0,7.425691333067647,945.6019999999999,26.739680555555566,34.666666666666586,9.666666666666666,1.6666666666666667,44.33333333333325,29.0,260.0,21.0,93799.35868258127,64.49381905146193,55.28992554234085,0.0,263.0,425.52089999999953,24.442695,18.98706610517198,468.95066110517155,104.0000000000004,29.0,601.950661105172,1613.227771761861,0.0,19.0,0.0,20.0,80.0,11095.463343202631,0,3
fixed,combined_demand_operational_stress,17,64.0,8362.0,70322.28896794483,522.5829999999996,23.064065625,25.466666666666615,5.999999999999998,1.5,31.46666666666661,18.0,189.0,2.0,90789.20732649488,84.26644839257207,86.21957011063142,108.0,142.0,235.16234999999995,130.28030775000008,23.372675863729445,388.8153336137295,76.4,18.0,483.2153336137295,1295.0170940847952,0.0,0.0,9.0,0.0,9.0,64.0,8362.0,70322.28896794483,522.5829999999996,23.064065625,25.466666666666615,5.999999999999998,1.5,31.46666666666661,18.0,189.0,2.0,90789.20732649488,84.26644839257207,86.21957011063142,108.0,142.0,235.16234999999995,130.28030775000008,23.372675863729445,388.8153336137295,76.4,18.0,483.2153336137295,1295.0170940847952,0.0,0.0,9.0,0.0,9.0,15031.85239308148,0,3
smart,combined_demand_operational_stress,17,82.0,2115.0,16074.72767864179,1641.2819999999992,56.59905750000002,44.79999999999988,18.333333333333336,3.8333333333333317,63.13333333333322,55.0,336.0,19.0,150899.6728962297,77.23050896809235,46.89966523581343,0.0,763.0,738.5768999999991,275.6892138750006,37.191573499756544,1051.4576873747562,134.40000000000083,55.0,1240.857687374757,3325.498602164349,0.0,32.0,0.0,70.0,50.0,82.0,2115.0,16074.72767864179,1569.4839999999995,54.092010000000016,42.66666666666656,17.66666666666667,3.666666666666665,60.33333333333323,53.0,320.0,19.0,144442.88151686636,77.70143453878617,46.586963882233945,0.0,598.0,706.2677999999993,263.4240341250004,35.16900815743709,1004.8608422824368,128.00000000000074,53.0,1185.8608422824375,3178.1070573169327,0.0,31.0,0.0,69.0,39.0,9168.94811264978,0,3
fixed,normal_patterned,18,0.0,0.0,0.0,712.1159999999994,21.958599999999993,39.5999999999999,5.999999999999998,1.5,45.5999999999999,18.0,297.0,61.0,103390.35640206204,62.32279054673279,63.82120765559386,0.0,23.0,320.4521999999997,30.024675000000002,16.064499867905827,366.5413748679056,118.80000000000061,18.0,503.3413748679062,1348.9548846459886,0.0,0.0,0.0,0.0,9.0,0.0,0.0,0.0,712.1159999999994,21.958599999999993,39.5999999999999,5.999999999999998,1.5,45.5999999999999,18.0,297.0,61.0,103390.35640206204,62.32279054673279,63.82120765559386,0.0,23.0,320.4521999999997,30.024675000000002,16.064499867905827,366.5413748679056,118.80000000000061,18.0,503.3413748679062,1348.9548846459886,0.0,0.0,0.0,0.0,9.0,10667.67286062823,0,3
smart,normal_patterned,18,0.0,0.0,0.0,1205.7899999999995,34.96225694444443,37.19999999999991,13.000000000000005,2.0,50.19999999999992,39.0,279.0,22.0,105077.33974986634,67.24253129661048,29.93656403130095,0.0,260.0,542.6054999999992,47.622127500000005,14.192497456539222,604.4201249565384,111.6000000000005,39.0,755.0201249565389,2023.4539348835244,0.0,27.0,0.0,20.0,85.0,0.0,0.0,0.0,1205.7899999999995,34.96225694444443,37.19999999999991,13.000000000000005,2.0,50.19999999999992,39.0,279.0,22.0,105077.33974986634,67.24253129661048,29.93656403130095,0.0,247.0,542.6054999999992,47.622127500000005,14.192497456539222,604.4201249565384,111.6000000000005,39.0,755.0201249565389,2023.4539348835244,0.0,27.0,0.0,20.0,77.0,8980.689512823996,0,3
fixed,high_demand_seasonal,18,63.0,6655.0,49182.95098811082,527.756,17.14425833333334,27.866666666666607,5.999999999999998,1.5,33.8666666666666,18.0,209.0,3.0,102069.60491366399,84.62013119368366,63.00592895905185,88.0,22.0,237.4902,34.81571250000001,12.568916748725005,284.874829248725,83.60000000000011,18.0,386.4748292487251,1035.7525423865834,0.0,0.0,8.0,0.0,9.0,61.0,6649.0,49142.063873553976,527.756,17.14425833333334,27.866666666666607,5.999999999999998,1.5,33.8666666666666,18.0,209.0,3.0,102069.60491366399,84.62013119368366,63.00592895905185,88.0,22.0,237.4902,34.81571250000001,12.568916748725005,284.874829248725,83.60000000000011,18.0,386.4748292487251,1035.7525423865834,0.0,0.0,8.0,0.0,9.0,16541.67899903608,0,3
smart,high_demand_seasonal,18,13.0,245.0,565.528079046428,1610.4759999999987,43.96426111111102,54.39999999999985,16.666666666666675,3.333333333333332,71.06666666666652,50.0,408.0,41.0,158130.06733774376,68.81981458630193,35.14001496394306,0.0,202.0,724.7141999999994,30.292605000000002,20.84755704780995,775.8543620478093,163.20000000000124,50.0,989.0543620478106,2650.6656902881327,0.0,30.0,0.0,43.0,70.0,13.0,245.0,565.528079046428,1531.3519999999992,41.54519583333325,50.399999999999864,16.00000000000001,3.1666666666666656,66.39999999999988,48.0,378.0,41.0,145880.39036147544,68.33648055489084,33.76860887997117,0.0,189.0,689.1083999999995,27.059917500000005,19.071240449568435,735.2395579495679,151.20000000000107,48.0,934.439557949569,2504.298015304845,0.0,29.0,0.0,42.0,62.0,9098.63948402081,0,3
fixed,event_heavy,18,0.0,0.0,0.0,712.1159999999994,21.958599999999993,39.5999999999999,5.999999999999998,1.5,45.5999999999999,18.0,297.0,71.0,99548.42929355864,59.710390758497006,61.44964771207323,0.0,23.0,320.4521999999997,30.024675000000002,15.484725621651465,365.9616006216512,118.80000000000061,18.0,502.76160062165184,1347.401089666027,0.0,0.0,0.0,0.0,9.0,0.0,0.0,0.0,712.1159999999994,21.958599999999993,39.5999999999999,5.999999999999998,1.5,45.5999999999999,18.0,297.0,71.0,99548.42929355864,59.710390758497006,61.44964771207323,0.0,23.0,320.4521999999997,30.024675000000002,15.484725621651465,365.9616006216512,118.80000000000061,18.0,502.76160062165184,1347.401089666027,0.0,0.0,0.0,0.0,9.0,9928.709853830844,0,3
smart,event_heavy,18,4.0,27.0,34.76384329656321,1221.3329999999996,35.94128055555554,36.66666666666658,13.33333333333334,2.0,49.999999999999915,40.0,275.0,24.0,103620.18180035806,66.18663150662988,28.783383833432794,0.0,276.0,549.5998499999997,52.03287,13.2988670923122,614.9315870923119,110.00000000000048,40.0,764.9315870923124,2050.0166534073974,0.0,28.0,0.0,13.0,95.0,4.0,27.0,34.76384329656321,1221.3329999999996,35.94128055555554,36.66666666666658,13.33333333333334,2.0,49.999999999999915,40.0,275.0,24.0,103620.18180035806,66.18663150662988,28.783383833432794,0.0,263.0,549.5998499999997,52.03287,13.2988670923122,614.9315870923119,110.00000000000048,40.0,764.9315870923124,2050.0166534073974,0.0,28.0,0.0,13.0,87.0,5822.193503734884,0,3
fixed,persistent_multi_day_surge,18,36.0,2683.0,17565.48069892875,642.9809999999997,20.153462499999996,35.19999999999992,5.999999999999998,1.5,41.19999999999992,18.0,264.0,38.0,105732.54197739011,70.65133225250167,65.26700122061118,33.0,22.0,289.3414499999998,31.88025000000001,15.094385684268758,336.3160856842685,105.60000000000042,18.0,459.9160856842689,1232.5751096338408,0.0,0.0,3.0,0.0,9.0,36.0,2683.0,17565.48069892875,642.9809999999997,20.153462499999996,35.19999999999992,5.999999999999998,1.5,41.19999999999992,18.0,264.0,38.0,105732.54197739011,70.65133225250167,65.26700122061118,33.0,22.0,289.3414499999998,31.88025000000001,15.094385684268758,336.3160856842685,105.60000000000042,18.0,459.9160856842689,1232.5751096338408,0.0,0.0,3.0,0.0,9.0,10667.67286062823,0,3
smart,persistent_multi_day_surge,18,9.0,78.0,142.45650735781328,1403.689999999999,40.55654722222217,44.26666666666655,14.666666666666675,2.8333333333333326,58.93333333333322,44.0,332.0,28.0,125555.58450792679,67.47036370401405,31.705955683819898,0.0,223.0,631.6604999999994,50.82088500000001,16.45771293000484,698.9390979300042,132.8000000000008,44.0,875.7390979300051,2346.9807824524137,0.0,27.0,0.0,35.0,73.0,9.0,78.0,142.45650735781328,1403.689999999999,40.55654722222217,44.26666666666655,14.666666666666675,2.8333333333333326,58.93333333333322,44.0,332.0,28.0,125555.58450792679,67.47036370401405,31.705955683819898,0.0,210.0,631.6604999999994,50.82088500000001,16.45771293000484,698.9390979300042,132.8000000000008,44.0,875.7390979300051,2346.9807824524137,0.0,27.0,0.0,35.0,65.0,8267.654521662447,0,3
fixed,localized_surge,18,19.0,685.0,3961.930186805532,689.0709999999996,21.356245833333322,38.13333333333324,5.999999999999998,1.5,44.13333333333324,18.0,286.0,52.0,105224.81965785484,65.58159422131799,64.95359238139187,11.0,22.0,310.0819499999998,30.486037500000002,15.857987135388097,356.4259746353879,114.40000000000055,18.0,488.82597463538843,1310.053612022841,0.0,0.0,1.0,0.0,9.0,19.0,685.0,3961.930186805532,689.0709999999996,21.356245833333322,38.13333333333324,5.999999999999998,1.5,44.13333333333324,18.0,286.0,52.0,105224.81965785484,65.58159422131799,64.95359238139187,11.0,22.0,310.0819499999998,30.486037500000002,15.857987135388097,356.4259746353879,114.40000000000055,18.0,488.82597463538843,1310.053612022841,0.0,0.0,1.0,0.0,9.0,10667.67286062823,0,3
smart,localized_surge,18,4.0,24.0,31.32155196890642,1354.2639999999997,38.184409722222235,40.13333333333323,14.333333333333341,2.999999999999999,54.466666666666576,43.0,301.0,27.0,113243.43159819406,67.34970350165817,29.261868630024303,0.0,237.0,609.4187999999995,41.51767499999999,14.72927696048018,665.6657519604796,120.40000000000063,43.0,829.0657519604803,2221.896215254087,0.0,25.0,0.0,32.0,74.0,4.0,24.0,31.32155196890642,1354.2639999999997,38.184409722222235,40.13333333333323,14.333333333333341,2.999999999999999,54.466666666666576,43.0,301.0,27.0,113243.43159819406,67.34970350165817,29.261868630024303,0.0,224.0,609.4187999999995,41.51767499999999,14.72927696048018,665.6657519604796,120.40000000000063,43.0,829.0657519604803,2221.896215254087,0.0,25.0,0.0,32.0,66.0,6579.669555125715,0,3
fixed,gradual_upward_trend,18,0.0,0.0,0.0,712.1159999999994,21.958599999999993,39.5999999999999,5.999999999999998,1.5,45.5999999999999,18.0,297.0,48.0,108010.56763375827,65.10683643608648,66.67318989738165,0.0,23.0,320.4521999999997,30.024675000000002,16.781746850232203,367.2586218502319,118.80000000000061,18.0,504.0586218502325,1350.8771065586232,0.0,0.0,0.0,0.0,9.0,0.0,0.0,0.0,712.1159999999994,21.958599999999993,39.5999999999999,5.999999999999998,1.5,45.5999999999999,18.0,297.0,48.0,108010.56763375827,65.10683643608648,66.67318989738165,0.0,23.0,320.4521999999997,30.024675000000002,16.781746850232203,367.2586218502319,118.80000000000061,18.0,504.0586218502325,1350.8771065586232,0.0,0.0,0.0,0.0,9.0,11660.537051562285,0,3
smart,gradual_upward_trend,18,4.0,71.0,169.47158342517452,1400.2889999999998,39.76494722222221,41.73333333333323,15.000000000000009,2.1666666666666665,56.733333333333235,45.0,313.0,36.0,112797.72144242164,64.70591392950078,27.85128924504238,0.0,238.0,630.1300499999993,44.71470000000002,14.65210695039487,689.4968569503942,125.2000000000007,45.0,859.6968569503949,2303.9875766270584,0.0,32.0,0.0,25.0,81.0,4.0,71.0,169.47158342517452,1400.2889999999998,39.76494722222221,41.73333333333323,15.000000000000009,2.1666666666666665,56.733333333333235,45.0,313.0,36.0,112797.72144242164,64.70591392950078,27.85128924504238,0.0,225.0,630.1300499999993,44.71470000000002,14.65210695039487,689.4968569503942,125.2000000000007,45.0,859.6968569503949,2303.9875766270584,0.0,32.0,0.0,25.0,73.0,6703.911659473817,0,3
fixed,abrupt_behavior_change,18,39.0,3230.0,22708.999733955156,619.9359999999997,19.551750000000016,33.733333333333256,5.999999999999998,1.5,39.733333333333256,18.0,253.0,21.0,105473.67125286655,73.4661047096587,65.10720447707811,44.0,22.0,278.97119999999995,32.49877500000001,14.735047381912858,326.20502238191284,101.20000000000036,18.0,445.4050223819132,1193.6854599835276,0.0,0.0,4.0,0.0,9.0,39.0,3230.0,22708.999733955156,619.9359999999997,19.551750000000016,33.733333333333256,5.999999999999998,1.5,39.733333333333256,18.0,253.0,21.0,105473.67125286655,73.4661047096587,65.10720447707811,44.0,22.0,278.97119999999995,32.49877500000001,14.735047381912858,326.20502238191284,101.20000000000036,18.0,445.4050223819132,1193.6854599835276,0.0,0.0,4.0,0.0,9.0,16148.584052889855,0,3
smart,abrupt_behavior_change,18,8.0,176.0,341.54825980311944,1559.8299999999995,43.40815416666662,47.86666666666654,16.666666666666675,3.666666666666665,64.53333333333322,50.0,359.0,30.0,136220.5734898583,67.50239505965,30.271238553301846,0.0,172.0,701.9234999999996,44.9386425,17.402589578256354,764.264732078256,143.60000000000096,50.0,957.8647320782569,2567.0774819697285,0.0,28.0,0.0,46.0,60.0,8.0,176.0,341.54825980311944,1559.8299999999995,43.40815416666662,47.86666666666654,16.666666666666675,3.666666666666665,64.53333333333322,50.0,359.0,30.0,136220.5734898583,67.50239505965,30.271238553301846,0.0,159.0,701.9234999999996,44.9386425,17.402589578256354,764.264732078256,143.60000000000096,50.0,957.8647320782569,2567.0774819697285,0.0,28.0,0.0,46.0,52.0,7769.133290050099,0,3
fixed,traffic_disruption,18,0.0,0.0,0.0,712.1159999999994,29.104261875000034,39.5999999999999,5.999999999999998,1.5,45.5999999999999,18.0,297.0,61.0,103492.67866112708,62.37246130273101,63.8843695439056,0.0,23.0,320.4521999999997,147.874440375,21.610934610434082,489.9375749854338,118.80000000000061,18.0,626.7375749854344,1679.6567009609644,0.0,0.0,0.0,0.0,9.0,0.0,0.0,0.0,712.1159999999994,29.104261875000034,39.5999999999999,5.999999999999998,1.5,45.5999999999999,18.0,297.0,61.0,103492.67866112708,62.37246130273101,63.8843695439056,0.0,23.0,320.4521999999997,147.874440375,21.610934610434082,489.9375749854338,118.80000000000061,18.0,626.7375749854344,1679.6567009609644,0.0,0.0,0.0,0.0,9.0,10565.35060156314,0,3
smart,traffic_disruption,18,2.0,116.0,114.54710595532384,1291.4029999999998,48.17568562500002,38.399999999999906,13.666666666666673,2.1666666666666665,52.06666666666658,41.0,288.0,24.0,106301.19010534303,65.85544839565478,28.807910597653937,0.0,233.0,581.1313499999993,242.6544753750004,18.922429821892106,842.7082551968919,115.20000000000056,41.0,998.9082551968925,2677.074123927672,0.0,28.0,0.0,26.0,79.0,2.0,116.0,114.54710595532384,1291.4029999999998,48.17568562500002,38.399999999999906,13.666666666666673,2.1666666666666665,52.06666666666658,41.0,288.0,24.0,106301.19010534303,65.85544839565478,28.807910597653937,0.0,220.0,581.1313499999993,242.6544753750004,18.922429821892106,842.7082551968919,115.20000000000056,41.0,998.9082551968925,2677.074123927672,0.0,28.0,0.0,26.0,71.0,7642.29205139194,0,3
fixed,sensor_failure,18,0.0,0.0,0.0,712.1159999999994,21.958599999999993,39.5999999999999,5.999999999999998,1.5,45.5999999999999,18.0,297.0,61.0,103390.35640206204,62.32279054673279,63.82120765559386,0.0,127.0,320.4521999999997,30.024675000000002,16.064499867905827,366.5413748679056,118.80000000000061,18.0,503.3413748679062,1348.9548846459886,0.0,0.0,0.0,0.0,9.0,0.0,0.0,0.0,712.1159999999994,21.958599999999993,39.5999999999999,5.999999999999998,1.5,45.5999999999999,18.0,297.0,61.0,103390.35640206204,62.32279054673279,63.82120765559386,0.0,127.0,320.4521999999997,30.024675000000002,16.064499867905827,366.5413748679056,118.80000000000061,18.0,503.3413748679062,1348.9548846459886,0.0,0.0,0.0,0.0,9.0,10667.67286062823,0,3
smart,sensor_failure,18,31.0,819.0,3070.3615242604856,1423.8409999999985,36.34626527777777,33.46666666666659,17.000000000000007,2.999999999999999,50.4666666666666,51.0,251.0,28.0,101572.47343047605,71.0436626462155,22.129079178752953,0.0,878.0,640.7284499999995,16.69419,11.626755342539813,669.0493953425394,100.40000000000035,51.0,820.4493953425397,2198.8043795180065,0.0,33.0,0.0,60.0,60.0,31.0,819.0,3070.3615242604856,1423.8409999999985,36.34626527777777,33.46666666666659,17.000000000000007,2.999999999999999,50.4666666666666,51.0,251.0,28.0,101572.47343047605,71.0436626462155,22.129079178752953,0.0,709.0,640.7284499999995,16.69419,11.626755342539813,669.0493953425394,100.40000000000035,51.0,820.4493953425397,2198.8043795180065,0.0,33.0,0.0,60.0,48.0,9415.194307953807,0,3
fixed,reduced_truck_capacity,18,21.0,5677.0,29590.454365956724,522.444,17.08076111111112,27.733333333333274,5.999999999999998,1.5,33.73333333333327,18.0,208.0,50.0,71461.38592580336,60.57681678025438,67.86456403210195,89.0,23.0,235.09980000000002,34.97287500000001,13.526795449639389,283.5994704496394,83.2000000000001,18.0,384.7994704496395,1031.2625808050338,0.0,0.0,9.0,0.0,9.0,21.0,5677.0,29590.454365956724,522.444,17.08076111111112,27.733333333333274,5.999999999999998,1.5,33.73333333333327,18.0,208.0,50.0,71461.38592580336,60.57681678025438,67.86456403210195,89.0,23.0,235.09980000000002,34.97287500000001,13.526795449639389,283.5994704496394,83.2000000000001,18.0,384.7994704496395,1031.2625808050338,0.0,0.0,9.0,0.0,9.0,13006.188970930189,0,3
smart,reduced_truck_capacity,18,3.0,160.0,165.6935483731924,1302.6239999999991,36.59055138888889,38.26666666666657,14.333333333333341,2.8333333333333326,52.599999999999916,43.0,287.0,26.0,108546.617117129,66.86461012632311,43.15110996506818,0.0,243.0,586.1807999999995,37.88559,20.829065481994128,644.8954554819936,114.80000000000055,43.0,802.6954554819941,2151.2238206917445,0.0,26.0,0.0,28.0,79.0,3.0,160.0,165.6935483731924,1302.6239999999991,36.59055138888889,38.26666666666657,14.333333333333341,2.8333333333333326,52.599999999999916,43.0,287.0,26.0,108546.617117129,66.86461012632311,43.15110996506818,0.0,230.0,586.1807999999995,37.88559,20.829065481994128,644.8954554819936,114.80000000000055,43.0,802.6954554819941,2151.2238206917445,0.0,26.0,0.0,28.0,71.0,5345.71859718806,0,3
fixed,combined_demand_operational_stress,18,104.0,8872.0,77567.33950468831,519.1879999999998,22.935384374999998,25.333333333333282,5.999999999999998,1.5,31.33333333333328,18.0,188.0,2.0,95132.67765822374,87.53971098065942,90.34442322718303,109.0,126.0,233.63459999999992,128.9182713750001,23.782463939809183,386.3353353148092,76.0,18.0,480.3353353148092,1287.2986986436888,0.0,0.0,9.0,0.0,9.0,102.0,8865.0,77553.82025326206,519.1879999999998,22.935384374999998,25.333333333333282,5.999999999999998,1.5,31.33333333333328,18.0,188.0,2.0,95132.67765822374,87.53971098065942,90.34442322718303,109.0,126.0,233.63459999999992,128.9182713750001,23.782463939809183,386.3353353148092,76.0,18.0,480.3353353148092,1287.2986986436888,0.0,0.0,9.0,0.0,9.0,18342.113997488043,0,3
smart,combined_demand_operational_stress,18,110.0,2831.0,20390.895062433607,1653.6639999999995,57.50211374999999,45.19999999999988,18.666666666666668,4.333333333333332,63.866666666666546,56.0,339.0,27.0,157949.04943928495,79.4620661441414,48.213995555337284,0.0,577.0,744.1487999999997,277.87259812500025,38.32512784620576,1060.3465259712057,135.60000000000085,56.0,1251.9465259712065,3355.2166896028334,0.0,30.0,0.0,80.0,40.0,108.0,2824.0,20377.375811007365,1580.979999999999,54.420206249999985,42.79999999999989,18.000000000000004,4.166666666666665,60.7999999999999,54.0,321.0,26.0,152033.83709013544,80.10222340538341,48.127203890514544,0.0,443.0,711.4409999999998,259.78635112500035,36.49012999961111,1007.7174811246113,128.40000000000074,54.0,1190.117481124612,3189.5148494139603,0.0,29.0,0.0,78.0,30.0,12702.186658681581,0,3
fixed,normal_patterned,19,25.0,1515.0,7693.119944355255,666.0259999999995,20.754533333333324,36.66666666666658,5.999999999999998,1.5,42.66666666666658,18.0,275.0,41.0,102976.01413420885,66.59280489899906,63.5654408235857,22.0,16.0,299.71169999999984,31.104562500000007,15.15928637125021,345.97554887125006,110.00000000000048,18.0,473.97554887125057,1270.2544709749516,0.0,0.0,2.0,0.0,8.0,21.0,1492.0,7522.826638933689,666.0259999999995,20.754533333333324,36.66666666666658,5.999999999999998,1.5,42.66666666666658,18.0,275.0,41.0,102976.01413420885,66.59280489899906,63.5654408235857,22.0,16.0,299.71169999999984,31.104562500000007,15.15928637125021,345.97554887125006,110.00000000000048,18.0,473.97554887125057,1270.2544709749516,0.0,0.0,2.0,0.0,8.0,9661.999985293896,0,3
smart,normal_patterned,19,3.0,18.0,139.48230259619837,1136.0649999999996,31.769509722222228,37.866666666666575,11.333333333333336,1.8333333333333335,49.19999999999991,34.0,284.0,10.0,110502.87720607637,69.96462357984215,36.11205137453476,0.0,220.0,511.22924999999935,27.313042500000016,14.82476369290814,553.3670561929075,113.60000000000053,34.0,700.9670561929081,1878.5917105969938,0.0,23.0,0.0,19.0,90.0,3.0,18.0,139.48230259619837,1058.166999999999,29.713898611111112,34.39999999999992,10.666666666666668,1.6666666666666667,45.06666666666659,32.0,258.0,10.0,101944.19301781616,70.27470019415469,35.397289242297276,0.0,199.0,476.1751499999994,27.313042500000016,13.628636901567392,517.1168294015667,103.20000000000039,32.0,652.3168294015671,1748.2091027962,0.0,22.0,0.0,16.0,81.0,9688.774555185268,0,3
fixed,high_demand_seasonal,19,67.0,7353.0,55035.121983303885,527.7559999999999,17.144900000000007,27.866666666666607,5.999999999999998,1.5,33.8666666666666,18.0,209.0,1.0,105940.04762394003,86.82596436946997,65.39509112588891,88.0,17.0,237.4902,34.972875,13.117976665043123,285.5810516650431,83.60000000000011,18.0,387.18105166504324,1037.645218462316,0.0,0.0,8.0,0.0,8.0,41.0,7025.0,52574.82457516959,527.7559999999999,17.144900000000007,27.866666666666607,5.999999999999998,1.5,33.8666666666666,18.0,209.0,1.0,105940.04762394003,86.82596436946997,65.39509112588891,88.0,17.0,237.4902,34.972875,13.117976665043123,285.5810516650431,83.60000000000011,18.0,387.18105166504324,1037.645218462316,0.0,0.0,8.0,0.0,8.0,14367.79448233204,0,3
smart,high_demand_seasonal,19,12.0,115.0,400.6857840435981,1756.441,47.69599166666659,57.19999999999984,18.333333333333336,4.166666666666665,75.53333333333318,55.0,429.0,49.0,164110.93188571773,68.21844742787448,33.15372361327631,0.0,132.0,790.398449999999,31.725540000000017,21.329215670316017,843.453205670315,171.60000000000136,55.0,1070.0532056703164,2867.7425911964483,0.0,30.0,0.0,61.0,49.0,10.0,111.0,329.8914230646799,1631.5380000000002,43.701027777777746,52.799999999999855,17.000000000000007,3.8333333333333317,69.79999999999987,51.0,396.0,49.0,149121.34858671742,67.32291989813282,32.488311238936255,0.0,112.0,734.1920999999994,24.108975,19.22175336384963,777.522828363849,158.40000000000117,51.0,986.9228283638502,2644.9531800151185,0.0,28.0,0.0,59.0,41.0,10831.346419814548,0,3
fixed,event_heavy,19,27.0,1409.0,6366.315985084733,666.0259999999997,20.754533333333324,36.66666666666658,5.999999999999998,1.5,42.66666666666658,18.0,275.0,51.0,99494.88847925684,63.99492513780104,61.41659782670175,22.0,16.0,299.71169999999984,31.104562500000007,14.658452171963361,345.47471467196317,110.00000000000048,18.0,473.4747146719636,1268.9122353208627,0.0,0.0,2.0,0.0,8.0,25.0,1399.0,6305.8252794553955,666.0259999999997,20.754533333333324,36.66666666666658,5.999999999999998,1.5,42.66666666666658,18.0,275.0,51.0,99494.88847925684,63.99492513780104,61.41659782670175,22.0,16.0,299.71169999999984,31.104562500000007,14.658452171963361,345.47471467196317,110.00000000000048,18.0,473.4747146719636,1268.9122353208627,0.0,0.0,2.0,0.0,8.0,9191.578659416798,0,3
smart,event_heavy,19,2.0,25.0,66.49054899886467,1235.2069999999994,35.545309722222235,37.33333333333324,13.33333333333334,2.4999999999999996,50.666666666666586,40.0,280.0,13.0,106240.19491692749,67.20434036236433,29.511165254702078,0.0,214.0,555.8431499999996,44.358502500000014,13.80115843839156,614.0028109383911,112.00000000000051,40.0,766.0028109383916,2052.8875333148894,0.0,25.0,0.0,25.0,88.0,2.0,25.0,66.49054899886467,1157.3089999999995,32.97149861111113,33.86666666666659,12.666666666666671,2.333333333333333,46.53333333333326,38.0,254.0,13.0,97305.7554378013,67.04933033773142,28.451975274210906,0.0,193.0,520.7890499999999,39.455482500000016,12.386672007252741,572.6312045072526,101.60000000000036,38.0,712.231204507253,1908.779628079438,0.0,24.0,0.0,23.0,79.0,8746.097657832182,0,3
fixed,persistent_multi_day_surge,19,43.0,3409.0,23779.083932945556,619.9359999999997,19.551749999999995,33.733333333333256,5.999999999999998,1.5,39.733333333333256,18.0,253.0,28.0,107246.87201941664,74.38468631697268,66.20177285149175,44.0,17.0,278.97119999999984,32.498775000000016,14.959835804867186,326.42981080486703,101.20000000000036,18.0,445.62981080486736,1194.2878929570445,0.0,0.0,4.0,0.0,8.0,39.0,3386.0,23608.790627523995,619.9359999999997,19.551749999999995,33.733333333333256,5.999999999999998,1.5,39.733333333333256,18.0,253.0,28.0,107246.87201941664,74.38468631697268,66.20177285149175,44.0,17.0,278.97119999999984,32.498775000000016,14.959835804867186,326.42981080486703,101.20000000000036,18.0,445.62981080486736,1194.2878929570445,0.0,0.0,4.0,0.0,8.0,9661.999985293896,0,3
smart,persistent_multi_day_surge,19,9.0,54.0,288.0762104993107,1341.7160000000001,37.07099305555551,47.33333333333321,13.33333333333334,2.4999999999999996,60.66666666666654,40.0,355.0,28.0,135622.64351795035,67.98469569266167,37.67295653276398,0.0,175.0,603.7721999999993,28.932502500000005,18.221524827130388,650.9262273271297,142.00000000000094,40.0,832.9262273271306,2232.2422892367103,0.0,25.0,0.0,32.0,77.0,9.0,54.0,288.0762104993107,1263.8179999999998,35.01538194444443,43.86666666666655,12.666666666666671,2.333333333333333,56.533333333333225,38.0,329.0,28.0,127063.95932969003,68.07138761188946,37.1532044823655,0.0,154.0,568.7180999999991,28.932502500000005,17.02539803578964,614.6760005357888,131.6000000000008,38.0,784.2760005357896,2101.859681435916,0.0,24.0,0.0,29.0,68.0,4777.23620920641,0,3
fixed,localized_surge,19,37.0,1799.0,10000.115887110138,666.0259999999995,20.75517499999999,36.66666666666658,5.999999999999998,1.5,42.66666666666658,18.0,275.0,40.0,107217.47579244258,68.90792206241025,66.18362703237196,22.0,16.0,299.71169999999984,31.261725000000013,15.682970857384849,346.6563958573847,110.00000000000048,18.0,474.6563958573852,1272.0791408977923,0.0,0.0,2.0,0.0,8.0,33.0,1776.0,9829.822581688573,666.0259999999995,20.75517499999999,36.66666666666658,5.999999999999998,1.5,42.66666666666658,18.0,275.0,40.0,107217.47579244258,68.90792206241025,66.18362703237196,22.0,16.0,299.71169999999984,31.261725000000013,15.682970857384849,346.6563958573847,110.00000000000048,18.0,474.6563958573852,1272.0791408977923,0.0,0.0,2.0,0.0,8.0,9661.999985293896,0,3
smart,localized_surge,19,7.0,34.0,76.70036808575037,1269.9609999999998,34.60765277777779,42.133333333333226,13.000000000000005,2.4999999999999996,55.13333333333323,39.0,316.0,23.0,116623.82214489524,66.00545503779097,33.226160155240805,0.0,177.0,571.4824499999995,23.723775000000018,15.307617022079725,610.5138420220793,126.40000000000072,39.0,775.91384202208,2079.4490966191743,0.0,24.0,0.0,37.0,73.0,7.0,34.0,76.70036808575037,1192.0629999999994,32.55204166666668,38.66666666666657,12.333333333333337,2.333333333333333,50.99999999999991,37.0,290.0,23.0,108065.13795663498,65.92635636330586,32.451993380370865,0.0,156.0,536.4283499999992,23.723775000000018,14.111490230738983,574.2636152307383,116.00000000000057,37.0,727.2636152307389,1949.0664888183803,0.0,23.0,0.0,34.0,64.0,10179.069151865535,0,3
fixed,gradual_upward_trend,19,35.0,2211.0,11193.618829834972,642.9809999999997,20.152179166666656,35.19999999999992,5.999999999999998,1.5,41.19999999999992,18.0,264.0,27.0,104191.94031542556,70.10891160233186,64.31601254038615,33.0,16.0,289.3414499999999,31.565925000000007,14.953472883294133,335.860847883294,105.60000000000042,18.0,459.46084788329443,1231.3550723272292,0.0,0.0,3.0,0.0,8.0,31.0,2187.0,11010.274389420678,642.9809999999997,20.152179166666656,35.19999999999992,5.999999999999998,1.5,41.19999999999992,18.0,264.0,27.0,104191.94031542556,70.10891160233186,64.31601254038615,33.0,16.0,289.3414499999999,31.565925000000007,14.953472883294133,335.860847883294,105.60000000000042,18.0,459.46084788329443,1231.3550723272292,0.0,0.0,3.0,0.0,8.0,10568.692465519074,0,3
smart,gradual_upward_trend,19,3.0,17.0,54.97053895757189,1210.4849999999983,32.26434999999999,41.46666666666656,12.333333333333337,2.4999999999999996,53.7999999999999,37.0,311.0,22.0,118999.58294292734,67.73771727669694,35.735610493371574,0.0,173.0,544.7182499999992,15.099907500000002,15.518656933213794,575.336814433213,124.40000000000069,37.0,736.7368144332137,1974.4546626810127,0.0,22.0,0.0,36.0,74.0,3.0,17.0,54.97053895757189,1132.5869999999986,30.208738888888895,37.99999999999991,11.66666666666667,2.333333333333333,49.66666666666658,35.0,285.0,22.0,110404.68350079618,67.79118524448796,35.04910587326863,0.0,152.0,509.66414999999927,15.099907500000002,14.317396363572332,539.0814538635716,114.00000000000054,35.0,688.0814538635722,1844.0582963543736,0.0,21.0,0.0,33.0,65.0,6899.698128894627,0,3
fixed,abrupt_behavior_change,19,52.0,4499.0,31112.703580576093,596.8909999999996,18.9500375,32.266666666666595,5.999999999999998,1.5,38.266666666666595,18.0,242.0,10.0,107197.43095235749,77.25085783239821,66.17125367429476,55.0,17.0,268.60095,33.11730000000001,14.517307162572287,316.2355571625723,96.8000000000003,18.0,431.0355571625726,1155.1752931956946,0.0,0.0,5.0,0.0,8.0,48.0,4476.0,30942.410275154525,596.8909999999996,18.9500375,32.266666666666595,5.999999999999998,1.5,38.266666666666595,18.0,242.0,10.0,107197.43095235749,77.25085783239821,66.17125367429476,55.0,17.0,268.60095,33.11730000000001,14.517307162572287,316.2355571625723,96.8000000000003,18.0,431.0355571625726,1155.1752931956946,0.0,0.0,5.0,0.0,8.0,13902.229453069367,0,3
smart,abrupt_behavior_change,19,9.0,102.0,573.7868277827882,1499.8099999999993,40.216155555555495,51.06666666666653,15.000000000000009,3.1666666666666656,66.06666666666653,45.0,383.0,33.0,145866.95652989467,67.66931517347356,36.016532476517206,0.0,146.0,674.9144999999996,22.404757500000017,19.396845772922706,716.7161032729223,153.2000000000011,45.0,914.9161032729234,2451.9751567714347,0.0,26.0,0.0,47.0,64.0,9.0,102.0,573.7868277827882,1421.9119999999991,38.16054444444439,47.59999999999987,14.333333333333341,2.999999999999999,61.933333333333216,43.0,357.0,33.0,137308.27234163453,67.72623883713482,35.48017373168851,0.0,125.0,639.8603999999996,22.404757500000017,18.200718981581968,680.4658764815815,142.80000000000095,43.0,866.2658764815825,2321.592548970641,0.0,25.0,0.0,44.0,55.0,5771.620628325442,0,3
fixed,traffic_disruption,19,26.0,1512.0,7656.933661525922,666.0259999999995,27.55806750000003,36.66666666666658,5.999999999999998,1.5,42.66666666666658,18.0,275.0,41.0,103071.73702505264,66.64155834549284,63.624529027810276,22.0,16.0,299.71169999999984,142.74531225000004,20.398994107847113,462.856006357847,110.00000000000048,18.0,590.8560063578475,1583.4940970390314,0.0,0.0,2.0,0.0,8.0,22.0,1489.0,7486.640356104355,666.0259999999995,27.55806750000003,36.66666666666658,5.999999999999998,1.5,42.66666666666658,18.0,275.0,41.0,103071.73702505264,66.64155834549284,63.624529027810276,22.0,16.0,299.71169999999984,142.74531225000004,20.398994107847113,462.856006357847,110.00000000000048,18.0,590.8560063578475,1583.4940970390314,0.0,0.0,2.0,0.0,8.0,9602.463377279377,0,3
smart,traffic_disruption,19,2.0,16.0,137.14346428178567,1226.8479999999995,46.858725000000014,39.86666666666657,12.666666666666671,2.333333333333333,52.53333333333324,38.0,299.0,17.0,114073.88099262078,67.86115305802196,33.35493596275461,0.0,199.0,552.0815999999996,240.5977042500001,20.250541524042497,812.9298457740423,119.60000000000062,38.0,970.5298457740429,2601.019986674435,0.0,24.0,0.0,26.0,82.0,2.0,16.0,137.14346428178567,1148.9499999999991,44.009167500000004,36.39999999999991,12.000000000000004,2.1666666666666665,48.39999999999992,36.0,273.0,17.0,105487.42685351468,67.93362418778061,32.55784779429466,0.0,178.0,517.0274999999997,227.59223625000016,18.57793996394215,763.197676213942,109.20000000000047,36.0,908.3976762139425,2434.505772253366,0.0,23.0,0.0,23.0,73.0,6120.109606955293,0,3
fixed,sensor_failure,19,35.0,2076.0,9982.523642405231,642.9809999999997,20.152179166666656,35.19999999999992,5.999999999999998,1.5,41.19999999999992,18.0,264.0,39.0,100686.61043615881,67.76158219483983,62.15222866429556,33.0,118.0,289.3414499999999,31.565925000000007,14.445317123135414,335.3526921231353,105.60000000000042,18.0,458.9526921231357,1229.9932148900039,0.0,0.0,3.0,0.0,9.0,31.0,2053.0,9812.230336983663,642.9809999999997,20.152179166666656,35.19999999999992,5.999999999999998,1.5,41.19999999999992,18.0,264.0,39.0,100686.61043615881,67.76158219483983,62.15222866429556,33.0,118.0,289.3414499999999,31.565925000000007,14.445317123135414,335.3526921231353,105.60000000000042,18.0,458.9526921231357,1229.9932148900039,0.0,0.0,3.0,0.0,9.0,9661.999985293896,0,3
smart,sensor_failure,19,29.0,672.0,2362.6219417502894,1609.5529999999992,41.25213611111107,35.066666666666585,18.666666666666668,3.666666666666665,53.73333333333325,56.0,263.0,14.0,109038.98379775562,72.94907877905159,21.634719007491192,0.0,760.0,724.2988499999994,20.701822500000013,12.765775034296043,757.7664475342956,105.20000000000041,56.0,918.966447534296,2462.8300793919134,0.0,34.0,0.0,68.0,52.0,27.0,665.0,2303.8170416074595,1540.2939999999992,39.42269166666665,32.93333333333326,18.000000000000004,3.4999999999999987,50.933333333333266,54.0,247.0,14.0,103994.43584412543,73.34597724382354,21.398032066692476,0.0,628.0,693.1322999999995,20.701822500000013,12.12451875274793,725.9586412527475,98.80000000000032,54.0,878.7586412527478,2355.0731585573644,0.0,33.0,0.0,65.0,43.0,8929.52832435194,0,3
fixed,reduced_truck_capacity,19,14.0,6432.0,34837.92906213626,524.408,17.18764166666667,27.733333333333274,5.999999999999998,1.5,33.73333333333327,18.0,208.0,39.0,75587.30538703504,63.63986603352877,71.78281613203707,89.0,16.0,235.98360000000002,34.9207875,14.343765535462419,285.24815303546245,83.2000000000001,18.0,386.44815303546255,1035.6810501350396,0.0,0.0,9.0,0.0,8.0,10.0,6409.0,34667.63575671469,524.408,17.18764166666667,27.733333333333274,5.999999999999998,1.5,33.73333333333327,18.0,208.0,39.0,75587.30538703504,63.63986603352877,71.78281613203707,89.0,16.0,235.98360000000002,34.9207875,14.343765535462419,285.24815303546245,83.2000000000001,18.0,386.44815303546255,1035.6810501350396,0.0,0.0,9.0,0.0,8.0,9905.899614686628,0,3
smart,reduced_truck_capacity,19,3.0,18.0,139.48230259619837,1140.6069999999995,31.98974861111112,37.866666666666575,11.333333333333336,1.8333333333333335,49.19999999999991,34.0,284.0,10.0,111325.06780638885,70.22658706379016,55.97037094338303,0.0,220.0,513.2731499999993,27.45967500000001,23.03341531570664,563.766240315706,113.60000000000053,34.0,711.3662403157066,1906.4615240460937,0.0,23.0,0.0,19.0,90.0,3.0,18.0,139.48230259619837,1062.7089999999994,29.934137500000006,34.39999999999992,10.666666666666668,1.6666666666666667,45.06666666666659,32.0,258.0,10.0,102791.51245002971,70.5707196941538,54.909995966896204,0.0,199.0,478.2190499999994,27.45967500000001,21.197172837018698,526.8758978370181,103.20000000000039,32.0,662.0758978370185,1774.3634062032097,0.0,22.0,0.0,16.0,81.0,8866.583954872813,0,3
fixed,combined_demand_operational_stress,19,104.0,9483.0,85821.79990184071,522.5689999999997,23.268691875000002,25.19999999999995,5.999999999999998,1.5,31.199999999999946,18.0,188.0,0.0,97066.68682549136,90.04408712752789,92.18108910303073,109.0,118.0,235.15605,130.28785312500003,24.941125317369192,390.3850284423692,75.6,18.0,483.9850284423692,1297.0798762255495,0.0,0.0,9.0,0.0,9.0,82.0,9179.0,83823.0034529971,522.5689999999997,23.268691875000002,25.19999999999995,5.999999999999998,1.5,31.199999999999946,18.0,188.0,0.0,97066.68682549136,90.04408712752789,92.18108910303073,109.0,118.0,235.15605,130.28785312500003,24.941125317369192,390.3850284423692,75.6,18.0,483.9850284423692,1297.0798762255495,0.0,0.0,9.0,0.0,9.0,16736.082264953227,0,3
smart,combined_demand_operational_stress,19,129.0,3502.0,30139.041402715884,1717.1339999999998,57.93227250000002,45.06666666666655,19.333333333333332,4.666666666666666,64.39999999999988,58.0,338.0,16.0,157600.3071536534,80.91148423148528,46.44866111218786,0.0,552.0,772.7102999999986,277.3450968750002,37.48677190319936,1087.542168778198,135.20000000000084,58.0,1280.742168778199,3432.3890123255733,0.0,30.0,0.0,83.0,37.0,120.0,3422.0,29740.739871892878,1605.4999999999995,53.79356625000002,42.133333333333226,18.000000000000004,4.333333333333332,60.133333333333226,54.0,316.0,16.0,147734.5909065178,81.05967275393503,46.766252265437736,0.0,420.0,722.474999999999,255.67943062500026,35.121762983350926,1013.2761936083501,126.40000000000072,54.0,1193.6761936083508,3199.0521988703804,0.0,28.0,0.0,80.0,28.0,11885.220435915879,0,3
fixed,normal_patterned,20,5.0,20.0,141.13303112743068,712.1159999999994,21.958599999999993,39.5999999999999,5.999999999999998,1.5,45.5999999999999,18.0,297.0,18.0,114862.06363908642,69.45684764175832,70.90250841918916,0.0,27.0,320.4521999999997,30.024675000000002,17.990365243343845,368.46724024334355,118.80000000000061,18.0,505.2672402433442,1354.1162038521625,0.0,0.0,0.0,0.0,8.0,5.0,20.0,141.13303112743068,712.1159999999994,21.958599999999993,39.5999999999999,5.999999999999998,1.5,45.5999999999999,18.0,297.0,18.0,114862.06363908642,69.45684764175832,70.90250841918916,0.0,27.0,320.4521999999997,30.024675000000002,17.990365243343845,368.46724024334355,118.80000000000061,18.0,505.2672402433442,1354.1162038521625,0.0,0.0,0.0,0.0,8.0,10551.78389637337,0,3
smart,normal_patterned,20,9.0,184.0,232.94749937449063,1224.9170000000001,34.870236111111105,39.5999999999999,13.000000000000005,2.0,52.59999999999991,39.0,297.0,9.0,115980.74263094013,69.85603222888155,33.04294661850146,0.0,221.0,551.2126499999995,39.57432750000002,15.718811052905167,606.5057885529046,118.80000000000061,39.0,764.3057885529053,2048.3395133217864,0.0,27.0,0.0,21.0,87.0,9.0,184.0,232.94749937449063,1156.9520000000005,32.70918472222223,36.26666666666658,12.666666666666671,1.8333333333333335,48.93333333333325,37.0,272.0,9.0,107747.73319102834,69.82341876538423,32.35667663394244,0.0,199.0,520.6283999999997,36.17235000000001,14.883422554512265,571.6841725545121,108.80000000000047,38.0,718.4841725545125,1925.5375824460937,0.0,26.0,0.0,21.0,76.0,9341.290436272604,0,3
fixed,high_demand_seasonal,20,82.0,7897.0,62606.88429126492,504.71099999999984,16.54254583333334,26.399999999999945,5.999999999999998,1.5,32.39999999999994,18.0,198.0,0.0,105441.6331136531,90.73171877832674,65.08742784793401,99.0,27.0,227.11995,35.434237500000016,12.514956709955316,275.0691442099553,79.20000000000005,18.0,372.26914420995536,997.6813064826804,0.0,0.0,9.0,0.0,8.0,71.0,7849.0,62104.10752492901,504.71099999999984,16.54254583333334,26.399999999999945,5.999999999999998,1.5,32.39999999999994,18.0,198.0,0.0,105441.6331136531,90.73171877832674,65.08742784793401,99.0,27.0,227.11995,35.434237500000016,12.514956709955316,275.0691442099553,79.20000000000005,18.0,372.26914420995536,997.6813064826804,0.0,0.0,9.0,0.0,8.0,16273.651632097686,0,3
smart,high_demand_seasonal,20,19.0,135.0,632.4814596550078,1728.8929999999984,48.11693055555543,59.4666666666665,17.33333333333334,3.666666666666665,76.79999999999984,52.0,446.0,33.0,175518.7137114358,70.20601003342053,37.5039986562897,0.0,158.0,778.0018499999989,38.480895000000025,23.983521616143722,840.4662666161427,178.40000000000146,52.0,1070.866266616144,2869.9215945312662,0.0,30.0,0.0,52.0,60.0,16.0,128.0,503.3912962142514,1648.8449999999987,45.687054166666584,55.46666666666651,16.666666666666675,3.4999999999999987,72.13333333333318,50.0,416.0,33.0,163320.9657644215,69.80358778305668,36.29354794764922,0.0,137.0,741.980249999999,35.32146750000001,21.98891640711395,799.290633907113,166.40000000000128,50.0,1015.6906339071143,2722.0508988710662,0.0,29.0,0.0,51.0,50.0,8170.973865924829,0,3
fixed,event_heavy,20,2.0,20.0,123.51798316501424,712.1159999999994,21.958599999999993,39.5999999999999,5.999999999999998,1.5,45.5999999999999,18.0,297.0,30.0,110131.40476572404,66.29223990337717,67.9823486208173,0.0,27.0,320.4521999999997,30.024675000000002,17.270109773283618,367.7469847732833,118.80000000000061,18.0,504.54698477328395,1352.1859191924011,0.0,0.0,0.0,0.0,8.0,2.0,20.0,123.51798316501424,712.1159999999994,21.958599999999993,39.5999999999999,5.999999999999998,1.5,45.5999999999999,18.0,297.0,30.0,110131.40476572404,66.29223990337717,67.9823486208173,0.0,27.0,320.4521999999997,30.024675000000002,17.270109773283618,367.7469847732833,118.80000000000061,18.0,504.54698477328395,1352.1859191924011,0.0,0.0,0.0,0.0,8.0,9979.39384509093,0,3
smart,event_heavy,20,8.0,162.0,215.57727179905282,1139.0039999999992,31.20439166666667,38.13333333333324,12.000000000000004,2.1666666666666665,50.13333333333324,36.0,286.0,11.0,112872.78119235617,70.09600786745847,34.837278145788936,0.0,228.0,512.5517999999998,23.586615000000002,14.299669775259883,550.4380847752598,114.40000000000055,36.0,700.8380847752603,1878.2460671976978,0.0,23.0,0.0,30.0,84.0,8.0,162.0,215.57727179905282,1139.0039999999992,31.20439166666667,38.13333333333324,12.000000000000004,2.1666666666666665,50.13333333333324,36.0,286.0,11.0,112872.78119235617,70.09600786745847,34.837278145788936,0.0,206.0,512.5517999999998,23.586615000000002,14.299669775259883,550.4380847752598,114.40000000000055,36.0,700.8380847752603,1878.2460671976978,0.0,23.0,0.0,30.0,73.0,7145.958129824778,0,3
fixed,persistent_multi_day_surge,20,46.0,3560.0,25574.93239429247,619.9359999999996,19.55110833333333,33.733333333333256,5.999999999999998,1.5,39.733333333333256,18.0,253.0,13.0,110692.5869723233,77.18993843386603,68.32875739032302,44.0,27.0,278.97119999999984,32.34161250000001,15.55606848601375,326.8688809860136,101.20000000000036,18.0,446.06888098601394,1195.4646010425174,0.0,0.0,4.0,0.0,8.0,46.0,3560.0,25574.93239429247,619.9359999999996,19.55110833333333,33.733333333333256,5.999999999999998,1.5,39.733333333333256,18.0,253.0,13.0,110692.5869723233,77.18993843386603,68.32875739032302,44.0,27.0,278.97119999999984,32.34161250000001,15.55606848601375,326.8688809860136,101.20000000000036,18.0,446.06888098601394,1195.4646010425174,0.0,0.0,4.0,0.0,8.0,10551.78389637337,0,3
smart,persistent_multi_day_surge,20,6.0,160.0,349.6684953960572,1463.0440000000008,41.41584583333332,47.86666666666654,15.000000000000009,2.999999999999999,62.866666666666546,45.0,359.0,29.0,136246.82470914093,67.86422257245113,33.641191286207636,0.0,228.0,658.3697999999996,44.26701750000001,18.076119937956356,720.7129374379559,143.60000000000096,45.0,909.3129374379569,2436.9586723337247,0.0,27.0,0.0,30.0,83.0,6.0,160.0,349.6684953960572,1395.0790000000006,39.25479444444443,44.53333333333322,14.666666666666675,2.8333333333333326,59.19999999999989,43.0,334.0,29.0,128013.8152692291,67.68857555603788,33.0785052375269,0.0,206.0,627.7855499999996,40.86504000000002,17.24073143956347,685.8913214395631,133.60000000000082,44.0,863.4913214395639,2314.1567414580313,0.0,26.0,0.0,30.0,72.0,10222.810058452189,0,3
fixed,localized_surge,20,26.0,2475.0,14583.18412751601,642.9809999999994,20.151537499999996,35.19999999999992,5.999999999999998,1.5,41.19999999999992,18.0,264.0,17.0,106996.20145711144,72.05622010204839,66.04703793648855,33.0,27.0,289.3414499999999,31.40876250000001,15.54917322758644,336.29938572758635,105.60000000000042,18.0,459.8993857275868,1232.5303537499326,0.0,0.0,3.0,0.0,8.0,26.0,2475.0,14583.18412751601,642.9809999999994,20.151537499999996,35.19999999999992,5.999999999999998,1.5,41.19999999999992,18.0,264.0,17.0,106996.20145711144,72.05622010204839,66.04703793648855,33.0,27.0,289.3414499999999,31.40876250000001,15.54917322758644,336.29938572758635,105.60000000000042,18.0,459.8993857275868,1232.5303537499326,0.0,0.0,3.0,0.0,8.0,10551.78389637337,0,3
smart,localized_surge,20,10.0,138.0,176.76470302101836,1342.5759999999993,37.19125138888891,43.86666666666655,14.000000000000007,2.666666666666666,57.86666666666656,42.0,329.0,19.0,125518.8469740333,68.321310295337,33.20604417302469,0.0,235.0,604.1591999999994,31.832617500000012,16.4931217338537,652.4849392338531,131.6000000000008,42.0,826.0849392338539,2213.9076371467286,0.0,26.0,0.0,29.0,83.0,10.0,138.0,176.76470302101836,1274.6109999999992,35.030200000000015,40.53333333333323,13.666666666666673,2.4999999999999996,54.1999999999999,40.0,304.0,19.0,117285.83753412156,68.16591914267289,32.57939931503377,0.0,213.0,573.5749499999995,28.430640000000004,15.6577332354608,617.6633232354603,121.60000000000065,41.0,780.263323235461,2091.1057062710356,0.0,25.0,0.0,29.0,72.0,6435.557803946326,0,3
fixed,gradual_upward_trend,20,28.0,1198.0,6301.507996283396,666.0259999999996,20.753891666666657,36.66666666666658,5.999999999999998,1.5,42.66666666666658,18.0,275.0,13.0,111827.93885746147,72.83525086493677,69.0295918873219,22.0,27.0,299.7116999999999,30.947400000000002,16.69562252159018,347.3547225215901,110.00000000000048,18.0,475.3547225215906,1273.950656357863,0.0,0.0,2.0,0.0,8.0,28.0,1198.0,6301.507996283396,666.0259999999996,20.753891666666657,36.66666666666658,5.999999999999998,1.5,42.66666666666658,18.0,275.0,13.0,111827.93885746147,72.83525086493677,69.0295918873219,22.0,27.0,299.7116999999999,30.947400000000002,16.69562252159018,347.3547225215901,110.00000000000048,18.0,475.3547225215906,1273.950656357863,0.0,0.0,2.0,0.0,8.0,13488.413752216069,0,3
smart,gradual_upward_trend,20,7.0,242.0,352.4399823132576,1411.8669999999997,38.67945833333333,43.59999999999989,15.333333333333343,2.999999999999999,58.93333333333323,46.0,327.0,18.0,123322.68025855285,66.87438530218124,29.788087018974117,0.0,191.0,635.3401499999991,31.615807500000003,15.165478599909115,682.1214360999081,130.80000000000078,46.0,858.9214360999089,2301.909448747756,0.0,28.0,0.0,40.0,71.0,7.0,242.0,352.4399823132576,1343.9019999999994,36.51840694444445,40.266666666666566,15.000000000000009,2.8333333333333326,55.26666666666657,44.0,302.0,18.0,115045.41132080925,66.56714237796635,29.051871545658898,0.0,169.0,604.7558999999993,28.21383,14.32567363861579,647.2954036386151,120.80000000000064,45.0,813.0954036386157,2179.0956817514902,0.0,27.0,0.0,40.0,60.0,7942.740365094859,0,3
fixed,abrupt_behavior_change,20,59.0,4409.0,33386.17643014475,596.8909999999997,18.949395833333345,32.266666666666595,5.999999999999998,1.5,38.266666666666595,18.0,242.0,7.0,109751.61423654127,79.17945605564785,67.74791002255634,55.0,27.0,268.60095,32.96013750000001,14.985152489128879,316.54623998912894,96.8000000000003,18.0,431.34623998912923,1156.0079231708664,0.0,0.0,5.0,0.0,8.0,59.0,4409.0,33386.17643014475,596.8909999999997,18.949395833333345,32.266666666666595,5.999999999999998,1.5,38.266666666666595,18.0,242.0,7.0,109751.61423654127,79.17945605564785,67.74791002255634,55.0,27.0,268.60095,32.96013750000001,14.985152489128879,316.54623998912894,96.8000000000003,18.0,431.34623998912923,1156.0079231708664,0.0,0.0,5.0,0.0,8.0,15923.318639096777,0,3
smart,abrupt_behavior_change,20,12.0,227.0,477.68615066979834,1547.980999999998,42.0044027777777,51.59999999999986,16.00000000000001,2.999999999999999,67.59999999999987,48.0,387.0,23.0,151973.2632484851,69.98344749843406,35.17899612233452,0.0,183.0,696.5914499999991,26.753895000000014,20.122488252128118,743.4678332521273,154.80000000000112,48.0,946.2678332521284,2535.997793115704,0.0,30.0,0.0,42.0,67.0,12.0,227.0,477.68615066979834,1480.015999999998,39.843351388888834,48.26666666666654,15.666666666666677,2.8333333333333326,63.933333333333216,46.0,362.0,23.0,143740.25380857327,69.9677417516593,34.719868069703686,0.0,161.0,666.0071999999993,23.351917500000013,19.287099753735223,708.6462172537346,144.80000000000098,47.0,900.4462172537355,2413.1958622400116,0.0,29.0,0.0,42.0,56.0,6610.159906628019,0,3
fixed,traffic_disruption,20,5.0,21.0,149.68482230245166,712.1159999999994,29.104261875000034,39.5999999999999,5.999999999999998,1.5,45.5999999999999,18.0,297.0,18.0,114946.92498512592,69.49261446262834,70.95489196612711,0.0,27.0,320.4521999999997,147.874440375,24.198785093115017,492.52542546811475,118.80000000000061,18.0,629.3254254681153,1686.5921402545491,0.0,0.0,0.0,0.0,8.0,5.0,21.0,149.68482230245166,712.1159999999994,29.104261875000034,39.5999999999999,5.999999999999998,1.5,45.5999999999999,18.0,297.0,18.0,114946.92498512592,69.49261446262834,70.95489196612711,0.0,27.0,320.4521999999997,147.874440375,24.198785093115017,492.52542546811475,118.80000000000061,18.0,629.3254254681153,1686.5921402545491,0.0,0.0,0.0,0.0,8.0,10458.370759158792,0,3
smart,traffic_disruption,20,8.0,182.0,223.21072011250948,1226.134,47.069495625000016,39.5999999999999,13.000000000000005,2.0,52.59999999999991,39.0,297.0,10.0,116002.64337900518,69.86872523211126,33.049186147864724,0.0,221.0,551.7602999999995,246.04050262500033,21.1640277087375,818.9648303337373,118.80000000000061,39.0,976.7648303337379,2617.7297452944176,0.0,27.0,0.0,21.0,87.0,8.0,182.0,223.21072011250948,1161.6670000000006,44.40169687500003,36.79999999999991,12.666666666666671,1.8333333333333335,49.46666666666658,37.0,276.0,10.0,109461.82780035121,69.95359806198688,32.871419759865226,0.0,199.0,522.7501499999996,232.15635337500026,20.218936496079436,775.1254398710793,110.40000000000049,38.0,923.5254398710797,2475.048178854494,0.0,26.0,0.0,21.0,76.0,9329.126467469552,0,3
fixed,sensor_failure,20,5.0,20.0,141.13303112743068,712.1159999999994,21.958599999999993,39.5999999999999,5.999999999999998,1.5,45.5999999999999,18.0,297.0,18.0,114862.06363908642,69.45684764175832,70.90250841918916,0.0,142.0,320.4521999999997,30.024675000000002,17.990365243343845,368.46724024334355,118.80000000000061,18.0,505.2672402433442,1354.1162038521625,0.0,0.0,0.0,0.0,9.0,5.0,20.0,141.13303112743068,712.1159999999994,21.958599999999993,39.5999999999999,5.999999999999998,1.5,45.5999999999999,18.0,297.0,18.0,114862.06363908642,69.45684764175832,70.90250841918916,0.0,142.0,320.4521999999997,30.024675000000002,17.990365243343845,368.46724024334355,118.80000000000061,18.0,505.2672402433442,1354.1162038521625,0.0,0.0,0.0,0.0,9.0,10551.78389637337,0,3
smart,sensor_failure,20,44.0,1114.0,4893.535977024394,1523.9090000000003,39.97719861111107,35.46666666666658,18.333333333333336,2.8333333333333326,53.79999999999992,55.0,266.0,15.0,110825.39476595125,73.75701010296409,22.38896863958611,0.0,845.0,685.7590499999995,25.454475000000013,12.737277999827755,723.9508029998273,106.40000000000043,55.0,885.3508029998277,2372.7401520395383,0.0,38.0,0.0,62.0,58.0,44.0,1114.0,4893.535977024394,1451.4930000000002,37.83932222222219,32.93333333333326,17.66666666666667,2.666666666666666,50.59999999999993,53.0,247.0,15.0,104767.5161226787,74.05660302029149,21.963839858003922,0.0,664.0,653.1718499999996,22.1911425,11.909339611954293,687.2723321119538,98.80000000000032,53.0,839.0723321119541,2248.713850060037,0.0,37.0,0.0,62.0,46.0,9836.049823611644,0,3
fixed,reduced_truck_capacity,20,11.0,6896.0,39401.83811774347,504.72099999999995,16.560698611111118,26.399999999999945,5.999999999999998,1.5,32.39999999999994,18.0,198.0,16.0,73324.51306500241,65.31134650004748,69.63391554131283,99.0,27.0,227.12444999999997,35.378347500000025,13.564824656264658,276.06762215626463,79.20000000000005,18.0,373.2676221562647,1000.3572273787894,0.0,0.0,9.0,0.0,8.0,11.0,6896.0,39401.83811774347,504.72099999999995,16.560698611111118,26.399999999999945,5.999999999999998,1.5,32.39999999999994,18.0,198.0,16.0,73324.51306500241,65.31134650004748,69.63391554131283,99.0,27.0,227.12444999999997,35.378347500000025,13.564824656264658,276.06762215626463,79.20000000000005,18.0,373.2676221562647,1000.3572273787894,0.0,0.0,9.0,0.0,8.0,12828.629383841364,0,3
smart,reduced_truck_capacity,20,9.0,172.0,354.523064731045,1204.2269999999987,33.395687500000015,37.99999999999991,13.33333333333334,2.1666666666666665,51.33333333333324,40.0,285.0,8.0,113584.6245645191,71.22223318995381,48.540437848085084,0.0,240.0,541.9021499999994,29.94891750000001,22.234070019499164,594.0851375194986,114.00000000000054,40.0,748.0851375194992,2004.8681685522579,0.0,27.0,0.0,26.0,85.0,9.0,172.0,354.523064731045,1136.2619999999993,31.23463611111113,34.666666666666586,13.000000000000005,2.0,47.66666666666659,38.0,260.0,8.0,105351.61512460727,71.31947996670584,47.391639732167015,0.0,218.0,511.3178999999996,26.54694000000001,20.948856945048547,558.8136969450482,104.0000000000004,39.0,701.8136969450486,1880.8607078127304,0.0,26.0,0.0,26.0,74.0,11615.832937337058,0,3
fixed,combined_demand_operational_stress,20,128.0,9879.0,93335.54045131111,520.1619999999998,23.064153750000003,24.79999999999995,5.999999999999998,1.5,30.799999999999947,18.0,184.0,0.0,97287.77204084735,92.84785391513627,92.3910465725046,113.0,142.0,234.07289999999992,129.78369675000005,25.117599443061724,388.97419619306174,74.39999999999998,18.0,481.3741961930617,1290.0828457974055,0.0,0.0,9.0,0.0,9.0,120.0,9846.0,93061.2554494065,520.1619999999998,23.064153750000003,24.79999999999995,5.999999999999998,1.5,30.799999999999947,18.0,184.0,0.0,97287.77204084735,92.84785391513627,92.3910465725046,113.0,142.0,234.07289999999992,129.78369675000005,25.117599443061724,388.97419619306174,74.39999999999998,18.0,481.3741961930617,1290.0828457974055,0.0,0.0,9.0,0.0,9.0,18261.427424509173,0,3
smart,combined_demand_operational_stress,20,120.0,3395.0,28647.24197423035,1700.042999999998,57.59221499999997,48.5333333333332,18.666666666666668,4.666666666666666,67.19999999999987,56.0,364.0,24.0,167566.8139650466,79.41099272131278,51.149821112651594,0.0,565.0,765.0193499999996,268.4982262500002,41.151860042426215,1074.669436292426,145.600000000001,56.0,1276.2694362924271,3420.402089263705,0.0,28.0,0.0,82.0,38.0,116.0,3382.0,28582.354209908775,1636.342999999998,55.364737499999976,46.66666666666654,18.000000000000004,4.499999999999999,64.66666666666654,54.0,350.0,24.0,161831.18238356375,79.56744601019817,51.22861107425253,0.0,394.0,736.3543499999995,257.7240225000002,39.72475290926125,1033.803125409261,140.0000000000009,54.0,1227.8031254092618,3290.5123760968218,0.0,27.0,0.0,81.0,27.0,12670.683977390694,0,3
fixed,normal_patterned,21,12.0,752.0,3723.4582841223905,689.0709999999996,21.35688749999999,38.13333333333324,5.999999999999998,1.5,44.13333333333324,18.0,286.0,41.0,102698.70834389217,64.43341743348718,63.394264409809985,11.0,27.0,310.0819499999998,30.643200000000007,15.68287628207803,356.4080262820778,114.40000000000055,18.0,488.80802628207834,1310.00551043597,0.0,0.0,1.0,0.0,6.0,11.0,751.0,3720.277509191346,689.0709999999996,21.35688749999999,38.13333333333324,5.999999999999998,1.5,44.13333333333324,18.0,286.0,41.0,102698.70834389217,64.43341743348718,63.394264409809985,11.0,27.0,310.0819499999998,30.643200000000007,15.68287628207803,356.4080262820778,114.40000000000055,18.0,488.80802628207834,1310.00551043597,0.0,0.0,1.0,0.0,6.0,11688.866707044237,0,3
smart,normal_patterned,21,4.0,112.0,139.63066744737915,1214.1909999999987,35.217379166666674,39.9999999999999,12.666666666666671,2.333333333333333,52.66666666666657,38.0,300.0,25.0,110260.3347214017,66.23623732390911,32.23986395362623,0.0,243.0,546.3859499999998,40.767435000000006,14.893952940610362,602.0473379406101,120.00000000000063,38.0,760.0473379406108,2036.926865680837,0.0,24.0,0.0,19.0,89.0,4.0,112.0,139.63066744737915,1147.696999999999,33.064425000000014,36.66666666666658,12.333333333333337,2.1666666666666665,48.999999999999915,36.0,275.0,25.0,100168.99560062982,65.26942240640567,30.916356666861056,0.0,223.0,516.4636499999996,37.21695750000001,13.754649959856305,567.435257459856,110.00000000000048,37.0,714.4352574598564,1914.6864899924153,0.0,23.0,0.0,19.0,78.0,7711.067946209618,0,3
fixed,high_demand_seasonal,21,66.0,7785.0,57503.97553535946,504.71099999999984,16.542545833333342,26.399999999999945,5.999999999999998,1.5,32.39999999999994,18.0,198.0,0.0,98931.11099582723,86.25132764084351,61.06858703446125,99.0,27.0,227.11995,35.43423750000001,11.80130702629932,274.3554945262993,79.20000000000005,18.0,371.55549452629936,995.7687253304823,0.0,0.0,9.0,0.0,6.0,44.0,7646.0,56604.78640508792,504.71099999999984,16.542545833333342,26.399999999999945,5.999999999999998,1.5,32.39999999999994,18.0,198.0,0.0,98931.11099582723,86.25132764084351,61.06858703446125,99.0,27.0,227.11995,35.43423750000001,11.80130702629932,274.3554945262993,79.20000000000005,18.0,371.55549452629936,995.7687253304823,0.0,0.0,9.0,0.0,6.0,17094.036116648535,0,3
smart,high_demand_seasonal,21,27.0,251.0,1467.7364247310798,1676.9929999999993,45.45419861111101,56.66666666666651,17.33333333333334,3.333333333333332,73.99999999999984,52.0,425.0,33.0,163372.296173343,68.82400259738193,34.908610293449364,0.0,161.0,754.6468499999993,28.237432500000004,21.16132848863408,804.0456109886334,170.00000000000134,52.0,1026.0456109886347,2749.8022374495413,0.0,32.0,0.0,54.0,61.0,16.0,174.0,755.2810740304994,1620.913999999999,44.029504166666584,53.733333333333185,16.666666666666675,3.1666666666666656,70.39999999999986,50.0,403.0,33.0,154199.10251242976,68.68419525077631,34.266467224984396,0.0,146.0,729.4112999999994,28.237432500000004,20.20839865004064,777.85713115004,161.2000000000012,50.0,989.0571311500412,2650.6731114821105,0.0,31.0,0.0,51.0,53.0,8689.090049761287,0,3
fixed,event_heavy,21,11.0,642.0,3005.512362259409,689.0709999999996,21.356245833333322,38.13333333333324,5.999999999999998,1.5,44.13333333333324,18.0,286.0,49.0,99434.56760222976,62.02241873661681,61.37936271742577,11.0,27.0,310.0819499999998,30.486037500000002,15.200819043276386,355.7688065432762,114.40000000000055,18.0,488.16880654327673,1308.2924015359818,0.0,0.0,1.0,0.0,6.0,11.0,642.0,3005.512362259409,689.0709999999996,21.356245833333322,38.13333333333324,5.999999999999998,1.5,44.13333333333324,18.0,286.0,49.0,99434.56760222976,62.02241873661681,61.37936271742577,11.0,27.0,310.0819499999998,30.486037500000002,15.200819043276386,355.7688065432762,114.40000000000055,18.0,488.16880654327673,1308.2924015359818,0.0,0.0,1.0,0.0,6.0,11048.845817743815,0,3
smart,event_heavy,21,3.0,31.0,40.16280724763362,1237.9969999999998,33.88424583333332,38.26666666666657,13.000000000000005,2.333333333333333,51.26666666666658,39.0,287.0,25.0,105488.62469173205,65.62677157329554,30.053739228413693,0.0,207.0,557.0986499999996,27.800820000000005,13.882527508903111,598.7819975089027,114.80000000000055,39.0,752.5819975089032,2016.9197533238607,0.0,25.0,0.0,35.0,76.0,3.0,31.0,40.16280724763362,1171.3209999999997,31.734041666666666,34.93333333333325,12.666666666666671,2.1666666666666665,47.59999999999992,37.0,262.0,25.0,96298.11159760314,65.1598953292635,28.91835183111206,0.0,187.0,527.0944499999995,24.250342500000006,12.878023357580366,564.2228158575798,104.80000000000041,38.0,707.0228158575802,1894.821146498315,0.0,24.0,0.0,35.0,65.0,7960.138283253265,0,3
fixed,persistent_multi_day_surge,21,35.0,3213.0,20663.233791379374,619.9359999999997,19.55110833333333,33.733333333333256,5.999999999999998,1.5,39.733333333333256,18.0,253.0,15.0,104211.5094467575,73.07503545242079,64.32809225108487,44.0,27.0,278.97119999999984,32.34161250000002,14.680302129549556,325.9931146295494,101.20000000000036,18.0,445.19311462954977,1193.1175472071934,0.0,0.0,4.0,0.0,6.0,34.0,3212.0,20660.05301644833,619.9359999999997,19.55110833333333,33.733333333333256,5.999999999999998,1.5,39.733333333333256,18.0,253.0,15.0,104211.5094467575,73.07503545242079,64.32809225108487,44.0,27.0,278.97119999999984,32.34161250000002,14.680302129549556,325.9931146295494,101.20000000000036,18.0,445.19311462954977,1193.1175472071934,0.0,0.0,4.0,0.0,6.0,11688.866707044237,0,3
smart,persistent_multi_day_surge,21,2.0,24.0,41.58689355086766,1335.298,38.55605833333332,44.66666666666655,13.666666666666673,2.333333333333333,58.33333333333322,41.0,335.0,27.0,124666.17575001282,67.1325506390674,33.78487147696824,0.0,236.0,600.8840999999998,45.8706375,17.180376627939975,663.9351141279398,134.00000000000082,41.0,838.9351141279406,2248.346105862881,0.0,27.0,0.0,24.0,84.0,2.0,24.0,41.58689355086766,1268.8039999999999,36.403104166666665,41.33333333333323,13.33333333333334,2.1666666666666665,54.66666666666657,39.0,310.0,27.0,114574.83662924102,66.34717557637545,32.64240359807437,0.0,216.0,570.9617999999998,42.32016,16.04107364718593,629.3230336471858,124.00000000000068,40.0,793.3230336471864,2126.10573017446,0.0,26.0,0.0,24.0,73.0,11855.84730161734,0,3
fixed,localized_surge,21,28.0,1004.0,5165.977297742857,689.0709999999996,21.35688749999999,38.13333333333324,5.999999999999998,1.5,44.13333333333324,18.0,286.0,35.0,107511.19434562813,67.16607207403118,66.36493478125193,11.0,27.0,310.0819499999998,30.643200000000007,16.22935924798705,356.95450924798683,114.40000000000055,18.0,489.3545092479874,1311.4700847846063,0.0,0.0,1.0,0.0,6.0,27.0,1003.0,5162.796522811813,689.0709999999996,21.35688749999999,38.13333333333324,5.999999999999998,1.5,44.13333333333324,18.0,286.0,35.0,107511.19434562813,67.16607207403118,66.36493478125193,11.0,27.0,310.0819499999998,30.643200000000007,16.22935924798705,356.95450924798683,114.40000000000055,18.0,489.3545092479874,1311.4700847846063,0.0,0.0,1.0,0.0,6.0,11688.866707044237,0,3
smart,localized_surge,21,6.0,48.0,118.31962070800422,1337.6709999999994,37.233086111111106,42.93333333333322,13.666666666666673,2.999999999999999,56.599999999999895,42.0,322.0,30.0,120817.52926386146,67.10250692615641,31.962309329063878,0.0,221.0,601.9519499999994,31.787010000000024,15.589213496508096,649.3281734965076,128.80000000000075,41.0,819.1281734965083,2195.2635049706423,0.0,24.0,0.0,27.0,81.0,6.0,48.0,118.31962070800422,1271.177,35.08013194444445,39.5999999999999,13.33333333333334,2.8333333333333326,52.93333333333324,40.0,297.0,30.0,110726.19014308963,66.2802262451555,30.75727503974712,0.0,201.0,572.0296499999996,28.236532500000017,14.44991051575404,614.7160930157537,118.80000000000061,40.0,773.5160930157543,2073.023129282222,0.0,23.0,0.0,27.0,70.0,3430.189465845626,1,3
fixed,gradual_upward_trend,21,14.0,763.0,3821.330586455147,689.0709999999996,21.35688749999999,38.13333333333324,5.999999999999998,1.5,44.13333333333324,18.0,286.0,23.0,107264.6408999418,67.29858516873294,66.21274129626038,11.0,27.0,310.0819499999998,30.643200000000007,16.394856431541818,357.1200064315416,114.40000000000055,18.0,489.52000643154213,1311.913617236533,0.0,0.0,1.0,0.0,6.0,13.0,761.0,3815.3317977825095,689.0709999999996,21.35688749999999,38.13333333333324,5.999999999999998,1.5,44.13333333333324,18.0,286.0,23.0,107264.6408999418,67.29858516873294,66.21274129626038,11.0,27.0,310.0819499999998,30.643200000000007,16.394856431541818,357.1200064315416,114.40000000000055,18.0,489.52000643154213,1311.913617236533,0.0,0.0,1.0,0.0,6.0,12785.26120976285,0,3
smart,gradual_upward_trend,21,4.0,112.0,151.99071623696062,1303.9249999999995,36.62542222222222,42.79999999999989,13.666666666666673,2.666666666666666,56.46666666666656,41.0,321.0,44.0,117923.47541333435,65.7153378749783,31.957581412827736,0.0,223.0,586.7662499999996,35.19306,15.454275753031814,637.4135857530313,128.40000000000074,41.0,806.813585753032,2162.260409818126,0.0,25.0,0.0,29.0,80.0,4.0,112.0,151.99071623696062,1237.4309999999994,34.47246805555557,39.46666666666657,13.33333333333334,2.4999999999999996,52.79999999999991,39.0,296.0,44.0,107784.19291157812,64.74184680655725,30.707747268255876,0.0,203.0,556.8439499999994,31.642582500000017,14.309681974693698,602.7962144746931,118.4000000000006,40.0,761.1962144746938,2040.0058547921794,0.0,24.0,0.0,29.0,69.0,5795.766566588442,0,3
fixed,abrupt_behavior_change,21,49.0,4927.0,34862.415096025135,573.8459999999998,18.34832500000001,30.79999999999993,5.999999999999998,1.5,36.799999999999926,18.0,231.0,22.0,98637.4851369615,75.14373494074447,60.88733650429723,66.0,27.0,258.23070000000007,33.735825000000006,13.049044069086575,305.0155690690866,92.40000000000023,18.0,415.4155690690868,1113.3137251051528,0.0,0.0,6.0,0.0,6.0,48.0,4926.0,34859.23432109408,573.8459999999998,18.34832500000001,30.79999999999993,5.999999999999998,1.5,36.799999999999926,18.0,231.0,22.0,98637.4851369615,75.14373494074447,60.88733650429723,66.0,27.0,258.23070000000007,33.735825000000006,13.049044069086575,305.0155690690866,92.40000000000023,18.0,415.4155690690868,1113.3137251051528,0.0,0.0,6.0,0.0,6.0,16717.184657250767,0,3
smart,abrupt_behavior_change,21,12.0,167.0,266.3878258423857,1446.3889999999997,40.817058333333264,49.19999999999987,14.666666666666675,3.1666666666666656,63.866666666666546,44.0,369.0,28.0,140555.97686292,68.08894674689411,35.49393355124243,0.0,191.0,650.8750499999992,37.56010500000001,18.497642548068157,706.9327975480674,147.60000000000102,44.0,898.5327975480684,2408.0678974288235,0.0,25.0,0.0,36.0,73.0,12.0,167.0,266.3878258423857,1379.8949999999993,38.66410416666661,45.866666666666546,14.333333333333341,2.999999999999999,60.19999999999989,42.0,344.0,28.0,130464.63774214817,67.45070149474631,34.514454429139725,0.0,171.0,620.9527499999991,34.009627500000015,17.35833956731411,672.3207170673132,137.60000000000088,43.0,852.9207170673142,2285.827521740402,0.0,24.0,0.0,36.0,62.0,9394.72020147502,0,3
fixed,traffic_disruption,21,13.0,759.0,3748.197096567729,689.0709999999996,28.318385625000026,38.13333333333324,5.999999999999998,1.5,44.13333333333324,18.0,286.0,39.0,102742.55080739352,64.46242507192736,63.42132765888489,11.0,27.0,310.0819499999998,145.12636575,21.086151295665317,476.2944670456651,114.40000000000055,18.0,608.6944670456656,1631.301171682384,0.0,0.0,1.0,0.0,6.0,12.0,758.0,3745.0163216366855,689.0709999999996,28.318385625000026,38.13333333333324,5.999999999999998,1.5,44.13333333333324,18.0,286.0,39.0,102742.55080739352,64.46242507192736,63.42132765888489,11.0,27.0,310.0819499999998,145.12636575,21.086151295665317,476.2944670456651,114.40000000000055,18.0,608.6944670456656,1631.301171682384,0.0,0.0,1.0,0.0,6.0,11620.285431097573,0,3
smart,traffic_disruption,21,4.0,50.0,56.39823846292914,1327.6160000000002,50.728601250000004,40.93333333333323,14.333333333333341,2.333333333333333,55.26666666666657,43.0,307.0,33.0,112749.36433100431,65.69701921792881,29.134202669510156,0.0,252.0,597.4271999999994,264.30295387500024,20.30144336401215,882.0315972390117,122.80000000000067,43.0,1047.8315972390124,2808.188680600553,0.0,29.0,0.0,18.0,92.0,4.0,50.0,56.39823846292914,1266.0500000000002,48.15263062500001,38.13333333333324,14.000000000000007,2.1666666666666665,52.13333333333325,41.0,286.0,33.0,104247.79804829757,64.79485244692773,28.251435785446496,0.0,232.0,569.7224999999994,250.67414362500026,19.07162720666191,839.4682708316616,114.40000000000055,42.0,995.8682708316621,2668.9269658288545,0.0,28.0,0.0,18.0,81.0,5305.2707655914855,0,3
fixed,sensor_failure,21,12.0,752.0,3723.4582841223905,689.0709999999996,21.35688749999999,38.13333333333324,5.999999999999998,1.5,44.13333333333324,18.0,286.0,41.0,102698.70834389217,64.43341743348718,63.394264409809985,11.0,143.0,310.0819499999998,30.643200000000007,15.68287628207803,356.4080262820778,114.40000000000055,18.0,488.80802628207834,1310.00551043597,0.0,0.0,1.0,0.0,9.0,11.0,751.0,3720.277509191346,689.0709999999996,21.35688749999999,38.13333333333324,5.999999999999998,1.5,44.13333333333324,18.0,286.0,41.0,102698.70834389217,64.43341743348718,63.394264409809985,11.0,143.0,310.0819499999998,30.643200000000007,15.68287628207803,356.4080262820778,114.40000000000055,18.0,488.80802628207834,1310.00551043597,0.0,0.0,1.0,0.0,9.0,11688.866707044237,0,3
smart,sensor_failure,21,24.0,466.0,1250.5088513630437,1577.7079999999996,41.92738611111109,35.19999999999992,18.333333333333336,2.666666666666666,53.53333333333325,55.0,264.0,26.0,105465.51552429918,71.47174731664698,21.306164752383673,0.0,933.0,709.9686,38.35572749999999,12.725998332643332,761.0503258326434,105.60000000000042,55.0,921.6503258326438,2470.0228732314854,0.0,39.0,0.0,57.0,63.0,24.0,466.0,1250.5088513630437,1510.992999999999,39.838955555555565,32.66666666666659,17.66666666666667,2.4999999999999996,50.333333333333265,53.0,245.0,26.0,99024.93894334947,71.03883271360314,20.759945271142445,0.0,756.0,679.9468499999999,34.487010000000005,11.801879147496717,726.2357391474967,98.00000000000031,53.0,877.235739147497,2350.991780915292,0.0,38.0,0.0,57.0,51.0,11395.008959396579,0,3
fixed,reduced_truck_capacity,21,12.0,6948.0,36376.4943203981,506.4149999999999,16.54271944444445,26.399999999999945,5.999999999999998,1.5,32.39999999999994,18.0,198.0,37.0,68301.29903319466,60.90960517845135,64.86353184538905,99.0,27.0,227.88674999999998,35.94476250000002,12.76888771692879,276.6004002169288,79.20000000000005,18.0,373.80040021692884,1001.7850725813694,0.0,0.0,9.0,0.0,6.0,11.0,6947.0,36373.313545467056,506.4149999999999,16.54271944444445,26.399999999999945,5.999999999999998,1.5,32.39999999999994,18.0,198.0,37.0,68301.29903319466,60.90960517845135,64.86353184538905,99.0,27.0,227.88674999999998,35.94476250000002,12.76888771692879,276.6004002169288,79.20000000000005,18.0,373.80040021692884,1001.7850725813694,0.0,0.0,9.0,0.0,6.0,13433.23998146592,0,3
smart,reduced_truck_capacity,21,4.0,125.0,145.59667273268678,1287.4879999999982,35.794319444444426,39.9999999999999,13.666666666666673,2.0,53.66666666666657,41.0,300.0,37.0,108971.06506798454,64.98859607826377,45.43300607378968,0.0,241.0,579.3695999999997,30.08052000000001,21.909810769148265,631.3599307691479,120.00000000000063,41.0,792.3599307691486,2123.5246144613184,0.0,29.0,0.0,22.0,86.0,4.0,125.0,145.59667273268678,1220.9939999999986,33.64136527777778,36.66666666666658,13.33333333333334,1.8333333333333335,49.999999999999915,39.0,275.0,37.0,98825.7618977812,63.89091630426925,43.316134954100896,0.0,221.0,549.4472999999995,26.53004250000001,20.18694479854547,596.164287298545,110.00000000000048,40.0,746.1642872985454,1999.7202899601018,0.0,28.0,0.0,22.0,75.0,8994.37159434145,0,3
fixed,combined_demand_operational_stress,21,110.0,9444.0,82664.34189843822,541.9949999999997,24.260741250000006,24.933333333333284,5.999999999999998,1.5,30.93333333333328,18.0,185.0,0.0,95513.09090594422,90.81372123382322,90.70568936936773,112.0,143.0,243.89774999999997,134.46245362500002,26.1679579534483,404.5281615784483,74.79999999999998,18.0,497.3281615784483,1332.8394730302416,1.0,0.0,9.0,0.0,9.0,92.0,9303.0,81752.46726767083,541.9949999999997,24.260741250000006,24.933333333333284,5.999999999999998,1.5,30.93333333333328,18.0,185.0,0.0,95513.09090594422,90.81372123382322,90.70568936936773,112.0,143.0,243.89774999999997,134.46245362500002,26.1679579534483,404.5281615784483,74.79999999999998,18.0,497.3281615784483,1332.8394730302416,1.0,0.0,9.0,0.0,9.0,18807.524723303566,0,3
smart,combined_demand_operational_stress,21,109.0,2885.0,22113.86340602267,1711.0159999999978,58.54565249999993,47.59999999999987,19.333333333333332,4.333333333333332,66.93333333333321,58.0,357.0,16.0,161949.26451630448,78.92655191710574,47.73040510353801,0.0,582.0,769.9571999999996,280.08206775000025,39.31755821790628,1089.3568259679062,142.80000000000095,58.0,1290.156825967907,3457.620293593991,0.0,32.0,0.0,82.0,38.0,106.0,2870.0,22080.781957132058,1590.938999999999,54.173789999999954,43.73333333333322,18.000000000000004,4.166666666666665,61.73333333333322,54.0,328.0,15.0,149201.48870552544,79.81026268091924,47.23060737750093,0.0,440.0,715.9225499999997,257.89779337500033,36.045884591356426,1009.8662279663564,131.20000000000078,54.0,1195.0662279663572,3202.7774909498376,0.0,29.0,0.0,79.0,29.0,12921.829605358973,0,3
fixed,normal_patterned,22,13.0,626.0,2892.8060510323694,689.0709999999995,21.356245833333325,38.13333333333324,5.999999999999998,1.5,44.13333333333324,18.0,286.0,42.0,103018.94354376818,64.62251416402923,63.59194045911617,11.0,38.0,310.0819499999998,30.486037500000002,15.62259019472948,356.19057769472926,114.40000000000055,18.0,488.5905776947298,1309.422748221876,0.0,0.0,1.0,0.0,9.0,13.0,626.0,2892.8060510323694,689.0709999999995,21.356245833333325,38.13333333333324,5.999999999999998,1.5,44.13333333333324,18.0,286.0,42.0,103018.94354376818,64.62251416402923,63.59194045911617,11.0,38.0,310.0819499999998,30.486037500000002,15.62259019472948,356.19057769472926,114.40000000000055,18.0,488.5905776947298,1309.422748221876,0.0,0.0,1.0,0.0,9.0,9221.983179439205,0,3
smart,normal_patterned,22,4.0,215.0,328.3992250466571,1315.3560000000004,34.033266666666684,39.06666666666657,14.000000000000007,3.1666666666666656,53.06666666666658,42.0,293.0,25.0,108005.66865273623,66.09416865382512,28.572928215009583,0.0,227.0,591.9101999999996,11.869222500000005,13.777562292076759,617.5569847920763,117.20000000000059,42.0,776.7569847920769,2081.708719242766,0.0,23.0,0.0,49.0,67.0,4.0,215.0,328.3992250466571,1315.3560000000004,34.033266666666684,39.06666666666657,14.000000000000007,3.1666666666666656,53.06666666666658,42.0,293.0,25.0,108005.66865273623,66.09416865382512,28.572928215009583,0.0,210.0,591.9101999999996,11.869222500000005,13.777562292076759,617.5569847920763,117.20000000000059,42.0,776.7569847920769,2081.708719242766,0.0,23.0,0.0,49.0,57.0,6799.664896456926,0,3
fixed,high_demand_seasonal,22,70.0,6806.0,50317.30974903239,527.756,17.14361666666667,27.866666666666607,5.999999999999998,1.5,33.8666666666666,18.0,209.0,1.0,103547.60694315923,86.05949757987578,63.918275890839034,88.0,39.0,237.4902,34.65855000000001,12.769689512350904,284.9184395123509,83.60000000000011,18.0,386.51843951235105,1035.869417893101,0.0,0.0,8.0,0.0,9.0,63.0,6777.0,49986.66936670493,527.756,17.14361666666667,27.866666666666607,5.999999999999998,1.5,33.8666666666666,18.0,209.0,1.0,103547.60694315923,86.05949757987578,63.918275890839034,88.0,39.0,237.4902,34.65855000000001,12.769689512350904,284.9184395123509,83.60000000000011,18.0,386.51843951235105,1035.869417893101,0.0,0.0,8.0,0.0,9.0,14938.963265086057,0,3
smart,high_demand_seasonal,22,18.0,179.0,598.0992470275235,1764.4869999999992,47.60368749999988,56.933333333333174,17.66666666666667,3.8333333333333317,74.59999999999985,53.0,427.0,48.0,159897.91846844347,66.77938188937915,33.521576198835106,0.0,198.0,794.0191499999991,24.755827500000013,21.326188192775845,840.1011656927749,170.80000000000135,53.0,1063.9011656927762,2851.2551240566404,0.0,30.0,0.0,57.0,59.0,18.0,179.0,598.0992470275235,1685.5529999999992,45.30356388888879,52.93333333333319,17.000000000000007,3.666666666666665,69.9333333333332,51.0,397.0,48.0,147535.60769838243,66.27316466751304,32.142833921216216,0.0,184.0,758.498849999999,22.46598000000001,19.294849066334002,800.2596790663331,158.80000000000118,51.0,1010.0596790663343,2706.959939897776,0.0,29.0,0.0,56.0,50.0,8307.8622418068,0,3
fixed,event_heavy,22,1.0,4.0,31.910379179916845,712.1159999999994,21.958599999999993,39.5999999999999,5.999999999999998,1.5,45.5999999999999,18.0,297.0,55.0,101572.29996221057,61.16701577523948,62.698950593957136,0.0,38.0,320.4521999999997,30.024675000000002,15.822109413806116,366.29898441380584,118.80000000000061,18.0,503.0989844138064,1348.3052782290013,0.0,0.0,0.0,0.0,9.0,1.0,4.0,31.910379179916845,712.1159999999994,21.958599999999993,39.5999999999999,5.999999999999998,1.5,45.5999999999999,18.0,297.0,55.0,101572.29996221057,61.16701577523948,62.698950593957136,0.0,38.0,320.4521999999997,30.024675000000002,15.822109413806116,366.29898441380584,118.80000000000061,18.0,503.0989844138064,1348.3052782290013,0.0,0.0,0.0,0.0,9.0,8710.936510798958,0,3
smart,event_heavy,22,6.0,94.0,117.86171095770305,1156.7409999999993,31.92440694444446,37.99999999999991,11.66666666666667,2.0,49.66666666666658,35.0,285.0,19.0,106356.68206690496,66.38942293416922,33.7640260529857,0.0,301.0,520.5334499999992,25.353652500000003,14.606656976391296,560.4937594763904,114.00000000000054,35.0,709.493759476391,1901.443275396728,0.0,23.0,0.0,27.0,87.0,6.0,94.0,117.86171095770305,1156.7409999999993,31.92440694444446,37.99999999999991,11.66666666666667,2.0,49.66666666666658,35.0,285.0,19.0,106356.68206690496,66.38942293416922,33.7640260529857,0.0,284.0,520.5334499999992,25.353652500000003,14.606656976391296,560.4937594763904,114.00000000000054,35.0,709.493759476391,1901.443275396728,0.0,23.0,0.0,27.0,77.0,3840.6030743269116,0,3
fixed,persistent_multi_day_surge,22,33.0,3470.0,23047.160742266184,619.9359999999996,19.55175,33.733333333333256,5.999999999999998,1.5,39.733333333333256,18.0,253.0,32.0,102756.46178686053,71.61768028252453,63.42991468324724,44.0,38.0,278.97119999999984,32.49877500000001,14.34228278399593,325.8122577839958,101.20000000000036,18.0,445.0122577839961,1192.6328508611098,0.0,0.0,4.0,0.0,9.0,33.0,3470.0,23047.160742266184,619.9359999999996,19.55175,33.733333333333256,5.999999999999998,1.5,39.733333333333256,18.0,253.0,32.0,102756.46178686053,71.61768028252453,63.42991468324724,44.0,38.0,278.97119999999984,32.49877500000001,14.34228278399593,325.8122577839958,101.20000000000036,18.0,445.0122577839961,1192.6328508611098,0.0,0.0,4.0,0.0,9.0,9221.983179439205,0,3
smart,persistent_multi_day_surge,22,9.0,140.0,536.1087754242064,1480.9109999999987,39.53509444444439,46.266666666666545,15.333333333333343,3.4999999999999987,61.59999999999989,46.0,347.0,54.0,125901.6114407714,65.18784313627333,30.411017256224977,0.0,213.0,666.4099499999993,20.2520925,16.25174422022283,702.9137867202221,138.8000000000009,46.0,887.713786720223,2379.0729484101976,0.0,25.0,0.0,56.0,61.0,9.0,140.0,536.1087754242064,1480.9109999999987,39.53509444444439,46.266666666666545,15.333333333333343,3.4999999999999987,61.59999999999989,46.0,347.0,54.0,125901.6114407714,65.18784313627333,30.411017256224977,0.0,196.0,666.4099499999993,20.2520925,16.25174422022283,702.9137867202221,138.8000000000009,46.0,887.713786720223,2379.0729484101976,0.0,25.0,0.0,56.0,51.0,8587.88549237036,0,3
fixed,localized_surge,22,27.0,1684.0,10344.622357380193,666.0259999999994,20.754533333333328,36.66666666666658,5.999999999999998,1.5,42.66666666666658,18.0,275.0,37.0,102312.93106979581,66.31451823018547,63.156130289997414,22.0,38.0,299.71169999999984,31.104562500000007,15.076935243106949,345.8931977431068,110.00000000000048,18.0,473.8931977431073,1270.0337699515276,0.0,0.0,2.0,0.0,9.0,27.0,1684.0,10344.622357380193,666.0259999999994,20.754533333333328,36.66666666666658,5.999999999999998,1.5,42.66666666666658,18.0,275.0,37.0,102312.93106979581,66.31451823018547,63.156130289997414,22.0,38.0,299.71169999999984,31.104562500000007,15.076935243106949,345.8931977431068,110.00000000000048,18.0,473.8931977431073,1270.0337699515276,0.0,0.0,2.0,0.0,9.0,9221.983179439205,0,3
smart,localized_surge,22,6.0,266.0,747.9708241729759,1373.7159999999997,37.54885555555556,40.3999999999999,14.666666666666675,3.333333333333332,55.06666666666658,44.0,303.0,29.0,112882.46604996243,66.2286095274783,28.50567324494001,0.0,245.0,618.1721999999993,29.798730000000013,14.264748002827247,662.2356780028265,121.20000000000064,44.0,827.4356780028271,2217.5276170475768,0.0,24.0,0.0,46.0,70.0,6.0,266.0,747.9708241729759,1373.7159999999997,37.54885555555556,40.3999999999999,14.666666666666675,3.333333333333332,55.06666666666658,44.0,303.0,29.0,112882.46604996243,66.2286095274783,28.50567324494001,0.0,228.0,618.1721999999993,29.798730000000013,14.264748002827247,662.2356780028265,121.20000000000064,44.0,827.4356780028271,2217.5276170475768,0.0,24.0,0.0,46.0,60.0,8249.099732479868,0,3
fixed,gradual_upward_trend,22,17.0,773.0,3804.574272706299,689.0809999999996,21.374398611111104,38.13333333333324,5.999999999999998,1.5,44.13333333333324,18.0,285.0,32.0,106802.22104746333,67.31578105184569,65.9272969428786,12.0,38.0,310.0864499999998,30.43014750000001,16.412765312495115,356.92936281249496,114.40000000000055,18.0,489.3293628124955,1311.4026923374881,0.0,0.0,1.0,0.0,9.0,17.0,773.0,3804.574272706299,689.0809999999996,21.374398611111104,38.13333333333324,5.999999999999998,1.5,44.13333333333324,18.0,285.0,32.0,106802.22104746333,67.31578105184569,65.9272969428786,12.0,38.0,310.0864499999998,30.43014750000001,16.412765312495115,356.92936281249496,114.40000000000055,18.0,489.3293628124955,1311.4026923374881,0.0,0.0,1.0,0.0,9.0,10083.93571948336,0,3
smart,gradual_upward_trend,22,6.0,228.0,292.6794361030264,1370.3849999999986,38.63879305555551,40.53333333333323,14.333333333333341,1.6666666666666667,54.866666666666575,43.0,304.0,37.0,111986.09356836305,65.77168259019489,28.936975082264357,0.0,345.0,616.6732499999995,40.81011749999999,15.018136196015035,672.5015036960145,121.60000000000065,43.0,837.1015036960152,2243.432029905321,0.0,33.0,0.0,18.0,97.0,6.0,228.0,292.6794361030264,1304.3929999999987,36.45877083333331,37.73333333333324,13.666666666666673,1.5,51.39999999999991,41.0,283.0,37.0,104724.32012811596,65.5717449817055,28.38057456046503,0.0,328.0,586.9768499999996,37.8652725,14.043445770435582,638.8855682704351,113.20000000000053,41.0,793.0855682704356,2125.4693229647673,0.0,32.0,0.0,18.0,87.0,8411.95803518684,0,3
fixed,abrupt_behavior_change,22,50.0,3363.0,24514.107113930164,619.9359999999997,19.55110833333334,33.733333333333256,5.999999999999998,1.5,39.733333333333256,18.0,253.0,15.0,107193.78781772465,74.66422003802126,66.16900482575595,44.0,39.0,278.97119999999995,32.34161250000001,14.9950559115704,326.3078684115703,101.20000000000036,18.0,445.5078684115707,1193.9610873430095,0.0,0.0,4.0,0.0,9.0,50.0,3363.0,24514.107113930164,619.9359999999997,19.55110833333334,33.733333333333256,5.999999999999998,1.5,39.733333333333256,18.0,253.0,15.0,107193.78781772465,74.66422003802126,66.16900482575595,44.0,39.0,278.97119999999995,32.34161250000001,14.9950559115704,326.3078684115703,101.20000000000036,18.0,445.5078684115707,1193.9610873430095,0.0,0.0,4.0,0.0,9.0,14657.728458511854,0,3
smart,abrupt_behavior_change,22,10.0,157.0,268.069979924315,1458.607,40.16603888888888,49.3333333333332,15.000000000000009,2.999999999999999,64.33333333333321,45.0,370.0,35.0,137772.15649182547,66.40054584988596,34.017816417734686,0.0,241.0,656.3731499999994,28.930815000000003,18.708118389253514,704.012083389253,148.00000000000102,45.0,897.012083389254,2403.992383483201,0.0,27.0,0.0,44.0,72.0,10.0,157.0,268.069979924315,1458.607,40.16603888888888,49.3333333333332,15.000000000000009,2.999999999999999,64.33333333333321,45.0,370.0,35.0,137772.15649182547,66.40054584988596,34.017816417734686,0.0,224.0,656.3731499999994,28.930815000000003,18.708118389253514,704.012083389253,148.00000000000102,45.0,897.012083389254,2403.992383483201,0.0,27.0,0.0,44.0,62.0,8325.396918416885,0,3
fixed,traffic_disruption,22,13.0,628.0,2877.7983926205784,689.0709999999995,28.34394375000003,38.13333333333324,5.999999999999998,1.5,44.13333333333324,18.0,286.0,42.0,103102.28817427023,64.66725691021863,63.6433877618952,11.0,38.0,310.0819499999998,145.493386875,21.02593279285801,476.60126966785776,114.40000000000055,18.0,609.0012696678583,1632.1234027098603,0.0,0.0,1.0,0.0,9.0,13.0,628.0,2877.7983926205784,689.0709999999995,28.34394375000003,38.13333333333324,5.999999999999998,1.5,44.13333333333324,18.0,286.0,42.0,103102.28817427023,64.66725691021863,63.6433877618952,11.0,38.0,310.0819499999998,145.493386875,21.02593279285801,476.60126966785776,114.40000000000055,18.0,609.0012696678583,1632.1234027098603,0.0,0.0,1.0,0.0,9.0,9153.646207348967,0,3
smart,traffic_disruption,22,4.0,215.0,327.93604671236346,1295.2560000000005,46.04759812500001,39.06666666666657,13.666666666666673,2.999999999999999,52.73333333333324,41.0,293.0,24.0,108665.40796154767,66.5205390118217,29.448620043779858,0.0,243.0,582.8651999999996,227.2985921250002,19.12244420265293,829.2862363276528,117.20000000000059,41.0,987.4862363276534,2646.463113358111,0.0,23.0,0.0,46.0,70.0,4.0,215.0,327.93604671236346,1295.2560000000005,46.04759812500001,39.06666666666657,13.666666666666673,2.999999999999999,52.73333333333324,41.0,293.0,24.0,108665.40796154767,66.5205390118217,29.448620043779858,0.0,226.0,582.8651999999996,227.2985921250002,19.12244420265293,829.2862363276528,117.20000000000059,41.0,987.4862363276534,2646.463113358111,0.0,23.0,0.0,46.0,60.0,6140.388765979741,0,3
fixed,sensor_failure,22,13.0,626.0,2892.8060510323694,689.0709999999995,21.356245833333325,38.13333333333324,5.999999999999998,1.5,44.13333333333324,18.0,286.0,42.0,103018.94354376818,64.62251416402923,63.59194045911617,11.0,149.0,310.0819499999998,30.486037500000002,15.62259019472948,356.19057769472926,114.40000000000055,18.0,488.5905776947298,1309.422748221876,0.0,0.0,1.0,0.0,9.0,13.0,626.0,2892.8060510323694,689.0709999999995,21.356245833333325,38.13333333333324,5.999999999999998,1.5,44.13333333333324,18.0,286.0,42.0,103018.94354376818,64.62251416402923,63.59194045911617,11.0,149.0,310.0819499999998,30.486037500000002,15.62259019472948,356.19057769472926,114.40000000000055,18.0,488.5905776947298,1309.422748221876,0.0,0.0,1.0,0.0,9.0,9221.983179439205,0,3
smart,sensor_failure,22,39.0,1051.0,3620.8700070940276,1483.0129999999997,37.91421111111106,34.26666666666659,17.33333333333334,3.666666666666665,51.59999999999992,52.0,257.0,27.0,102321.02025422554,71.16603434694464,21.86346586628751,0.0,845.0,667.3558499999996,17.173327500000006,11.707773022746153,696.2369505227457,102.80000000000038,52.0,851.0369505227461,2280.77902740096,0.0,30.0,0.0,65.0,55.0,39.0,1051.0,3620.8700070940276,1483.0129999999997,37.91421111111106,34.26666666666659,17.33333333333334,3.666666666666665,51.59999999999992,52.0,257.0,27.0,102321.02025422554,71.16603434694464,21.86346586628751,0.0,674.0,667.3558499999996,17.173327500000006,11.707773022746153,696.2369505227457,102.80000000000038,52.0,851.0369505227461,2280.77902740096,0.0,30.0,0.0,65.0,43.0,9191.842512920215,0,3
fixed,reduced_truck_capacity,22,12.0,6814.0,35589.29644002178,504.71099999999984,16.541904166666672,26.399999999999945,5.999999999999998,1.5,32.39999999999994,18.0,198.0,39.0,67581.18885727407,60.18755611445058,64.17966653112448,99.0,38.0,227.11995,35.27707500000002,12.358447563946587,274.75547256394657,79.20000000000005,18.0,371.9554725639466,996.840666471377,0.0,0.0,9.0,0.0,9.0,12.0,6814.0,35589.29644002178,504.71099999999984,16.541904166666672,26.399999999999945,5.999999999999998,1.5,32.39999999999994,18.0,198.0,39.0,67581.18885727407,60.18755611445058,64.17966653112448,99.0,38.0,227.11995,35.27707500000002,12.358447563946587,274.75547256394657,79.20000000000005,18.0,371.9554725639466,996.840666471377,0.0,0.0,9.0,0.0,9.0,11963.247476943958,0,3
smart,reduced_truck_capacity,22,5.0,222.0,342.6607191312528,1304.1950000000006,33.80307222222222,38.53333333333324,14.000000000000007,3.1666666666666656,52.533333333333246,42.0,289.0,23.0,107366.99868475253,66.59065094221522,43.69841216310644,0.0,227.0,586.8877499999994,11.869222500000005,20.926831293079996,619.6838037930794,115.60000000000056,42.0,777.28380379308,2083.1205941654543,0.0,23.0,0.0,49.0,67.0,5.0,222.0,342.6607191312528,1304.1950000000006,33.80307222222222,38.53333333333324,14.000000000000007,3.1666666666666656,52.533333333333246,42.0,289.0,23.0,107366.99868475253,66.59065094221522,43.69841216310644,0.0,210.0,586.8877499999994,11.869222500000005,20.926831293079996,619.6838037930794,115.60000000000056,42.0,777.28380379308,2083.1205941654543,0.0,23.0,0.0,49.0,57.0,7424.073370356007,0,3
fixed,combined_demand_operational_stress,22,89.0,9005.0,79517.94530806894,524.0819999999998,23.250939375000012,25.466666666666615,5.999999999999998,1.5,31.46666666666661,18.0,189.0,1.0,96256.74404779293,88.8439910811203,91.41191267596669,108.0,149.0,235.83689999999996,129.6477663750001,24.812871820638485,390.29753819563854,76.4,18.0,484.6975381956386,1298.9894023643114,0.0,0.0,9.0,0.0,9.0,83.0,8978.0,79318.37663968824,524.0819999999998,23.250939375000012,25.466666666666615,5.999999999999998,1.5,31.46666666666661,18.0,189.0,1.0,96256.74404779293,88.8439910811203,91.41191267596669,108.0,149.0,235.83689999999996,129.6477663750001,24.812871820638485,390.29753819563854,76.4,18.0,484.6975381956386,1298.9894023643114,0.0,0.0,9.0,0.0,9.0,16794.53450247856,0,3
smart,combined_demand_operational_stress,22,113.0,3353.0,27581.807802034193,1651.0529999999987,56.23412625,44.66666666666655,18.666666666666668,4.166666666666665,63.333333333333215,56.0,335.0,26.0,152428.12512954537,79.67755660189394,46.52873172452545,0.0,646.0,742.973849999999,269.35121025000024,35.45225662350394,1047.7773168735032,134.00000000000082,56.0,1237.777316873504,3317.243209220991,0.0,31.0,0.0,77.0,43.0,110.0,3341.0,27513.903338064476,1582.3549999999987,53.639199375,42.26666666666656,18.000000000000004,3.9999999999999982,60.266666666666566,54.0,317.0,26.0,146775.05801108718,80.2645630810004,46.46250649290509,0.0,487.0,712.059749999999,256.75643362500034,34.05440183376276,1002.8705854587621,126.80000000000072,54.0,1183.6705854587628,3172.2371690294844,0.0,30.0,0.0,76.0,32.0,12559.29092676092,0,3
fixed,normal_patterned,23,0.0,0.0,0.0,712.1159999999994,21.958599999999993,39.5999999999999,5.999999999999998,1.5,45.5999999999999,18.0,297.0,53.0,100680.43476971776,61.15756095624653,62.14841652451713,0.0,25.0,320.4521999999997,30.024675000000002,15.685425921939744,366.16230092193945,118.80000000000061,18.0,502.96230092194,1347.9389664707994,0.0,0.0,0.0,0.0,9.0,0.0,0.0,0.0,712.1159999999994,21.958599999999993,39.5999999999999,5.999999999999998,1.5,45.5999999999999,18.0,297.0,53.0,100680.43476971776,61.15756095624653,62.14841652451713,0.0,25.0,320.4521999999997,30.024675000000002,15.685425921939744,366.16230092193945,118.80000000000061,18.0,502.96230092194,1347.9389664707994,0.0,0.0,0.0,0.0,9.0,11478.982328022523,0,3
smart,normal_patterned,23,4.0,130.0,188.24153747288034,1178.3899999999994,35.33059583333335,37.06666666666658,12.333333333333337,2.1666666666666665,49.39999999999991,37.0,278.0,30.0,102404.1570276487,66.13654795916557,30.751999107402014,0.0,253.0,530.2754999999995,51.220800000000004,13.831403172163618,595.3277031721632,111.2000000000005,37.0,743.5277031721637,1992.6542445013988,0.0,24.0,0.0,24.0,87.0,4.0,130.0,188.24153747288034,1105.9659999999997,33.07741111111114,34.133333333333255,12.000000000000004,2.0,46.133333333333255,35.0,256.0,29.0,96321.01432785096,66.14561016939584,30.57809978661935,0.0,238.0,497.6846999999995,48.376349999999995,12.89402021750361,558.955070217503,102.40000000000038,36.0,697.3550702175035,1868.9115881829093,0.0,23.0,0.0,24.0,77.0,9567.018532618695,0,3
fixed,high_demand_seasonal,23,45.0,7387.0,54531.260436937955,504.71099999999984,16.541904166666672,26.399999999999945,5.999999999999998,1.5,32.39999999999994,18.0,198.0,0.0,93816.43732677212,82.91859307031895,57.911381065908714,99.0,25.0,227.11995,35.27707500000002,11.144198530437965,273.54122353043795,79.20000000000005,18.0,370.741223530438,993.5864790615739,0.0,0.0,9.0,0.0,9.0,42.0,7373.0,54485.61749448003,504.71099999999984,16.541904166666672,26.399999999999945,5.999999999999998,1.5,32.39999999999994,18.0,198.0,0.0,93816.43732677212,82.91859307031895,57.911381065908714,99.0,25.0,227.11995,35.27707500000002,11.144198530437965,273.54122353043795,79.20000000000005,18.0,370.741223530438,993.5864790615739,0.0,0.0,9.0,0.0,9.0,17106.405996960268,0,3
smart,high_demand_seasonal,23,13.0,187.0,561.1230233007872,1583.0009999999995,43.118406944444374,54.93333333333318,16.00000000000001,2.999999999999999,70.9333333333332,48.0,412.0,48.0,153290.7424829477,67.00587535147771,35.483968167349005,0.0,225.0,712.3504499999989,27.25044750000002,20.62095587280392,760.2218533728029,164.80000000000126,48.0,973.0218533728041,2607.698567039115,0.0,30.0,0.0,33.0,81.0,13.0,187.0,561.1230233007872,1505.505,40.57906388888883,51.866666666666525,15.333333333333343,2.8333333333333326,67.19999999999987,46.0,389.0,48.0,146216.08687898522,66.76471327102551,35.3178953813974,0.0,210.0,677.4772499999989,22.17116250000001,19.5576516939768,719.2060641939757,155.60000000000113,46.0,920.8060641939769,2467.760252039858,0.0,29.0,0.0,31.0,71.0,11602.238254422047,0,3
fixed,event_heavy,23,0.0,0.0,0.0,712.1159999999994,21.958599999999993,39.5999999999999,5.999999999999998,1.5,45.5999999999999,18.0,297.0,81.0,96674.20966098369,58.581725049285055,59.67543806233561,0.0,25.0,320.4521999999997,30.024675000000002,15.073251701996863,365.5501267019966,118.80000000000061,18.0,502.35012670199717,1346.2983395613526,0.0,0.0,0.0,0.0,9.0,0.0,0.0,0.0,712.1159999999994,21.958599999999993,39.5999999999999,5.999999999999998,1.5,45.5999999999999,18.0,297.0,81.0,96674.20966098369,58.581725049285055,59.67543806233561,0.0,25.0,320.4521999999997,30.024675000000002,15.073251701996863,365.5501267019966,118.80000000000061,18.0,502.35012670199717,1346.2983395613526,0.0,0.0,0.0,0.0,9.0,10927.111155813585,0,3
smart,event_heavy,23,8.0,99.0,263.809409618695,1151.1149999999993,31.302386111111133,35.46666666666658,12.000000000000004,1.6666666666666667,47.46666666666658,36.0,266.0,19.0,100624.58797997724,67.22560648046942,31.05697159875841,0.0,252.0,518.0017499999996,22.31295750000001,13.425216170278393,553.739923670278,106.40000000000043,36.0,696.1399236702784,1865.6549954363463,0.0,26.0,0.0,27.0,85.0,8.0,99.0,263.809409618695,1151.1149999999993,31.302386111111133,35.46666666666658,12.000000000000004,1.6666666666666667,47.46666666666658,36.0,266.0,19.0,100624.58797997724,67.22560648046942,31.05697159875841,0.0,237.0,518.0017499999996,22.31295750000001,13.425216170278393,553.739923670278,106.40000000000043,36.0,696.1399236702784,1865.6549954363463,0.0,26.0,0.0,27.0,75.0,6712.923427201379,0,3
fixed,persistent_multi_day_surge,23,28.0,2603.0,17176.721479699343,642.9809999999997,20.153462499999996,35.19999999999992,5.999999999999998,1.5,41.19999999999992,18.0,264.0,41.0,102210.85532267283,69.05854380704001,63.093120569551125,33.0,25.0,289.3414499999998,31.88025000000001,14.669001190297438,335.8907011902972,105.60000000000042,18.0,459.4907011902976,1231.4350791899976,0.0,0.0,3.0,0.0,9.0,28.0,2603.0,17176.721479699343,642.9809999999997,20.153462499999996,35.19999999999992,5.999999999999998,1.5,41.19999999999992,18.0,264.0,41.0,102210.85532267283,69.05854380704001,63.093120569551125,33.0,25.0,289.3414499999998,31.88025000000001,14.669001190297438,335.8907011902972,105.60000000000042,18.0,459.4907011902976,1231.4350791899976,0.0,0.0,3.0,0.0,9.0,11478.982328022523,0,3
smart,persistent_multi_day_surge,23,5.0,75.0,127.40585263651712,1328.5859999999998,36.459494444444424,44.79999999999988,13.666666666666673,2.8333333333333326,58.466666666666555,41.0,336.0,32.0,123408.95885180811,66.06694637363442,33.444162290462906,0.0,195.0,597.8636999999991,24.690397500000014,16.174144674880196,638.7282421748793,134.40000000000083,41.0,814.1282421748801,2181.863689028679,0.0,24.0,0.0,39.0,72.0,5.0,75.0,127.40585263651712,1256.1619999999996,34.20630972222222,41.86666666666656,13.33333333333334,2.666666666666666,55.1999999999999,39.0,314.0,31.0,117325.81615201036,66.06945812821166,33.4261584478662,0.0,180.0,565.2728999999991,21.845947500000015,15.23676172022018,602.3556092202193,125.6000000000007,40.0,767.95560922022,2058.12103271019,0.0,23.0,0.0,39.0,62.0,7330.194425949994,0,3
fixed,localized_surge,23,19.0,665.0,3753.6657549537467,689.0709999999996,21.356245833333322,38.13333333333324,5.999999999999998,1.5,44.13333333333324,18.0,286.0,48.0,102591.14604816471,64.35867999942145,63.327867930965866,11.0,25.0,310.0819499999998,30.486037500000002,15.497559805048125,356.0655473050479,114.40000000000055,18.0,488.46554730504846,1309.0876667775299,0.0,0.0,1.0,0.0,9.0,19.0,665.0,3753.6657549537467,689.0709999999996,21.356245833333322,38.13333333333324,5.999999999999998,1.5,44.13333333333324,18.0,286.0,48.0,102591.14604816471,64.35867999942145,63.327867930965866,11.0,25.0,310.0819499999998,30.486037500000002,15.497559805048125,356.0655473050479,114.40000000000055,18.0,488.46554730504846,1309.0876667775299,0.0,0.0,1.0,0.0,9.0,11478.982328022523,0,3
smart,localized_surge,23,2.0,27.0,31.664168826094127,1272.0109999999984,35.998584722222205,40.666666666666565,13.33333333333334,2.333333333333333,53.9999999999999,40.0,305.0,33.0,108465.62822474909,64.78279615390632,30.129341173541413,0.0,246.0,572.4049499999998,40.41108000000001,14.115236857763197,626.9312668577629,122.00000000000065,40.0,788.9312668577636,2114.3357951788066,0.0,26.0,0.0,23.0,88.0,2.0,27.0,31.664168826094127,1199.5869999999989,33.745400000000004,37.73333333333324,13.000000000000005,2.1666666666666665,50.73333333333325,38.0,283.0,32.0,102382.48552495128,64.68575511540185,29.936399276301543,0.0,231.0,539.8141499999998,37.56663,13.177853903103184,590.558633903103,113.20000000000053,39.0,742.7586339031035,1990.5931388603174,0.0,25.0,0.0,23.0,78.0,9326.501737565917,0,3
fixed,gradual_upward_trend,23,1.0,4.0,22.883307321385587,712.1159999999994,21.958599999999993,39.5999999999999,5.999999999999998,1.5,45.5999999999999,18.0,297.0,37.0,105089.34104799078,63.82987177941075,64.86996360987085,0.0,25.0,320.4521999999997,30.024675000000002,16.374139987444366,366.8510149874441,118.80000000000061,18.0,503.6510149874447,1349.784720166352,0.0,0.0,0.0,0.0,9.0,1.0,4.0,22.883307321385587,712.1159999999994,21.958599999999993,39.5999999999999,5.999999999999998,1.5,45.5999999999999,18.0,297.0,37.0,105089.34104799078,63.82987177941075,64.86996360987085,0.0,25.0,320.4521999999997,30.024675000000002,16.374139987444366,366.8510149874441,118.80000000000061,18.0,503.6510149874447,1349.784720166352,0.0,0.0,0.0,0.0,9.0,12554.723122411575,0,3
smart,gradual_upward_trend,23,5.0,85.0,109.57165450560441,1176.4050000000004,32.22768055555557,38.799999999999905,12.000000000000004,2.333333333333333,50.79999999999991,36.0,291.0,26.0,108254.40430644956,67.01195216222001,33.41185318100295,0.0,217.0,529.3822499999994,23.223195000000004,14.027789313517701,566.6332343135172,116.40000000000057,36.0,719.0332343135177,1927.0090679602276,0.0,22.0,0.0,29.0,80.0,5.0,85.0,109.57165450560441,1103.9810000000002,29.974495833333354,35.86666666666658,11.66666666666667,2.1666666666666665,47.53333333333325,34.0,269.0,26.0,102140.02585113254,67.06462487985584,33.37909341540279,0.0,202.0,496.7914499999994,20.37874500000001,13.085593460555259,530.2557884605546,107.60000000000045,35.0,672.8557884605551,1803.2535130742879,0.0,21.0,0.0,29.0,70.0,9302.971516768695,0,3
fixed,abrupt_behavior_change,23,34.0,3075.0,21744.065047221204,619.9359999999997,19.551108333333342,33.733333333333256,5.999999999999998,1.5,39.733333333333256,18.0,253.0,16.0,103327.76197478504,72.96247341698442,63.78256912023768,44.0,25.0,278.9711999999999,32.34161250000001,14.547638618051618,325.8604511180515,101.20000000000036,18.0,445.0604511180519,1192.762008996379,0.0,0.0,4.0,0.0,9.0,34.0,3075.0,21744.065047221204,619.9359999999997,19.551108333333342,33.733333333333256,5.999999999999998,1.5,39.733333333333256,18.0,253.0,16.0,103327.76197478504,72.96247341698442,63.78256912023768,44.0,25.0,278.9711999999999,32.34161250000001,14.547638618051618,325.8604511180515,101.20000000000036,18.0,445.0604511180519,1192.762008996379,0.0,0.0,4.0,0.0,9.0,16758.79277679292,0,3
smart,abrupt_behavior_change,23,8.0,127.0,299.7277743318011,1431.2569999999996,39.74841111111108,47.99999999999987,14.333333333333341,3.1666666666666656,62.333333333333215,43.0,360.0,49.0,130767.48853692706,65.36206710385964,33.79004871755221,0.0,189.0,644.0656499999996,31.983367500000014,17.799750279080087,693.8487677790796,144.00000000000097,43.0,880.8487677790806,2360.6746976479362,0.0,24.0,0.0,39.0,72.0,8.0,127.0,299.7277743318011,1358.833,37.49522638888888,45.06666666666655,14.000000000000007,2.999999999999999,59.066666666666556,41.0,338.0,48.0,124684.3458371293,65.31852079321528,33.789795619818236,0.0,174.0,611.4748499999994,29.138917500000012,16.86236732442007,657.4761348244195,135.20000000000084,42.0,834.6761348244204,2236.9320413294467,0.0,23.0,0.0,39.0,62.0,10763.403487540338,0,3
fixed,traffic_disruption,23,0.0,0.0,0.0,712.1159999999994,29.104261875000034,39.5999999999999,5.999999999999998,1.5,45.5999999999999,18.0,297.0,53.0,100762.15732235501,61.19607831296891,62.198862544663584,0.0,25.0,320.4521999999997,147.874440375,21.102206286151144,489.4288466611509,118.80000000000061,18.0,626.2288466611515,1678.2933090518861,0.0,0.0,0.0,0.0,9.0,0.0,0.0,0.0,712.1159999999994,29.104261875000034,39.5999999999999,5.999999999999998,1.5,45.5999999999999,18.0,297.0,53.0,100762.15732235501,61.19607831296891,62.198862544663584,0.0,25.0,320.4521999999997,147.874440375,21.102206286151144,489.4288466611509,118.80000000000061,18.0,626.2288466611515,1678.2933090518861,0.0,0.0,0.0,0.0,9.0,11397.259775385284,0,3
smart,traffic_disruption,23,6.0,55.0,132.30940793142457,1092.8199999999997,39.45675187500002,36.933333333333245,11.000000000000002,2.0,47.933333333333245,33.0,277.0,20.0,102245.82412516864,66.93969162739792,34.42620340914769,0.0,235.0,491.7689999999995,192.56927062500023,18.616589982624404,702.9548606076241,110.8000000000005,33.0,846.7548606076247,2269.3030264284344,0.0,21.0,0.0,24.0,85.0,6.0,55.0,132.30940793142457,1031.5239999999994,36.76094625000003,34.133333333333255,10.666666666666668,1.8333333333333335,44.799999999999926,31.0,256.0,19.0,96460.79189836574,66.9744506619977,34.573760537048656,0.0,220.0,464.1857999999996,179.13956850000017,17.811576920702528,661.1369454207023,102.40000000000038,32.0,795.5369454207028,2132.0390137274835,0.0,20.0,0.0,24.0,75.0,9781.28356464028,0,3
fixed,sensor_failure,23,0.0,0.0,0.0,712.1159999999994,21.958599999999993,39.5999999999999,5.999999999999998,1.5,45.5999999999999,18.0,297.0,53.0,100680.43476971776,61.15756095624653,62.14841652451713,0.0,157.0,320.4521999999997,30.024675000000002,15.685425921939744,366.16230092193945,118.80000000000061,18.0,502.96230092194,1347.9389664707994,0.0,0.0,0.0,0.0,9.0,0.0,0.0,0.0,712.1159999999994,21.958599999999993,39.5999999999999,5.999999999999998,1.5,45.5999999999999,18.0,297.0,53.0,100680.43476971776,61.15756095624653,62.14841652451713,0.0,157.0,320.4521999999997,30.024675000000002,15.685425921939744,366.16230092193945,118.80000000000061,18.0,502.96230092194,1347.9389664707994,0.0,0.0,0.0,0.0,9.0,11478.982328022523,0,3
smart,sensor_failure,23,32.0,1060.0,4540.398516792318,1556.5749999999996,39.68512777777771,33.46666666666659,18.333333333333336,3.9999999999999982,51.799999999999926,55.0,251.0,45.0,96581.21587287994,69.06490409693916,19.511356741995947,0.0,794.0,700.4587499999999,17.188537500000002,10.7795693606585,728.4268568606584,100.40000000000035,55.0,883.8268568606587,2368.6559763865657,0.0,31.0,0.0,71.0,49.0,32.0,1060.0,4540.398516792318,1495.0219999999993,37.68552916666661,31.73333333333326,17.66666666666667,3.8333333333333317,49.399999999999935,53.0,238.0,45.0,93071.23864088685,69.3373099850916,19.51179007146475,0.0,611.0,672.7598999999998,13.331340000000004,10.29739083424788,696.3886308342476,95.20000000000027,53.0,844.5886308342479,2263.497530635784,0.0,30.0,0.0,71.0,37.0,11037.802708068079,0,3
fixed,reduced_truck_capacity,23,11.0,6733.0,34822.140352985625,504.71099999999984,16.54254583333334,26.399999999999945,5.999999999999998,1.5,32.39999999999994,18.0,198.0,51.0,63889.12081774269,57.31551882265797,60.67342907667872,99.0,25.0,227.11995,35.434237500000016,11.70783376071267,274.2620212607127,79.20000000000005,18.0,371.46202126071273,995.5182169787101,0.0,0.0,9.0,0.0,9.0,11.0,6733.0,34822.140352985625,504.71099999999984,16.54254583333334,26.399999999999945,5.999999999999998,1.5,32.39999999999994,18.0,198.0,51.0,63889.12081774269,57.31551882265797,60.67342907667872,99.0,25.0,227.11995,35.434237500000016,11.70783376071267,274.2620212607127,79.20000000000005,18.0,371.46202126071273,995.5182169787101,0.0,0.0,9.0,0.0,9.0,13448.155927011994,0,3
smart,reduced_truck_capacity,23,4.0,130.0,188.24153747288034,1175.8299999999992,35.3167638888889,37.06666666666658,12.333333333333337,2.1666666666666665,49.39999999999991,37.0,278.0,30.0,102583.93845286223,66.19611913107892,47.39382695904931,0.0,253.0,529.1234999999996,51.7863825,21.079216607284216,601.9890991072839,111.2000000000005,37.0,750.1890991072844,2010.5067856075223,0.0,24.0,0.0,24.0,87.0,4.0,130.0,188.24153747288034,1103.4059999999995,33.063579166666685,34.133333333333255,12.000000000000004,2.0,46.133333333333255,35.0,256.0,29.0,96500.7957530645,66.21030073889546,47.13103577683248,0.0,238.0,496.5326999999995,48.94193249999999,19.637088984730347,565.1117214847299,102.40000000000038,36.0,703.5117214847303,1885.4114135790774,0.0,23.0,0.0,24.0,77.0,9387.237107405175,0,3
fixed,combined_demand_operational_stress,23,101.0,8834.0,76826.26141038854,526.4519999999995,23.106772500000012,25.599999999999948,5.999999999999998,1.5,31.599999999999945,18.0,189.0,1.0,92707.50833549748,87.31219684552805,88.04131845726256,108.0,157.0,236.90339999999995,130.79812500000008,24.005221706062542,391.70674670606263,76.80000000000001,18.0,486.50674670606264,1303.838081172248,0.0,0.0,9.0,0.0,9.0,99.0,8818.0,76767.6455661387,526.4519999999995,23.106772500000012,25.599999999999948,5.999999999999998,1.5,31.599999999999945,18.0,189.0,1.0,92707.50833549748,87.31219684552805,88.04131845726256,108.0,157.0,236.90339999999995,130.79812500000008,24.005221706062542,391.70674670606263,76.80000000000001,18.0,486.50674670606264,1303.838081172248,0.0,0.0,9.0,0.0,9.0,18755.893306298352,0,3
smart,combined_demand_operational_stress,23,115.0,3306.0,26454.00840336636,1664.548999999999,55.89662999999999,43.59999999999989,18.666666666666668,4.499999999999999,62.26666666666655,56.0,327.0,25.0,146651.87440371572,79.50964155567723,44.76552942726365,0.0,614.0,749.0470499999994,263.5146922500002,34.927437204758,1047.4891794547577,130.80000000000078,56.0,1234.2891794547586,3307.895000938753,0.0,29.0,0.0,83.0,37.0,115.0,3306.0,26454.00840336636,1593.9779999999992,53.59645499999998,41.46666666666656,18.000000000000004,4.333333333333332,59.46666666666657,54.0,311.0,23.0,142788.45141964665,80.26662392433057,45.20052276658647,0.0,475.0,717.290099999999,252.39975975000027,33.820871729958434,1003.5107314799577,124.40000000000069,54.0,1181.9107314799585,3167.520760366289,0.0,28.0,0.0,80.0,28.0,15183.780245102345,0,3
fixed,normal_patterned,24,31.0,2385.0,13212.681601921613,642.9909999999996,20.17097361111111,35.19999999999992,5.999999999999998,1.5,41.19999999999992,18.0,263.0,54.0,99059.10233803089,66.78730987299333,61.14759403582154,34.0,30.0,289.3459499999999,31.667197500000015,14.443996293332086,335.457143793332,105.60000000000042,18.0,459.05714379333244,1230.273145366131,0.0,0.0,3.0,0.0,8.0,31.0,2385.0,13212.681601921613,642.9909999999996,20.17097361111111,35.19999999999992,5.999999999999998,1.5,41.19999999999992,18.0,263.0,54.0,99059.10233803089,66.78730987299333,61.14759403582154,34.0,30.0,289.3459499999999,31.667197500000015,14.443996293332086,335.457143793332,105.60000000000042,18.0,459.05714379333244,1230.273145366131,0.0,0.0,3.0,0.0,8.0,11154.780716595693,0,3
smart,normal_patterned,24,5.0,102.0,181.21054968150852,1241.3359999999998,33.57529861111111,40.3999999999999,13.33333333333334,2.666666666666666,53.733333333333235,40.0,303.0,29.0,116705.17021989064,68.69724542488702,32.41810283885851,0.0,220.0,558.6011999999995,20.966737500000015,14.905928170684227,594.4738656706837,121.20000000000064,40.0,755.6738656706843,2025.205959997434,0.0,24.0,0.0,37.0,74.0,5.0,102.0,181.21054968150852,1176.0680000000002,31.518941666666677,37.06666666666658,13.000000000000005,2.4999999999999996,50.066666666666585,38.0,278.0,29.0,106994.21458454426,68.12577412818881,31.284858065656216,0.0,195.0,529.2305999999996,18.37503000000001,13.774907030230835,561.3805370302305,111.2000000000005,39.0,711.580537030231,1907.0358392410192,0.0,23.0,0.0,37.0,63.0,6540.183886975885,0,3
fixed,high_demand_seasonal,24,103.0,7715.0,56665.2877685913,527.7559999999999,17.142975000000007,27.866666666666607,5.999999999999998,1.5,33.8666666666666,18.0,209.0,1.0,107181.08518294775,87.0442848904104,66.16116369317761,88.0,29.0,237.49020000000004,34.5013875,13.156202163402595,285.14778966340265,83.60000000000011,18.0,386.7477896634027,1036.4840762979193,0.0,0.0,8.0,0.0,8.0,86.0,7615.0,55758.96549587237,527.7559999999999,17.142975000000007,27.866666666666607,5.999999999999998,1.5,33.8666666666666,18.0,209.0,1.0,107181.08518294775,87.0442848904104,66.16116369317761,88.0,29.0,237.49020000000004,34.5013875,13.156202163402595,285.14778966340265,83.60000000000011,18.0,386.7477896634027,1036.4840762979193,0.0,0.0,8.0,0.0,8.0,16760.091024119687,0,3
smart,high_demand_seasonal,24,21.0,248.0,1174.432586126564,1657.333,44.68314722222216,60.13333333333316,16.333333333333343,3.333333333333332,76.4666666666665,49.0,451.0,37.0,173901.1774586378,68.40120726157626,39.43337357338726,0.0,195.0,745.7998499999994,22.651942500000004,23.44706000257007,791.8988525025695,180.40000000000148,49.0,1021.298852502571,2737.0809247068905,0.0,29.0,0.0,50.0,65.0,19.0,240.0,971.0298732307886,1578.1129999999998,42.537413888888835,56.13333333333318,15.666666666666677,3.1666666666666656,71.79999999999986,47.0,421.0,37.0,162937.86309807206,68.62939281884768,38.51958938488701,0.0,178.0,710.1508499999993,22.0835925,21.737578916837812,753.9720214168372,168.4000000000013,47.0,969.3720214168385,2597.9170173971274,0.0,28.0,0.0,47.0,57.0,5530.853930894239,0,3
fixed,event_heavy,24,28.0,2207.0,11621.0625565271,642.9809999999997,20.151537499999996,35.19999999999992,5.999999999999998,1.5,41.19999999999992,18.0,264.0,57.0,95749.63609758907,64.1414916903106,59.104713640487084,33.0,31.0,289.3414499999999,31.40876250000001,13.822059127145405,334.5722716271453,105.60000000000042,18.0,458.17227162714573,1227.9016879607507,0.0,0.0,3.0,0.0,8.0,28.0,2207.0,11621.0625565271,642.9809999999997,20.151537499999996,35.19999999999992,5.999999999999998,1.5,41.19999999999992,18.0,264.0,57.0,95749.63609758907,64.1414916903106,59.104713640487084,33.0,31.0,289.3414499999999,31.40876250000001,13.822059127145405,334.5722716271453,105.60000000000042,18.0,458.17227162714573,1227.9016879607507,0.0,0.0,3.0,0.0,8.0,10456.695978405447,0,3
smart,event_heavy,24,5.0,52.0,61.240618252017015,1267.976999999999,35.17700277777778,38.66666666666657,13.33333333333334,1.8333333333333335,51.999999999999915,40.0,290.0,26.0,109583.69814991126,67.16141640900813,30.439916152753128,0.0,248.0,570.5896499999997,31.335727500000004,14.50069412889161,616.4260716288912,116.00000000000057,40.0,772.4260716288918,2070.1018719654303,0.0,29.0,0.0,21.0,89.0,5.0,52.0,61.240618252017015,1201.071999999999,33.03759027777778,35.33333333333325,13.000000000000005,1.6666666666666667,48.33333333333326,38.0,265.0,26.0,100322.2274920196,66.91267877028004,29.33398464678936,0.0,223.0,540.4823999999996,28.250370000000004,13.513439986607757,582.2462099866074,106.00000000000043,39.0,727.2462099866078,1949.0198427641092,0.0,28.0,0.0,21.0,78.0,8182.455864358259,0,3
fixed,persistent_multi_day_surge,24,37.0,5215.0,36966.34859499821,573.8559999999999,18.363911111111108,30.79999999999993,5.999999999999998,1.5,36.799999999999926,18.0,230.0,25.0,95880.19679270944,72.47314621876127,59.18530666216632,67.0,30.0,258.2352,33.051285,12.783189123134294,304.06967412313435,92.40000000000023,18.0,414.4696741231346,1110.7787266500009,0.0,0.0,6.0,0.0,8.0,37.0,5215.0,36966.34859499821,573.8559999999999,18.363911111111108,30.79999999999993,5.999999999999998,1.5,36.799999999999926,18.0,230.0,25.0,95880.19679270944,72.47314621876127,59.18530666216632,67.0,30.0,258.2352,33.051285,12.783189123134294,304.06967412313435,92.40000000000023,18.0,414.4696741231346,1110.7787266500009,0.0,0.0,6.0,0.0,8.0,11154.780716595693,0,3
smart,persistent_multi_day_surge,24,9.0,117.0,748.103730859046,1343.121999999999,36.32270277777777,47.06666666666654,13.666666666666673,2.4999999999999996,60.73333333333321,41.0,353.0,26.0,135638.07925016273,68.52244320010632,36.758287059664696,0.0,229.0,604.4048999999994,19.768477500000003,18.16031987807906,642.3336973780785,141.20000000000093,41.0,824.5336973780794,2209.750308973253,0.0,26.0,0.0,33.0,79.0,9.0,117.0,748.103730859046,1277.8539999999994,34.26634583333333,43.73333333333322,13.33333333333334,2.333333333333333,57.06666666666656,39.0,328.0,26.0,125927.12361481627,68.02476309004042,35.87667339453455,0.0,204.0,575.0342999999996,17.176769999999998,17.029298737625663,609.2403687376253,131.20000000000078,40.0,780.4403687376262,2091.5801882168385,0.0,25.0,0.0,33.0,68.0,7615.143123281431,0,3
fixed,localized_surge,24,39.0,3425.0,19931.536506156826,619.9459999999996,19.568619444444444,33.733333333333256,5.999999999999998,1.5,39.733333333333256,18.0,252.0,48.0,98734.66568486452,69.02466544870242,60.94732449682995,45.0,30.0,278.97569999999985,32.128560000000014,13.903789813181293,325.0080498131811,101.20000000000036,18.0,444.20804981318145,1190.4775734993264,0.0,0.0,4.0,0.0,8.0,39.0,3425.0,19931.536506156826,619.9459999999996,19.568619444444444,33.733333333333256,5.999999999999998,1.5,39.733333333333256,18.0,252.0,48.0,98734.66568486452,69.02466544870242,60.94732449682995,45.0,30.0,278.97569999999985,32.128560000000014,13.903789813181293,325.0080498131811,101.20000000000036,18.0,444.20804981318145,1190.4775734993264,0.0,0.0,4.0,0.0,8.0,11154.780716595693,0,3
smart,localized_surge,24,6.0,133.0,246.007024522054,1226.143999999999,33.38595138888889,42.533333333333225,12.333333333333337,2.1666666666666665,54.86666666666656,37.0,319.0,38.0,119820.98932122777,66.95137102747485,35.98227907544377,0.0,248.0,551.7647999999995,21.05070750000001,16.12327535247932,588.9387828524789,127.60000000000073,37.0,753.5387828524796,2019.4839380446454,0.0,24.0,0.0,30.0,84.0,6.0,133.0,246.007024522054,1160.8759999999993,31.32959444444445,39.1999999999999,12.000000000000004,2.0,51.1999999999999,35.0,294.0,38.0,110110.03368588138,66.26254150224555,34.955566249486154,0.0,223.0,522.3941999999996,18.45900000000001,14.99225421202593,555.8454542120256,117.60000000000059,36.0,709.4454542120262,1901.3138172882304,0.0,23.0,0.0,30.0,73.0,9753.986561867114,0,3
fixed,gradual_upward_trend,24,32.0,3234.0,17969.40697536372,619.9359999999996,19.551108333333335,33.733333333333256,5.999999999999998,1.5,39.733333333333256,18.0,253.0,36.0,99087.39667315297,69.2053599557388,61.16505967478578,44.0,30.0,278.97119999999995,32.34161250000002,13.84184416112072,325.15465666112067,101.20000000000036,18.0,444.354656661121,1190.8704798518042,0.0,0.0,4.0,0.0,8.0,32.0,3234.0,17969.40697536372,619.9359999999996,19.551108333333335,33.733333333333256,5.999999999999998,1.5,39.733333333333256,18.0,253.0,36.0,99087.39667315297,69.2053599557388,61.16505967478578,44.0,30.0,278.97119999999995,32.34161250000002,13.84184416112072,325.15465666112067,101.20000000000036,18.0,444.354656661121,1190.8704798518042,0.0,0.0,4.0,0.0,8.0,12193.200238374073,0,3
smart,gradual_upward_trend,24,8.0,57.0,141.30449257183142,1326.2969999999991,37.24578611111107,43.066666666666556,14.000000000000007,2.8333333333333326,57.06666666666656,42.0,323.0,43.0,120717.47661342217,67.19211506775844,31.93584037392121,0.0,240.0,596.8336499999994,36.2992275,15.962334801786907,649.0952123017863,129.20000000000076,42.0,820.295212301787,2198.3911689687893,0.0,25.0,0.0,29.0,85.0,8.0,57.0,141.30449257183142,1261.028999999999,35.18942916666662,39.733333333333235,13.666666666666673,2.666666666666666,53.399999999999906,40.0,298.0,43.0,110955.46688332249,66.4990767190999,30.820963023145136,0.0,215.0,567.4630499999994,33.707519999999995,14.825460299974987,615.9960302999744,119.20000000000061,41.0,776.1960302999751,2080.205361203933,0.0,24.0,0.0,29.0,74.0,8391.222780896842,0,3
fixed,abrupt_behavior_change,24,61.0,6227.0,42558.577432291866,552.3039999999997,17.873952777777784,29.333333333333268,5.999999999999998,1.5,35.333333333333265,18.0,219.0,29.0,97939.16608032228,77.23148262037812,60.456275358223635,78.0,31.0,248.5368,33.87456000000002,12.603641410435532,295.01500141043556,88.00000000000017,18.0,401.01500141043573,1074.7202037799677,0.0,0.0,7.0,0.0,8.0,61.0,6227.0,42558.577432291866,552.3039999999997,17.873952777777784,29.333333333333268,5.999999999999998,1.5,35.333333333333265,18.0,219.0,29.0,97939.16608032228,77.23148262037812,60.456275358223635,78.0,31.0,248.5368,33.87456000000002,12.603641410435532,295.01500141043556,88.00000000000017,18.0,401.01500141043573,1074.7202037799677,0.0,0.0,7.0,0.0,8.0,16364.071108248383,0,3
smart,abrupt_behavior_change,24,23.0,350.0,942.1705424806865,1462.8139999999987,41.05328472222218,49.19999999999987,15.000000000000009,2.999999999999999,64.19999999999987,45.0,369.0,30.0,147989.87882370906,70.52965453649567,36.540710820668906,0.0,195.0,658.266299999999,42.50664000000001,19.905878812998502,720.6788188129975,147.60000000000102,45.0,913.2788188129986,2447.5872344188365,0.0,27.0,0.0,42.0,70.0,23.0,350.0,942.1705424806865,1397.3489999999988,39.033070833333284,45.73333333333321,14.666666666666675,2.8333333333333326,60.39999999999989,43.0,343.0,30.0,137885.15220079565,70.21204032406406,35.62923829477924,0.0,170.0,628.8070499999992,39.80943000000001,18.830651646898637,687.4471316468979,137.20000000000087,44.0,868.6471316468987,2327.974312813689,0.0,26.0,0.0,42.0,59.0,7929.765254672727,0,3
fixed,traffic_disruption,24,31.0,2391.0,13214.303822354495,642.9909999999996,26.76319312500003,35.19999999999992,5.999999999999998,1.5,41.19999999999992,18.0,263.0,54.0,99169.33307806886,66.84076974684214,61.215637702511636,34.0,30.0,289.3459499999999,139.4913375,19.398272897798677,448.23556039779857,105.60000000000042,18.0,571.835560397799,1532.5193018661014,0.0,0.0,3.0,0.0,8.0,31.0,2391.0,13214.303822354495,642.9909999999996,26.76319312500003,35.19999999999992,5.999999999999998,1.5,41.19999999999992,18.0,263.0,54.0,99169.33307806886,66.84076974684214,61.215637702511636,34.0,30.0,289.3459499999999,139.4913375,19.398272897798677,448.23556039779857,105.60000000000042,18.0,571.835560397799,1532.5193018661014,0.0,0.0,3.0,0.0,8.0,11042.927756124795,0,3
smart,traffic_disruption,24,5.0,47.0,138.4212689069772,1184.7889999999995,44.01475687500001,39.733333333333235,12.666666666666671,2.4999999999999996,52.399999999999906,38.0,298.0,14.0,116299.2114767348,69.91487897613578,34.00561739085813,0.0,233.0,533.1550499999996,219.33369450000026,20.46896200723396,772.9577065072339,119.20000000000061,38.0,930.1577065072345,2492.8226534393884,0.0,23.0,0.0,29.0,82.0,5.0,47.0,138.4212689069772,1124.4489999999996,41.53185375000002,36.79999999999991,12.333333333333337,2.333333333333333,49.13333333333325,36.0,276.0,14.0,107933.75460658279,69.57905555672636,33.31288722425395,0.0,208.0,506.0020499999995,206.9284815000002,19.113904268787618,732.0444357687873,110.40000000000049,37.0,879.4444357687878,2356.9110878603515,0.0,22.0,0.0,29.0,71.0,6988.931910906232,0,3
fixed,sensor_failure,24,29.0,3162.0,16953.549546281076,619.9359999999996,19.551108333333335,33.733333333333256,5.999999999999998,1.5,39.733333333333256,18.0,253.0,51.0,95318.23439367145,66.66740432596364,58.83841629238979,44.0,165.0,278.97119999999995,32.34161250000002,13.29492818146858,324.60774068146856,101.20000000000036,18.0,443.8077406814689,1189.4047450263367,0.0,0.0,4.0,0.0,9.0,29.0,3162.0,16953.549546281076,619.9359999999996,19.551108333333335,33.733333333333256,5.999999999999998,1.5,39.733333333333256,18.0,253.0,51.0,95318.23439367145,66.66740432596364,58.83841629238979,44.0,165.0,278.97119999999995,32.34161250000002,13.29492818146858,324.60774068146856,101.20000000000036,18.0,443.8077406814689,1189.4047450263367,0.0,0.0,4.0,0.0,9.0,11154.780716595693,0,3
smart,sensor_failure,24,45.0,1109.0,3641.0031123601757,1531.6709999999991,39.20920555555554,34.666666666666586,18.000000000000004,3.4999999999999987,52.666666666666586,54.0,260.0,19.0,110010.08496529658,73.41958907961136,22.635819951707116,0.0,863.0,689.2519500000001,17.083035000000006,12.646018087326183,718.9810030873263,104.0000000000004,54.0,876.9810030873266,2350.3090882740353,0.0,33.0,0.0,65.0,55.0,45.0,1109.0,3641.0031123601757,1457.0599999999993,36.9748486111111,32.13333333333326,17.33333333333334,3.333333333333332,49.4666666666666,52.0,241.0,19.0,101271.5904483145,73.3543079324858,21.63922872827233,0.0,692.0,655.6769999999999,13.997677500000002,11.421607362056832,681.0962848620568,96.40000000000029,52.0,829.4962848620571,2223.050043430313,0.0,32.0,0.0,65.0,43.0,9775.476578891352,0,3
fixed,reduced_truck_capacity,24,20.0,7079.0,37756.85366711391,506.6849999999998,16.66757916666668,26.399999999999945,5.999999999999998,1.5,32.39999999999994,18.0,196.0,44.0,72491.17327025805,64.23941672978835,68.84251972484145,101.0,30.0,228.00825,35.32626000000002,13.452891401769287,276.78740140176933,79.20000000000005,18.0,373.9874014017694,1002.286235756742,0.0,0.0,9.0,0.0,8.0,20.0,7079.0,37756.85366711391,506.6849999999998,16.66757916666668,26.399999999999945,5.999999999999998,1.5,32.39999999999994,18.0,196.0,44.0,72491.17327025805,64.23941672978835,68.84251972484145,101.0,30.0,228.00825,35.32626000000002,13.452891401769287,276.78740140176933,79.20000000000005,18.0,373.9874014017694,1002.286235756742,0.0,0.0,9.0,0.0,8.0,13178.537719176078,0,3
smart,reduced_truck_capacity,24,8.0,63.0,264.11864638113326,1248.312,33.950177777777775,41.46666666666656,13.666666666666673,2.4999999999999996,55.13333333333323,41.0,310.0,29.0,118315.84727115676,67.96620346049993,49.32910038405535,1.0,251.0,561.7403999999998,20.205022500000002,22.705019860606264,604.6504423606061,124.40000000000069,41.0,770.0504423606068,2063.7351855264264,0.0,26.0,0.0,32.0,82.0,8.0,63.0,264.11864638113326,1181.542,31.844626388888898,38.13333333333324,13.33333333333334,2.333333333333333,51.46666666666658,39.0,285.0,29.0,108898.30593271893,67.31575857062587,47.731012900600014,1.0,226.0,531.6938999999995,17.613315000000004,21.092209060330227,570.3994240603298,114.40000000000055,40.0,724.7994240603304,1942.4624564816854,0.0,25.0,0.0,32.0,71.0,4846.598739010171,0,3
fixed,combined_demand_operational_stress,24,103.0,9402.0,89312.98911589608,532.5629999999996,23.501803125000006,25.466666666666615,5.999999999999998,1.5,31.46666666666661,18.0,188.0,0.0,97081.25690632826,91.00748644326494,92.1949258369689,109.0,165.0,239.65334999999993,131.09536462500006,25.771872825454793,396.5205874504548,76.4,18.0,490.92058745045483,1315.667174367219,0.0,0.0,9.0,0.0,9.0,91.0,9315.0,88578.12841611524,532.5629999999996,23.501803125000006,25.466666666666615,5.999999999999998,1.5,31.46666666666661,18.0,188.0,0.0,97081.25690632826,91.00748644326494,92.1949258369689,109.0,165.0,239.65334999999993,131.09536462500006,25.771872825454793,396.5205874504548,76.4,18.0,490.92058745045483,1315.667174367219,0.0,0.0,9.0,0.0,9.0,18456.058827585814,0,3
smart,combined_demand_operational_stress,24,120.0,3167.0,30012.37809324549,1714.161999999998,58.6997025,47.99999999999987,18.666666666666668,4.666666666666666,66.66666666666654,56.0,360.0,20.0,164912.40973441946,79.21989042516337,50.33956341099495,0.0,576.0,771.3728999999996,283.82094450000017,41.67908897484174,1096.8729334748416,144.00000000000097,56.0,1296.8729334748425,3475.619461712578,0.0,28.0,0.0,82.0,38.0,117.0,3148.0,29600.405579630875,1640.5899999999979,56.2402275,45.46666666666655,18.000000000000004,4.499999999999999,63.466666666666555,54.0,341.0,20.0,158315.67402432786,79.76768906817338,50.1157562596796,0.0,452.0,738.2654999999997,272.23335450000025,39.86494512056273,1050.3637996205628,136.40000000000086,54.0,1240.7637996205635,3325.2469829831107,0.0,27.0,0.0,79.0,29.0,9925.517022145366,0,3
fixed,normal_patterned,25,1.0,1.0,1.7464537843472954,712.1159999999994,21.958599999999993,39.5999999999999,5.999999999999998,1.5,45.5999999999999,18.0,297.0,37.0,105545.85212494127,63.4856595204348,65.15176057095141,0.0,30.0,320.4521999999997,30.024675000000002,16.469205707357602,366.94608070735734,118.80000000000061,18.0,503.7460807073579,1350.0394962957193,0.0,0.0,0.0,0.0,9.0,1.0,1.0,1.7464537843472954,712.1159999999994,21.958599999999993,39.5999999999999,5.999999999999998,1.5,45.5999999999999,18.0,297.0,37.0,105545.85212494127,63.4856595204348,65.15176057095141,0.0,30.0,320.4521999999997,30.024675000000002,16.469205707357602,366.94608070735734,118.80000000000061,18.0,503.7460807073579,1350.0394962957193,0.0,0.0,0.0,0.0,9.0,10980.870324408781,0,3
smart,normal_patterned,25,5.0,74.0,166.66639090504097,1206.0379999999996,32.67592916666668,38.53333333333324,12.333333333333337,2.1666666666666665,50.866666666666575,37.0,289.0,25.0,105989.46963397364,65.52957502602118,31.82866955975184,0.0,303.0,542.7170999999998,20.995605,13.789814684938719,577.5025196849385,115.60000000000056,37.0,730.1025196849391,1956.674752755637,0.0,24.0,0.0,26.0,89.0,5.0,74.0,166.66639090504097,1206.0379999999996,32.67592916666668,38.53333333333324,12.333333333333337,2.1666666666666665,50.866666666666575,37.0,289.0,25.0,105989.46963397364,65.52957502602118,31.82866955975184,0.0,283.0,542.7170999999998,20.995605,13.789814684938719,577.5025196849385,115.60000000000056,37.0,730.1025196849391,1956.674752755637,0.0,24.0,0.0,26.0,80.0,10372.332878255747,0,3
fixed,high_demand_seasonal,25,52.0,7286.0,57994.940708733964,504.71099999999984,16.542545833333342,26.399999999999945,5.999999999999998,1.5,32.39999999999994,18.0,198.0,0.0,97464.96510297629,85.16840432405662,60.163558705540915,99.0,30.0,227.11995,35.434237500000016,11.591336109323997,274.145523609324,79.20000000000005,18.0,371.34552360932406,995.2060032729886,0.0,0.0,9.0,0.0,9.0,51.0,7280.0,57985.26772216332,504.71099999999984,16.542545833333342,26.399999999999945,5.999999999999998,1.5,32.39999999999994,18.0,198.0,0.0,97464.96510297629,85.16840432405662,60.163558705540915,99.0,30.0,227.11995,35.434237500000016,11.591336109323997,274.145523609324,79.20000000000005,18.0,371.34552360932406,995.2060032729886,0.0,0.0,9.0,0.0,9.0,16278.57237009706,0,3
smart,high_demand_seasonal,25,18.0,235.0,954.4984186016471,1708.888000000001,45.12852083333324,55.599999999999845,17.66666666666667,3.8333333333333317,73.26666666666651,53.0,417.0,31.0,162086.15865355087,68.68943560188202,33.98032676175071,0.0,155.0,768.9995999999995,19.556797500000002,20.185615579292858,808.7420130792924,166.8000000000013,53.0,1028.5420130792936,2756.492595052507,0.0,30.0,0.0,64.0,50.0,18.0,235.0,954.4984186016471,1632.7870000000005,42.97330694444437,52.39999999999986,17.000000000000007,3.666666666666665,69.39999999999986,51.0,393.0,31.0,155094.4938733106,68.71893605929368,33.78965008133128,0.0,137.0,734.7541499999994,17.599612500000006,19.13467653232229,771.4884390323217,157.20000000000115,51.0,979.6884390323229,2625.5650166066257,0.0,29.0,0.0,63.0,42.0,8697.821109654788,0,3
fixed,event_heavy,25,2.0,5.0,35.15261462816511,712.1159999999994,21.958599999999993,39.5999999999999,5.999999999999998,1.5,45.5999999999999,18.0,297.0,63.0,101702.84933634041,60.89329550810492,62.779536627370625,0.0,30.0,320.4521999999997,30.024675000000002,15.898604292165317,366.37547929216504,118.80000000000061,18.0,503.1754792921656,1348.510284503004,0.0,0.0,0.0,0.0,9.0,2.0,5.0,35.15261462816511,712.1159999999994,21.958599999999993,39.5999999999999,5.999999999999998,1.5,45.5999999999999,18.0,297.0,63.0,101702.84933634041,60.89329550810492,62.779536627370625,0.0,30.0,320.4521999999997,30.024675000000002,15.898604292165317,366.37547929216504,118.80000000000061,18.0,503.1754792921656,1348.510284503004,0.0,0.0,0.0,0.0,9.0,10331.912973375185,0,3
smart,event_heavy,25,2.0,106.0,434.74480155583626,1313.7269999999992,34.962636111111095,37.33333333333324,14.333333333333341,2.8333333333333326,51.666666666666586,43.0,280.0,33.0,102368.19356735428,64.99977666645869,26.45172960396751,0.0,249.0,591.1771499999996,19.897627500000006,12.71197404493348,623.7867515449332,112.00000000000051,43.0,778.7867515449336,2087.1484941404224,0.0,26.0,0.0,41.0,73.0,2.0,106.0,434.74480155583626,1313.7269999999992,34.962636111111095,37.33333333333324,14.333333333333341,2.8333333333333326,51.666666666666586,43.0,280.0,33.0,102368.19356735428,64.99977666645869,26.45172960396751,0.0,229.0,591.1771499999996,19.897627500000006,12.71197404493348,623.7867515449332,112.00000000000051,43.0,778.7867515449336,2087.1484941404224,0.0,26.0,0.0,41.0,64.0,9266.97655543377,0,3
fixed,persistent_multi_day_surge,25,24.0,2594.0,19495.325280990335,642.9809999999997,20.153462499999996,35.19999999999992,5.999999999999998,1.5,41.19999999999992,18.0,264.0,26.0,106234.17737245953,71.01273089945363,65.57665269904909,33.0,30.0,289.3414499999998,31.88025000000001,15.278251708875521,336.4999517088753,105.60000000000042,18.0,460.0999517088757,1233.067870579787,0.0,0.0,3.0,0.0,9.0,24.0,2594.0,19495.325280990335,642.9809999999997,20.153462499999996,35.19999999999992,5.999999999999998,1.5,41.19999999999992,18.0,264.0,26.0,106234.17737245953,71.01273089945363,65.57665269904909,33.0,30.0,289.3414499999998,31.88025000000001,15.278251708875521,336.4999517088753,105.60000000000042,18.0,460.0999517088757,1233.067870579787,0.0,0.0,3.0,0.0,9.0,10980.870324408781,0,3
smart,persistent_multi_day_surge,25,10.0,118.0,396.97755797488315,1366.8189999999995,35.52850972222222,44.399999999999885,14.000000000000007,2.666666666666666,58.39999999999989,42.0,333.0,26.0,130055.75526600415,69.35270037257841,34.40628446190586,0.0,248.0,615.0685499999993,11.0062125,16.519259697822264,642.5940221978215,133.2000000000008,42.0,817.7940221978223,2191.687979490164,0.0,26.0,0.0,44.0,71.0,10.0,118.0,396.97755797488315,1366.8189999999995,35.52850972222222,44.399999999999885,14.000000000000007,2.666666666666666,58.39999999999989,42.0,333.0,26.0,130055.75526600415,69.35270037257841,34.40628446190586,0.0,228.0,615.0685499999993,11.0062125,16.519259697822264,642.5940221978215,133.2000000000008,42.0,817.7940221978223,2191.687979490164,0.0,26.0,0.0,44.0,62.0,6257.640153879495,0,3
fixed,localized_surge,25,18.0,193.0,885.6337992235962,712.1159999999994,21.958599999999993,39.5999999999999,5.999999999999998,1.5,45.5999999999999,18.0,297.0,35.0,110805.84865596588,66.37365352528151,68.39867200985549,0.0,29.0,320.4521999999997,30.024675000000002,17.063157500930938,367.54003250093064,118.80000000000061,18.0,504.3400325009312,1351.6312871024957,0.0,0.0,0.0,0.0,9.0,18.0,193.0,885.6337992235962,712.1159999999994,21.958599999999993,39.5999999999999,5.999999999999998,1.5,45.5999999999999,18.0,297.0,35.0,110805.84865596588,66.37365352528151,68.39867200985549,0.0,29.0,320.4521999999997,30.024675000000002,17.063157500930938,367.54003250093064,118.80000000000061,18.0,504.3400325009312,1351.6312871024957,0.0,0.0,0.0,0.0,9.0,10980.870324408781,0,3
smart,localized_surge,25,6.0,122.0,327.97007609674165,1304.387999999999,36.11489305555554,41.73333333333323,13.666666666666673,2.333333333333333,55.3999999999999,41.0,313.0,22.0,118128.30972411076,67.38205533363751,32.01309206615468,0.0,292.0,586.9745999999993,33.270030000000006,15.264675689925063,635.5093056899244,125.2000000000007,41.0,801.7093056899251,2148.5809392489996,0.0,27.0,0.0,29.0,86.0,6.0,122.0,327.97007609674165,1304.387999999999,36.11489305555554,41.73333333333323,13.666666666666673,2.333333333333333,55.3999999999999,41.0,313.0,22.0,118128.30972411076,67.38205533363751,32.01309206615468,0.0,272.0,586.9745999999993,33.270030000000006,15.264675689925063,635.5093056899244,125.2000000000007,41.0,801.7093056899251,2148.5809392489996,0.0,27.0,0.0,29.0,77.0,4216.07297939072,0,3
fixed,gradual_upward_trend,25,13.0,491.0,3306.5624630839857,689.0709999999996,21.35624583333333,38.13333333333324,5.999999999999998,1.5,44.13333333333324,18.0,286.0,22.0,105575.57179545936,65.80659107659945,65.17010604657985,11.0,30.0,310.08194999999984,30.486037500000002,16.145620490331698,356.7136079903315,114.40000000000055,18.0,489.11360799033207,1310.8244694140901,0.0,0.0,1.0,0.0,9.0,13.0,491.0,3306.5624630839857,689.0709999999996,21.35624583333333,38.13333333333324,5.999999999999998,1.5,44.13333333333324,18.0,286.0,22.0,105575.57179545936,65.80659107659945,65.17010604657985,11.0,30.0,310.08194999999984,30.486037500000002,16.145620490331698,356.7136079903315,114.40000000000055,18.0,489.11360799033207,1310.8244694140901,0.0,0.0,1.0,0.0,9.0,13423.001956535561,0,3
smart,gradual_upward_trend,25,4.0,211.0,739.2115176755152,1283.1419999999994,36.65919305555553,41.199999999999896,13.33333333333334,2.0,54.53333333333323,40.0,309.0,22.0,117042.21596194441,67.05591201722828,32.51172665609567,0.0,327.0,577.4138999999994,38.64190500000001,15.860676347131701,631.9164813471313,123.60000000000068,40.0,795.516481347132,2131.984170010314,0.0,28.0,0.0,19.0,96.0,4.0,211.0,739.2115176755152,1283.1419999999994,36.65919305555553,41.199999999999896,13.33333333333334,2.0,54.53333333333323,40.0,309.0,22.0,117042.21596194441,67.05591201722828,32.51172665609567,0.0,307.0,577.4138999999994,38.64190500000001,15.860676347131701,631.9164813471313,123.60000000000068,40.0,795.516481347132,2131.984170010314,0.0,28.0,0.0,19.0,87.0,4523.70873545904,0,3
fixed,abrupt_behavior_change,25,37.0,4009.0,30397.547487885022,596.8909999999997,18.949395833333345,32.266666666666595,5.999999999999998,1.5,38.266666666666595,18.0,242.0,12.0,101744.13064514064,73.96978336793704,62.805018916753475,55.0,29.0,268.60095,32.96013750000001,13.899335445072545,315.4604229450726,96.8000000000003,18.0,430.2604229450729,1153.0979334927954,0.0,0.0,5.0,0.0,9.0,37.0,4009.0,30397.547487885022,596.8909999999997,18.949395833333345,32.266666666666595,5.999999999999998,1.5,38.266666666666595,18.0,242.0,12.0,101744.13064514064,73.96978336793704,62.805018916753475,55.0,29.0,268.60095,32.96013750000001,13.899335445072545,315.4604229450726,96.8000000000003,18.0,430.2604229450729,1153.0979334927954,0.0,0.0,5.0,0.0,9.0,15911.671428533022,0,3
smart,abrupt_behavior_change,25,9.0,104.0,559.477739972685,1528.3729999999994,39.94605138888883,49.599999999999866,15.666666666666677,2.8333333333333326,65.26666666666654,47.0,372.0,28.0,138689.2094294694,66.25622686825696,32.78704714644666,0.0,186.0,687.7678499999995,16.8587325,17.65325394472119,722.2798364447207,148.80000000000103,47.0,918.0798364447216,2460.4539616718544,0.0,30.0,0.0,50.0,65.0,9.0,104.0,559.477739972685,1528.3729999999994,39.94605138888883,49.599999999999866,15.666666666666677,2.8333333333333326,65.26666666666654,47.0,372.0,28.0,138689.2094294694,66.25622686825696,32.78704714644666,0.0,166.0,687.7678499999995,16.8587325,17.65325394472119,722.2798364447207,148.80000000000103,47.0,918.0798364447216,2460.4539616718544,0.0,30.0,0.0,50.0,56.0,8804.662392116672,0,3
fixed,traffic_disruption,25,1.0,1.0,2.7478651614959517,712.1159999999994,29.104261875000034,39.5999999999999,5.999999999999998,1.5,45.5999999999999,18.0,297.0,36.0,105620.64483300001,63.519471057536954,65.19792890925926,0.0,30.0,320.4521999999997,147.874440375,22.15390229134183,490.48054266634153,118.80000000000061,18.0,627.2805426663422,1681.1118543457972,0.0,0.0,0.0,0.0,9.0,1.0,1.0,2.7478651614959517,712.1159999999994,29.104261875000034,39.5999999999999,5.999999999999998,1.5,45.5999999999999,18.0,297.0,36.0,105620.64483300001,63.519471057536954,65.19792890925926,0.0,30.0,320.4521999999997,147.874440375,22.15390229134183,490.48054266634153,118.80000000000061,18.0,627.2805426663422,1681.1118543457972,0.0,0.0,0.0,0.0,9.0,10905.076204972891,0,3
smart,traffic_disruption,25,6.0,143.0,382.3534847324029,1138.2319999999988,42.38757750000002,37.06666666666658,11.66666666666667,2.0,48.73333333333325,35.0,278.0,20.0,104628.79880291819,66.70721539973498,33.21549168346609,0.0,309.0,512.2043999999996,212.06271937500014,18.705177650344314,742.9722970253441,111.2000000000005,35.0,889.1722970253446,2382.981756027924,0.0,23.0,0.0,23.0,90.0,6.0,143.0,382.3534847324029,1138.2319999999988,42.38757750000002,37.06666666666658,11.66666666666667,2.0,48.73333333333325,35.0,278.0,20.0,104628.79880291819,66.70721539973498,33.21549168346609,0.0,289.0,512.2043999999996,212.06271937500014,18.705177650344314,742.9722970253441,111.2000000000005,35.0,889.1722970253446,2382.981756027924,0.0,23.0,0.0,23.0,81.0,11517.316615483785,0,3
fixed,sensor_failure,25,1.0,1.0,1.7464537843472954,712.1159999999994,21.958599999999993,39.5999999999999,5.999999999999998,1.5,45.5999999999999,18.0,297.0,37.0,105545.85212494127,63.4856595204348,65.15176057095141,0.0,144.0,320.4521999999997,30.024675000000002,16.469205707357602,366.94608070735734,118.80000000000061,18.0,503.7460807073579,1350.0394962957193,0.0,0.0,0.0,0.0,9.0,1.0,1.0,1.7464537843472954,712.1159999999994,21.958599999999993,39.5999999999999,5.999999999999998,1.5,45.5999999999999,18.0,297.0,37.0,105545.85212494127,63.4856595204348,65.15176057095141,0.0,144.0,320.4521999999997,30.024675000000002,16.469205707357602,366.94608070735734,118.80000000000061,18.0,503.7460807073579,1350.0394962957193,0.0,0.0,0.0,0.0,9.0,10980.870324408781,0,3
smart,sensor_failure,25,33.0,877.0,3672.418181596866,1534.3209999999997,39.27869861111108,33.733333333333256,17.66666666666667,3.4999999999999987,51.39999999999993,53.0,253.0,14.0,102102.34253310063,72.26869009058795,21.405103256415224,0.0,820.0,690.4444499999998,18.338467500000004,11.860676129289235,720.6435936292891,101.20000000000036,53.0,874.8435936292894,2344.5808309264958,0.0,32.0,0.0,66.0,54.0,33.0,877.0,3672.418181596866,1534.3209999999997,39.27869861111108,33.733333333333256,17.66666666666667,3.4999999999999987,51.39999999999993,53.0,253.0,14.0,102102.34253310063,72.26869009058795,21.405103256415224,0.0,658.0,690.4444499999998,18.338467500000004,11.860676129289235,720.6435936292891,101.20000000000036,53.0,874.8435936292894,2344.5808309264958,0.0,32.0,0.0,66.0,42.0,10753.708188436833,0,3
fixed,reduced_truck_capacity,25,11.0,6628.0,36792.53486057959,504.71099999999984,16.54318750000001,26.399999999999945,5.999999999999998,1.5,32.39999999999994,18.0,198.0,39.0,66912.01574752116,59.07741678003186,63.54417449907042,99.0,30.0,227.11995,35.591400000000014,12.288105121325415,274.9994551213254,79.20000000000005,18.0,372.19945512132546,997.4945397251523,0.0,0.0,9.0,0.0,9.0,11.0,6628.0,36792.53486057959,504.71099999999984,16.54318750000001,26.399999999999945,5.999999999999998,1.5,32.39999999999994,18.0,198.0,39.0,66912.01574752116,59.07741678003186,63.54417449907042,99.0,30.0,227.11995,35.591400000000014,12.288105121325415,274.9994551213254,79.20000000000005,18.0,372.19945512132546,997.4945397251523,0.0,0.0,9.0,0.0,9.0,12823.918295033694,0,3
smart,reduced_truck_capacity,25,5.0,121.0,218.8656234993132,1290.9029999999996,35.00916666666666,38.26666666666657,13.666666666666673,2.4999999999999996,51.933333333333245,41.0,287.0,26.0,106575.88628795448,66.27844883283251,44.43439078088575,0.0,292.0,580.9063499999994,28.989360000000005,20.812682949053045,630.7083929490525,114.80000000000055,41.0,786.508392949053,2107.8424931034624,0.0,26.0,0.0,31.0,84.0,5.0,121.0,218.8656234993132,1290.9029999999996,35.00916666666666,38.26666666666657,13.666666666666673,2.4999999999999996,51.933333333333245,41.0,287.0,26.0,106575.88628795448,66.27844883283251,44.43439078088575,0.0,272.0,580.9063499999994,28.989360000000005,20.812682949053045,630.7083929490525,114.80000000000055,41.0,786.508392949053,2107.8424931034624,0.0,26.0,0.0,31.0,75.0,9733.716991680618,0,3
fixed,combined_demand_operational_stress,25,112.0,9130.0,85244.84348579295,546.3919999999996,24.044208750000003,25.333333333333282,5.999999999999998,1.5,31.33333333333328,18.0,184.0,0.0,93049.7366944397,88.86604676206417,88.36632164714122,113.0,142.0,245.87639999999993,133.85644987500007,26.08440667346278,405.81725654846275,76.0,18.0,499.81725654846275,1339.5102475498802,1.0,0.0,9.0,0.0,9.0,111.0,9128.0,85244.53445502446,546.3919999999996,24.044208750000003,25.333333333333282,5.999999999999998,1.5,31.33333333333328,18.0,184.0,0.0,93049.7366944397,88.86604676206417,88.36632164714122,113.0,142.0,245.87639999999993,133.85644987500007,26.08440667346278,405.81725654846275,76.0,18.0,499.81725654846275,1339.5102475498802,1.0,0.0,9.0,0.0,9.0,18354.384587014174,0,3
smart,combined_demand_operational_stress,25,117.0,3891.0,31223.036298430205,1666.4710000000007,56.33655187500001,43.466666666666555,18.666666666666668,4.666666666666666,62.133333333333226,56.0,326.0,11.0,152619.1305438795,78.96723388841941,46.5870361855554,0.0,609.0,749.9119499999994,269.0823060000003,36.631535075821034,1055.6257910758209,130.40000000000077,56.0,1242.0257910758216,3328.629120083202,0.0,28.0,0.0,79.0,41.0,117.0,3891.0,31223.036298430205,1600.9730000000004,54.00445687500002,41.33333333333323,18.000000000000004,4.499999999999999,59.33333333333323,54.0,310.0,11.0,146980.40463217846,79.76827595355135,46.52751017162977,0.0,460.0,720.4378499999991,257.87547225000026,35.110138420645,1013.4234606706443,124.00000000000068,54.0,1191.423460670645,3193.014874597329,0.0,27.0,0.0,78.0,30.0,12806.797924937306,0,3
fixed,normal_patterned,26,23.0,1330.0,7745.544682889783,666.0259999999995,20.753891666666657,36.66666666666658,5.999999999999998,1.5,42.66666666666658,18.0,275.0,28.0,104928.57321772684,68.11872996147974,64.77072420847335,22.0,26.0,299.71169999999984,30.947400000000002,15.599676286188043,346.25877628618787,110.00000000000048,18.0,474.2587762861883,1271.0135204469848,0.0,0.0,2.0,0.0,9.0,23.0,1330.0,7745.544682889783,666.0259999999995,20.753891666666657,36.66666666666658,5.999999999999998,1.5,42.66666666666658,18.0,275.0,28.0,104928.57321772684,68.11872996147974,64.77072420847335,22.0,26.0,299.71169999999984,30.947400000000002,15.599676286188043,346.25877628618787,110.00000000000048,18.0,474.2587762861883,1271.0135204469848,0.0,0.0,2.0,0.0,9.0,10745.787525998063,0,3
smart,normal_patterned,26,3.0,18.0,48.772938825676135,1339.2709999999988,36.76775138888889,42.133333333333226,14.333333333333341,2.8333333333333326,56.46666666666657,43.0,316.0,25.0,117418.13647022263,66.05092160553767,30.340603739075615,0.0,177.0,602.6719499999994,29.80759500000001,14.97666874858291,647.4562137485823,126.40000000000072,43.0,816.8562137485831,2189.1746528462027,0.0,26.0,0.0,40.0,70.0,3.0,18.0,48.772938825676135,1339.2709999999988,36.76775138888889,42.133333333333226,14.333333333333341,2.8333333333333326,56.46666666666657,43.0,316.0,25.0,117418.13647022263,66.05092160553767,30.340603739075615,0.0,160.0,602.6719499999994,29.80759500000001,14.97666874858291,647.4562137485823,126.40000000000072,43.0,816.8562137485831,2189.1746528462027,0.0,26.0,0.0,40.0,60.0,5952.996017566606,0,3
fixed,high_demand_seasonal,26,85.0,7735.0,61420.3827647361,504.71099999999984,16.542545833333342,26.399999999999945,5.999999999999998,1.5,32.39999999999994,18.0,198.0,0.0,104040.76001846696,89.26981318050048,64.22269136942404,99.0,28.0,227.11995,35.434237500000016,12.34649740120389,274.90068490120393,79.20000000000005,18.0,372.100684901204,997.2298355352267,0.0,0.0,9.0,0.0,9.0,84.0,7731.0,61400.87113147197,504.71099999999984,16.542545833333342,26.399999999999945,5.999999999999998,1.5,32.39999999999994,18.0,198.0,0.0,104040.76001846696,89.26981318050048,64.22269136942404,99.0,28.0,227.11995,35.434237500000016,12.34649740120389,274.90068490120393,79.20000000000005,18.0,372.100684901204,997.2298355352267,0.0,0.0,9.0,0.0,9.0,16247.025860264086,0,3
smart,high_demand_seasonal,26,15.0,116.0,474.2710950551874,1711.3719999999996,46.16842499999991,60.666666666666494,16.666666666666675,3.333333333333332,77.33333333333317,50.0,455.0,59.0,172696.5508451199,67.94574559761605,38.377011298915534,0.0,142.0,770.1173999999993,26.538165000000003,23.180408114190534,819.8359731141899,182.0000000000015,50.0,1051.8359731141913,2818.920407946033,0.0,30.0,0.0,55.0,59.0,15.0,116.0,474.2710950551874,1632.2479999999994,43.85649444444438,56.79999999999984,16.00000000000001,3.1666666666666656,72.79999999999986,48.0,426.0,59.0,162323.4010873612,68.12531602778661,37.5748613628151,0.0,127.0,734.5115999999995,24.229035000000007,21.57563063886976,780.3162656388691,170.40000000000134,48.0,998.7162656388705,2676.559591912173,0.0,29.0,0.0,54.0,50.0,8537.346703292058,0,3
fixed,event_heavy,26,13.0,744.0,4060.6416761904543,689.0709999999996,21.356245833333322,38.13333333333324,5.999999999999998,1.5,44.13333333333324,18.0,286.0,42.0,104029.48533284939,64.66474035038063,64.21573168694407,11.0,26.0,310.0819499999998,30.486037500000002,15.821908175847852,356.38989567584764,114.40000000000055,18.0,488.7898956758482,1309.9569204112731,0.0,0.0,1.0,0.0,9.0,13.0,744.0,4060.6416761904543,689.0709999999996,21.356245833333322,38.13333333333324,5.999999999999998,1.5,44.13333333333324,18.0,286.0,42.0,104029.48533284939,64.66474035038063,64.21573168694407,11.0,26.0,310.0819499999998,30.486037500000002,15.821908175847852,356.38989567584764,114.40000000000055,18.0,488.7898956758482,1309.9569204112731,0.0,0.0,1.0,0.0,9.0,10165.162031103448,0,3
smart,event_heavy,26,3.0,22.0,68.66592672485649,1209.7989999999988,33.00494722222224,38.13333333333324,12.666666666666671,2.333333333333333,50.79999999999991,38.0,286.0,29.0,108213.53502755528,67.29925420963471,31.641384510981077,0.0,209.0,544.4095499999994,25.81272,13.699032309280128,583.9213023092796,114.40000000000055,38.0,736.3213023092801,1973.3410901888708,0.0,24.0,0.0,23.0,85.0,3.0,22.0,68.66592672485649,1209.7989999999988,33.00494722222224,38.13333333333324,12.666666666666671,2.333333333333333,50.79999999999991,38.0,286.0,29.0,108213.53502755528,67.29925420963471,31.641384510981077,0.0,192.0,544.4095499999994,25.81272,13.699032309280128,583.9213023092796,114.40000000000055,38.0,736.3213023092801,1973.3410901888708,0.0,24.0,0.0,23.0,75.0,9973.08808586315,0,3
fixed,persistent_multi_day_surge,26,57.0,3858.0,28858.676730176685,619.9359999999996,19.55175,33.733333333333256,5.999999999999998,1.5,39.733333333333256,18.0,253.0,25.0,107162.01267230378,73.67380109057395,66.14939053845913,44.0,27.0,278.97119999999984,32.49877500000001,14.899999945297857,326.3699749452977,101.20000000000036,18.0,445.5699749452981,1194.127532853399,0.0,0.0,4.0,0.0,9.0,57.0,3858.0,28858.676730176685,619.9359999999996,19.55175,33.733333333333256,5.999999999999998,1.5,39.733333333333256,18.0,253.0,25.0,107162.01267230378,73.67380109057395,66.14939053845913,44.0,27.0,278.97119999999984,32.49877500000001,14.899999945297857,326.3699749452977,101.20000000000036,18.0,445.5699749452981,1194.127532853399,0.0,0.0,4.0,0.0,9.0,10745.787525998063,0,3
smart,persistent_multi_day_surge,26,12.0,66.0,176.01645471959336,1477.2740000000001,40.04632499999999,50.26666666666653,15.000000000000009,2.8333333333333326,65.26666666666654,45.0,377.0,40.0,141920.17667248828,67.28062207464328,35.04201893147859,0.0,173.0,664.7732999999992,26.049375000000012,18.669986430340153,709.4926614303394,150.80000000000106,45.0,905.2926614303404,2426.1843326333124,0.0,28.0,0.0,42.0,68.0,12.0,66.0,176.01645471959336,1477.2740000000001,40.04632499999999,50.26666666666653,15.000000000000009,2.8333333333333326,65.26666666666654,45.0,377.0,40.0,141920.17667248828,67.28062207464328,35.04201893147859,0.0,156.0,664.7732999999992,26.049375000000012,18.669986430340153,709.4926614303394,150.80000000000106,45.0,905.2926614303404,2426.1843326333124,0.0,28.0,0.0,42.0,58.0,4670.283801270517,0,3
fixed,localized_surge,26,25.0,3372.0,23225.993411705032,619.9459999999998,19.567977777777777,33.733333333333256,5.999999999999998,1.5,39.733333333333256,18.0,252.0,28.0,96908.54053721041,68.15864377348458,59.82008675136445,45.0,26.0,278.97569999999985,31.97139750000001,13.798812763953404,324.74591026395325,101.20000000000036,18.0,443.9459102639536,1189.7750395073956,0.0,0.0,4.0,0.0,9.0,25.0,3372.0,23225.993411705032,619.9459999999998,19.567977777777777,33.733333333333256,5.999999999999998,1.5,39.733333333333256,18.0,252.0,28.0,96908.54053721041,68.15864377348458,59.82008675136445,45.0,26.0,278.97569999999985,31.97139750000001,13.798812763953404,324.74591026395325,101.20000000000036,18.0,443.9459102639536,1189.7750395073956,0.0,0.0,4.0,0.0,9.0,10745.787525998063,0,3
smart,localized_surge,26,3.0,19.0,45.40598481775841,1356.9939999999986,38.37575972222217,43.59999999999989,14.333333333333341,2.666666666666666,57.93333333333323,43.0,327.0,32.0,122553.6775152453,67.11947961419081,31.667616929003955,0.0,184.0,610.6472999999996,39.478860000000005,16.266318822100203,666.3924788220999,130.80000000000078,43.0,840.1924788221006,2251.7158432432298,0.0,27.0,0.0,36.0,73.0,3.0,19.0,45.40598481775841,1356.9939999999986,38.37575972222217,43.59999999999989,14.333333333333341,2.666666666666666,57.93333333333323,43.0,327.0,32.0,122553.6775152453,67.11947961419081,31.667616929003955,0.0,167.0,610.6472999999996,39.478860000000005,16.266318822100203,666.3924788220999,130.80000000000078,43.0,840.1924788221006,2251.7158432432298,0.0,27.0,0.0,36.0,63.0,8281.237974850505,0,3
fixed,gradual_upward_trend,26,25.0,2208.0,13633.597427054818,642.9809999999995,20.151537499999993,35.19999999999992,5.999999999999998,1.5,41.19999999999992,18.0,264.0,14.0,104070.52717386914,70.22238829485035,64.24106615670935,33.0,26.0,289.3414499999999,31.40876250000001,15.090385062665213,335.84059756266515,105.60000000000042,18.0,459.4405975626656,1231.3008014679438,0.0,0.0,3.0,0.0,9.0,25.0,2208.0,13633.597427054818,642.9809999999995,20.151537499999993,35.19999999999992,5.999999999999998,1.5,41.19999999999992,18.0,264.0,14.0,104070.52717386914,70.22238829485035,64.24106615670935,33.0,26.0,289.3414499999999,31.40876250000001,15.090385062665213,335.84059756266515,105.60000000000042,18.0,459.4405975626656,1231.3008014679438,0.0,0.0,3.0,0.0,9.0,11753.150638491556,0,3
smart,gradual_upward_trend,26,3.0,13.0,39.078053492205484,1320.7039999999993,35.25628611111107,43.59999999999989,13.33333333333334,2.8333333333333326,56.93333333333322,40.0,327.0,30.0,121784.63075996695,66.85624933179788,33.829064099990816,0.0,170.0,594.3167999999994,16.609005000000003,15.829699617364131,626.7555046173635,130.80000000000078,40.0,797.5555046173642,2137.4487523745365,0.0,23.0,0.0,39.0,70.0,3.0,13.0,39.078053492205484,1320.7039999999993,35.25628611111107,43.59999999999989,13.33333333333334,2.8333333333333326,56.93333333333322,40.0,327.0,30.0,121784.63075996695,66.85624933179788,33.829064099990816,0.0,153.0,594.3167999999994,16.609005000000003,15.829699617364131,626.7555046173635,130.80000000000078,40.0,797.5555046173642,2137.4487523745365,0.0,23.0,0.0,39.0,60.0,7633.566425956254,0,3
fixed,abrupt_behavior_change,26,61.0,5133.0,37682.16857756702,575.3389999999997,18.45879583333334,30.79999999999993,5.999999999999998,1.5,36.799999999999926,18.0,231.0,10.0,103285.08727557093,77.80974065385936,63.756226713315385,66.0,28.0,258.90254999999996,33.62625000000001,13.68780649127823,306.21660649127824,92.40000000000023,18.0,416.6166064912785,1116.5325053966264,0.0,0.0,6.0,0.0,9.0,61.0,5133.0,37682.16857756702,575.3389999999997,18.45879583333334,30.79999999999993,5.999999999999998,1.5,36.799999999999926,18.0,231.0,10.0,103285.08727557093,77.80974065385936,63.756226713315385,66.0,28.0,258.90254999999996,33.62625000000001,13.68780649127823,306.21660649127824,92.40000000000023,18.0,416.6166064912785,1116.5325053966264,0.0,0.0,6.0,0.0,9.0,15894.443457667772,0,3
smart,abrupt_behavior_change,26,10.0,73.0,276.9708052205252,1505.2919999999992,40.87390972222218,51.333333333333194,15.333333333333343,2.999999999999999,66.66666666666654,46.0,385.0,26.0,147628.06569169354,68.80337586600456,35.658953065626456,0.0,146.0,677.3813999999992,25.30332,19.61137168015707,722.2960916801562,154.0000000000011,46.0,922.2960916801574,2471.7535257028217,0.0,28.0,0.0,46.0,62.0,10.0,73.0,276.9708052205252,1505.2919999999992,40.87390972222218,51.333333333333194,15.333333333333343,2.999999999999999,66.66666666666654,46.0,385.0,26.0,147628.06569169354,68.80337586600456,35.658953065626456,0.0,129.0,677.3813999999992,25.30332,19.61137168015707,722.2960916801562,154.0000000000011,46.0,922.2960916801574,2471.7535257028217,0.0,28.0,0.0,46.0,52.0,8956.662813891468,0,3
fixed,traffic_disruption,26,23.0,1335.0,7797.069923825804,666.0259999999995,27.583625625000025,36.66666666666658,5.999999999999998,1.5,42.66666666666658,18.0,275.0,27.0,104943.45609967329,68.1127726760493,64.77991117263782,22.0,26.0,299.71169999999984,143.11233337500005,20.979636866017245,463.80367024101713,110.00000000000048,18.0,591.8036702410176,1586.0338362459272,0.0,0.0,2.0,0.0,9.0,23.0,1335.0,7797.069923825804,666.0259999999995,27.583625625000025,36.66666666666658,5.999999999999998,1.5,42.66666666666658,18.0,275.0,27.0,104943.45609967329,68.1127726760493,64.77991117263782,22.0,26.0,299.71169999999984,143.11233337500005,20.979636866017245,463.80367024101713,110.00000000000048,18.0,591.8036702410176,1586.0338362459272,0.0,0.0,2.0,0.0,9.0,10679.379403115641,0,3
smart,traffic_disruption,26,5.0,26.0,106.65018143403414,1346.5729999999996,50.37503624999999,43.59999999999989,14.333333333333341,2.8333333333333326,57.93333333333323,43.0,327.0,39.0,119501.97424231903,65.37906288141312,30.879063111710344,0.0,185.0,605.9578499999996,257.77037137500014,21.435662420516046,885.1638837955157,130.80000000000078,43.0,1058.9638837955165,2838.0232085719845,0.0,26.0,0.0,39.0,71.0,5.0,26.0,106.65018143403414,1346.5729999999996,50.37503624999999,43.59999999999989,14.333333333333341,2.8333333333333326,57.93333333333323,43.0,327.0,39.0,119501.97424231903,65.37906288141312,30.879063111710344,0.0,168.0,605.9578499999996,257.77037137500014,21.435662420516046,885.1638837955157,130.80000000000078,43.0,1058.9638837955165,2838.0232085719845,0.0,26.0,0.0,39.0,61.0,3811.2810028616714,0,3
fixed,sensor_failure,26,23.0,2134.0,12520.902504061407,642.9809999999995,20.151537499999993,35.19999999999992,5.999999999999998,1.5,41.19999999999992,18.0,264.0,28.0,100153.21539655524,67.60729248851413,61.8229724670094,33.0,134.0,289.3414499999999,31.40876250000001,14.517171536691489,335.2673840366914,105.60000000000042,18.0,458.8673840366918,1229.764589218334,0.0,0.0,3.0,0.0,9.0,23.0,2134.0,12520.902504061407,642.9809999999995,20.151537499999993,35.19999999999992,5.999999999999998,1.5,41.19999999999992,18.0,264.0,28.0,100153.21539655524,67.60729248851413,61.8229724670094,33.0,134.0,289.3414499999999,31.40876250000001,14.517171536691489,335.2673840366914,105.60000000000042,18.0,458.8673840366918,1229.764589218334,0.0,0.0,3.0,0.0,9.0,10745.787525998063,0,3
smart,sensor_failure,26,39.0,771.0,4016.7454476357884,1556.3789999999992,39.39528194444445,35.86666666666658,18.000000000000004,3.8333333333333317,53.86666666666659,54.0,269.0,26.0,109419.71873174909,72.42261338984318,22.51434541805537,0.0,681.0,700.3705499999994,10.062630000000006,12.58803589257213,723.0212158925716,107.60000000000045,54.0,884.6212158925721,2370.7848585920933,0.0,31.0,0.0,75.0,45.0,39.0,771.0,4016.7454476357884,1556.3789999999992,39.39528194444445,35.86666666666658,18.000000000000004,3.8333333333333317,53.86666666666659,54.0,269.0,26.0,109419.71873174909,72.42261338984318,22.51434541805537,0.0,510.0,700.3705499999994,10.062630000000006,12.58803589257213,723.0212158925716,107.60000000000045,54.0,884.6212158925721,2370.7848585920933,0.0,31.0,0.0,75.0,33.0,9983.441247229868,0,3
fixed,reduced_truck_capacity,26,11.0,6593.0,38209.585025496344,504.71099999999984,16.54318750000001,26.399999999999945,5.999999999999998,1.5,32.39999999999994,18.0,198.0,25.0,72409.2770658725,64.18524781329688,68.76474555163581,99.0,26.0,227.11995,35.591400000000014,13.268758002084468,275.9801080020844,79.20000000000005,18.0,373.18010800208447,1000.1226894455864,0.0,0.0,9.0,0.0,9.0,11.0,6593.0,38209.585025496344,504.71099999999984,16.54318750000001,26.399999999999945,5.999999999999998,1.5,32.39999999999994,18.0,198.0,25.0,72409.2770658725,64.18524781329688,68.76474555163581,99.0,26.0,227.11995,35.591400000000014,13.268758002084468,275.9801080020844,79.20000000000005,18.0,373.18010800208447,1000.1226894455864,0.0,0.0,9.0,0.0,9.0,12801.043335245902,0,3
smart,reduced_truck_capacity,26,2.0,9.0,5.492470185433419,1290.2519999999995,36.12127638888889,41.73333333333323,13.666666666666673,2.4999999999999996,55.3999999999999,41.0,313.0,25.0,115992.64655545496,66.69506122403473,48.3604947072983,0.0,211.0,580.6133999999996,32.943892500000004,23.341781042025648,636.8990735420253,125.2000000000007,41.0,803.0990735420261,2152.30551709263,0.0,26.0,0.0,27.0,83.0,2.0,9.0,5.492470185433419,1290.2519999999995,36.12127638888889,41.73333333333323,13.666666666666673,2.4999999999999996,55.3999999999999,41.0,313.0,25.0,115992.64655545496,66.69506122403473,48.3604947072983,0.0,194.0,580.6133999999996,32.943892500000004,23.341781042025648,636.8990735420253,125.2000000000007,41.0,803.0990735420261,2152.30551709263,0.0,26.0,0.0,27.0,73.0,7421.766400974362,0,3
fixed,combined_demand_operational_stress,26,122.0,9664.0,96053.67686511588,527.7519999999997,23.09375062499999,25.19999999999995,5.999999999999998,1.5,31.199999999999946,18.0,185.0,0.0,95703.42999279387,89.72658602052329,90.88644823627149,112.0,136.0,237.48840000000004,131.33648362500003,25.213422801093177,394.0383064260933,75.6,18.0,487.6383064260933,1306.8706612219303,0.0,0.0,9.0,0.0,9.0,122.0,9664.0,96053.67686511588,527.7519999999997,23.09375062499999,25.19999999999995,5.999999999999998,1.5,31.199999999999946,18.0,185.0,0.0,95703.42999279387,89.72658602052329,90.88644823627149,112.0,136.0,237.48840000000004,131.33648362500003,25.213422801093177,394.0383064260933,75.6,18.0,487.6383064260933,1306.8706612219303,0.0,0.0,9.0,0.0,9.0,18196.478885392746,0,3
smart,combined_demand_operational_stress,26,129.0,3629.0,33387.165531169805,1690.742,56.95223249999997,47.86666666666654,18.666666666666668,4.499999999999999,66.5333333333332,56.0,359.0,23.0,162679.6111477042,79.85094532620025,49.658000960837676,0.0,613.0,760.8338999999995,266.96789100000007,39.86240624648917,1067.6641972464888,143.60000000000096,56.0,1267.2641972464899,3396.268048620593,0.0,29.0,0.0,80.0,40.0,129.0,3629.0,33387.165531169805,1624.106,54.602137499999984,45.866666666666546,18.000000000000004,4.333333333333332,63.866666666666546,54.0,344.0,23.0,158321.8037775715,80.48772178048071,50.11769666906347,0.0,453.0,730.8476999999993,255.79669500000006,38.69163334565184,1025.3360283456511,137.60000000000088,54.0,1216.936028345652,3261.388555966347,0.0,28.0,0.0,79.0,29.0,13886.809064428338,0,3
fixed,normal_patterned,27,2.0,19.0,96.93757535401312,712.1159999999994,21.958599999999993,39.5999999999999,5.999999999999998,1.5,45.5999999999999,18.0,297.0,41.0,105944.38641660684,64.20316794588175,65.39776939296718,0.0,21.0,320.4521999999997,30.024675000000002,16.406225751183612,366.88310075118335,118.80000000000061,18.0,503.68310075118393,1349.870710013173,0.0,0.0,0.0,0.0,8.0,2.0,19.0,96.93757535401312,712.1159999999994,21.958599999999993,39.5999999999999,5.999999999999998,1.5,45.5999999999999,18.0,297.0,41.0,105944.38641660684,64.20316794588175,65.39776939296718,0.0,21.0,320.4521999999997,30.024675000000002,16.406225751183612,366.88310075118335,118.80000000000061,18.0,503.68310075118393,1349.870710013173,0.0,0.0,0.0,0.0,8.0,7355.56144050808,0,3
smart,normal_patterned,27,2.0,10.0,8.473122147850546,1255.8279999999993,33.6703236111111,39.06666666666657,13.000000000000005,2.666666666666666,52.06666666666658,39.0,293.0,31.0,106369.65447238453,65.63938851401355,30.304744863927215,0.0,165.0,565.1225999999995,21.429945000000004,13.476538347512033,600.0290833475115,117.20000000000059,39.0,756.2290833475121,2026.6939433713326,0.0,23.0,0.0,36.0,71.0,2.0,10.0,8.473122147850546,1255.8279999999993,33.6703236111111,39.06666666666657,13.000000000000005,2.666666666666666,52.06666666666658,39.0,293.0,31.0,106369.65447238453,65.63938851401355,30.304744863927215,0.0,150.0,565.1225999999995,21.429945000000004,13.476538347512033,600.0290833475115,117.20000000000059,39.0,756.2290833475121,2026.6939433713326,0.0,23.0,0.0,36.0,62.0,7018.757837936584,0,3
fixed,high_demand_seasonal,27,69.0,6747.0,49664.2198826019,527.756,17.14425833333334,27.866666666666607,5.999999999999998,1.5,33.8666666666666,18.0,209.0,1.0,104474.64864878588,86.82791159706206,64.49052385727524,88.0,21.0,237.49019999999996,34.81571250000001,12.832959036774707,285.1388715367747,83.60000000000011,18.0,386.7388715367748,1036.4601757185565,0.0,0.0,8.0,0.0,8.0,68.0,6744.0,49653.47392957423,527.756,17.14425833333334,27.866666666666607,5.999999999999998,1.5,33.8666666666666,18.0,209.0,1.0,104474.64864878588,86.82791159706206,64.49052385727524,88.0,21.0,237.49019999999996,34.81571250000001,12.832959036774707,285.1388715367747,83.60000000000011,18.0,386.7388715367748,1036.4601757185565,0.0,0.0,8.0,0.0,8.0,12969.737759587337,0,3
smart,high_demand_seasonal,27,5.0,55.0,144.11925831102755,1652.8079999999995,45.1311013888888,55.19999999999985,16.666666666666675,2.8333333333333326,71.86666666666652,50.0,414.0,22.0,157507.89214489577,69.01428952416475,35.00175380997684,0.0,152.0,743.7635999999995,32.79836250000002,21.00493052875977,797.5668930287594,165.60000000000127,50.0,1013.1668930287607,2715.287273317079,0.0,33.0,0.0,41.0,64.0,5.0,55.0,144.11925831102755,1584.9189999999996,42.92616805555549,51.99999999999986,16.333333333333343,2.666666666666666,68.3333333333332,48.0,390.0,22.0,149759.57500586926,68.76499836696846,34.666568288395666,0.0,137.0,713.2135499999996,29.357212500000024,20.155761609851314,762.726524109851,156.00000000000114,49.0,967.7265241098521,2593.507084614404,0.0,32.0,0.0,41.0,55.0,9456.594887768255,0,3
fixed,event_heavy,27,0.0,0.0,0.0,712.1159999999994,21.958599999999993,39.5999999999999,5.999999999999998,1.5,45.5999999999999,18.0,297.0,57.0,101697.43786007626,61.359822505134126,62.77619620992362,0.0,21.0,320.4521999999997,30.024675000000002,15.764219717508102,366.24109471750785,118.80000000000061,18.0,503.0410947175085,1348.1501338429227,0.0,0.0,0.0,0.0,8.0,0.0,0.0,0.0,712.1159999999994,21.958599999999993,39.5999999999999,5.999999999999998,1.5,45.5999999999999,18.0,297.0,57.0,101697.43786007626,61.359822505134126,62.77619620992362,0.0,21.0,320.4521999999997,30.024675000000002,15.764219717508102,366.24109471750785,118.80000000000061,18.0,503.0410947175085,1348.1501338429227,0.0,0.0,0.0,0.0,8.0,6937.611920094276,0,3
smart,event_heavy,27,0.0,0.0,0.0,1100.342,29.4702263888889,35.33333333333325,11.66666666666667,2.4999999999999996,46.99999999999992,35.0,265.0,19.0,99664.38787675639,67.68713602751762,31.6394882148433,0.0,161.0,495.15389999999957,15.898770000000003,12.948624208249365,524.001294208249,106.00000000000043,35.0,665.0012942082494,1782.2034684781086,0.0,20.0,0.0,31.0,73.0,0.0,0.0,0.0,1100.342,29.4702263888889,35.33333333333325,11.66666666666667,2.4999999999999996,46.99999999999992,35.0,265.0,19.0,99664.38787675639,67.68713602751762,31.6394882148433,0.0,146.0,495.15389999999957,15.898770000000003,12.948624208249365,524.001294208249,106.00000000000043,35.0,665.0012942082494,1782.2034684781086,0.0,20.0,0.0,31.0,64.0,8970.661903414166,0,3
fixed,persistent_multi_day_surge,27,37.0,2774.0,19760.7717374618,642.9809999999997,20.153462499999996,35.19999999999992,5.999999999999998,1.5,41.19999999999992,18.0,264.0,30.0,106541.9489536614,71.44347151513833,65.7666351565811,33.0,21.0,289.3414499999998,31.88025000000001,15.175885046806656,336.3975850468064,105.60000000000042,18.0,459.9975850468068,1232.7935279254423,0.0,0.0,3.0,0.0,8.0,37.0,2774.0,19760.7717374618,642.9809999999997,20.153462499999996,35.19999999999992,5.999999999999998,1.5,41.19999999999992,18.0,264.0,30.0,106541.9489536614,71.44347151513833,65.7666351565811,33.0,21.0,289.3414499999998,31.88025000000001,15.175885046806656,336.3975850468064,105.60000000000042,18.0,459.9975850468068,1232.7935279254423,0.0,0.0,3.0,0.0,8.0,7355.56144050808,0,3
smart,persistent_multi_day_surge,27,8.0,35.0,198.76207068272453,1357.1829999999993,35.92906388888889,44.66666666666655,13.666666666666673,2.8333333333333326,58.33333333333322,41.0,335.0,29.0,126114.20983472216,67.85492500796136,34.17729263813609,0.0,165.0,610.7323499999995,16.032195,16.40645457218908,643.1709995721886,134.00000000000082,41.0,818.1709995721894,2192.698278853468,0.0,24.0,0.0,41.0,67.0,8.0,35.0,198.76207068272453,1357.1829999999993,35.92906388888889,44.66666666666655,13.666666666666673,2.8333333333333326,58.33333333333322,41.0,335.0,29.0,126114.20983472216,67.85492500796136,34.17729263813609,0.0,150.0,610.7323499999995,16.032195,16.40645457218908,643.1709995721886,134.00000000000082,41.0,818.1709995721894,2192.698278853468,0.0,24.0,0.0,41.0,58.0,7345.310226226352,0,3
fixed,localized_surge,27,24.0,706.0,4627.645430403289,689.0709999999996,21.356245833333322,38.13333333333324,5.999999999999998,1.5,44.13333333333324,18.0,286.0,38.0,107423.63351968057,67.37458032835902,66.31088488869172,11.0,21.0,310.0819499999998,30.486037500000002,16.137586955223366,356.70557445522314,114.40000000000055,18.0,489.1055744552237,1310.8029395399997,0.0,0.0,1.0,0.0,8.0,24.0,706.0,4627.645430403289,689.0709999999996,21.356245833333322,38.13333333333324,5.999999999999998,1.5,44.13333333333324,18.0,286.0,38.0,107423.63351968057,67.37458032835902,66.31088488869172,11.0,21.0,310.0819499999998,30.486037500000002,16.137586955223366,356.70557445522314,114.40000000000055,18.0,489.1055744552237,1310.8029395399997,0.0,0.0,1.0,0.0,8.0,7355.56144050808,0,3
smart,localized_surge,27,2.0,5.0,14.734248744723843,1324.0929999999992,35.341090277777724,41.99999999999989,13.666666666666673,2.4999999999999996,55.666666666666565,41.0,315.0,44.0,112019.85292195313,64.35459497204232,30.357683718686484,0.0,150.0,595.8418499999996,20.091060000000002,14.45817133746177,630.3910813374613,126.00000000000071,41.0,797.391081337462,2137.0080979843983,0.0,26.0,0.0,38.0,69.0,2.0,5.0,14.734248744723843,1324.0929999999992,35.341090277777724,41.99999999999989,13.666666666666673,2.4999999999999996,55.666666666666565,41.0,315.0,44.0,112019.85292195313,64.35459497204232,30.357683718686484,0.0,135.0,595.8418499999996,20.091060000000002,14.45817133746177,630.3910813374613,126.00000000000071,41.0,797.391081337462,2137.0080979843983,0.0,26.0,0.0,38.0,60.0,7372.253219894174,0,3
fixed,gradual_upward_trend,27,12.0,723.0,4067.937001270442,689.0709999999996,21.356245833333322,38.13333333333324,5.999999999999998,1.5,44.13333333333324,18.0,286.0,23.0,106659.7755354914,67.04758660443152,65.83936761450086,11.0,21.0,310.0819499999998,30.486037500000002,16.12242868172703,356.69041618172685,114.40000000000055,18.0,489.0904161817274,1310.7623153670295,0.0,0.0,1.0,0.0,8.0,12.0,723.0,4067.937001270442,689.0709999999996,21.356245833333322,38.13333333333324,5.999999999999998,1.5,44.13333333333324,18.0,286.0,23.0,106659.7755354914,67.04758660443152,65.83936761450086,11.0,21.0,310.0819499999998,30.486037500000002,16.12242868172703,356.69041618172685,114.40000000000055,18.0,489.0904161817274,1310.7623153670295,0.0,0.0,1.0,0.0,8.0,8043.906318011383,0,3
smart,gradual_upward_trend,27,0.0,0.0,0.0,1275.7549999999992,34.88284305555554,41.199999999999896,13.33333333333334,2.666666666666666,54.53333333333323,40.0,309.0,32.0,114398.83622505596,66.62164820233426,31.777454506959987,0.0,178.0,574.0897499999996,22.37661,14.904973169040359,611.37133316904,123.60000000000068,40.0,774.9713331690407,2076.923172893029,0.0,24.0,0.0,33.0,74.0,0.0,0.0,0.0,1275.7549999999992,34.88284305555554,41.199999999999896,13.33333333333334,2.666666666666666,54.53333333333323,40.0,309.0,32.0,114398.83622505596,66.62164820233426,31.777454506959987,0.0,163.0,574.0897499999996,22.37661,14.904973169040359,611.37133316904,123.60000000000068,40.0,774.9713331690407,2076.923172893029,0.0,24.0,0.0,33.0,65.0,4372.782629717301,0,3
fixed,abrupt_behavior_change,27,31.0,4034.0,27328.585479815585,596.8909999999997,18.94875416666667,32.266666666666595,5.999999999999998,1.5,38.266666666666595,18.0,242.0,13.0,102431.32588519056,75.08432698272726,63.22921350937688,55.0,21.0,268.6009499999999,32.80297500000002,13.874718455180133,315.27864345518003,96.8000000000003,18.0,430.0786434551803,1152.6107644598833,0.0,0.0,5.0,0.0,8.0,31.0,4034.0,27328.585479815585,596.8909999999997,18.94875416666667,32.266666666666595,5.999999999999998,1.5,38.266666666666595,18.0,242.0,13.0,102431.32588519056,75.08432698272726,63.22921350937688,55.0,21.0,268.6009499999999,32.80297500000002,13.874718455180133,315.27864345518003,96.8000000000003,18.0,430.0786434551803,1152.6107644598833,0.0,0.0,5.0,0.0,8.0,12758.521987215645,0,3
smart,abrupt_behavior_change,27,3.0,50.0,80.82919820002552,1579.5249999999985,41.28630277777769,50.79999999999986,16.00000000000001,3.1666666666666656,66.79999999999987,48.0,381.0,44.0,137720.29923091352,64.82291613829746,31.879698896044797,0.0,144.0,710.7862499999994,14.243400000000003,17.548383395258618,742.578033395258,152.40000000000109,48.0,942.9780333952591,2527.1811294992945,0.0,29.0,0.0,43.0,65.0,3.0,50.0,80.82919820002552,1579.5249999999985,41.28630277777769,50.79999999999986,16.00000000000001,3.1666666666666656,66.79999999999987,48.0,381.0,44.0,137720.29923091352,64.82291613829746,31.879698896044797,0.0,129.0,710.7862499999994,14.243400000000003,17.548383395258618,742.578033395258,152.40000000000109,48.0,942.9780333952591,2527.1811294992945,0.0,29.0,0.0,43.0,56.0,4717.304923108173,0,3
fixed,traffic_disruption,27,2.0,19.0,95.88747264354322,712.1159999999994,29.104261875000034,39.5999999999999,5.999999999999998,1.5,45.5999999999999,18.0,297.0,42.0,106004.58281370685,64.23003040306355,65.434927662782,0.0,21.0,320.4521999999997,147.874440375,22.063702800036754,490.3903431750365,118.80000000000061,18.0,627.1903431750371,1680.8701197090995,0.0,0.0,0.0,0.0,8.0,2.0,19.0,95.88747264354322,712.1159999999994,29.104261875000034,39.5999999999999,5.999999999999998,1.5,45.5999999999999,18.0,297.0,42.0,106004.58281370685,64.23003040306355,65.434927662782,0.0,21.0,320.4521999999997,147.874440375,22.063702800036754,490.3903431750365,118.80000000000061,18.0,627.1903431750371,1680.8701197090995,0.0,0.0,0.0,0.0,8.0,7296.415146118541,0,3
smart,traffic_disruption,27,3.0,12.0,9.431193057057214,1255.8279999999993,45.40345874999999,39.06666666666657,13.000000000000005,2.666666666666666,52.06666666666658,39.0,293.0,30.0,106374.62389527437,65.64182736738326,30.306160653924326,0.0,162.0,565.1225999999995,226.1800788750001,18.202156256966266,809.5048351319659,117.20000000000059,39.0,965.7048351319665,2588.0889581536703,0.0,23.0,0.0,36.0,70.0,3.0,12.0,9.431193057057214,1255.8279999999993,45.40345874999999,39.06666666666657,13.000000000000005,2.666666666666666,52.06666666666658,39.0,293.0,30.0,106374.62389527437,65.64182736738326,30.306160653924326,0.0,147.0,565.1225999999995,226.1800788750001,18.202156256966266,809.5048351319659,117.20000000000059,39.0,965.7048351319665,2588.0889581536703,0.0,23.0,0.0,36.0,61.0,7012.830344137532,0,3
fixed,sensor_failure,27,2.0,19.0,96.93757535401312,712.1159999999994,21.958599999999993,39.5999999999999,5.999999999999998,1.5,45.5999999999999,18.0,297.0,41.0,105944.38641660684,64.20316794588175,65.39776939296718,0.0,131.0,320.4521999999997,30.024675000000002,16.406225751183612,366.88310075118335,118.80000000000061,18.0,503.68310075118393,1349.870710013173,0.0,0.0,0.0,0.0,9.0,2.0,19.0,96.93757535401312,712.1159999999994,21.958599999999993,39.5999999999999,5.999999999999998,1.5,45.5999999999999,18.0,297.0,41.0,105944.38641660684,64.20316794588175,65.39776939296718,0.0,131.0,320.4521999999997,30.024675000000002,16.406225751183612,366.88310075118335,118.80000000000061,18.0,503.68310075118393,1349.870710013173,0.0,0.0,0.0,0.0,9.0,7355.56144050808,0,3
smart,sensor_failure,27,34.0,932.0,4337.61163208054,1496.4589999999987,37.95340833333333,33.06666666666659,17.33333333333334,3.666666666666665,50.399999999999935,52.0,248.0,13.0,98882.53240130474,72.15423560739261,21.128746239595028,0.0,744.0,673.4065499999997,13.222350000000006,11.481884839849092,698.1107848398487,99.20000000000033,52.0,849.310784839849,2276.1529033707957,0.0,30.0,0.0,69.0,51.0,34.0,932.0,4337.61163208054,1496.4589999999987,37.95340833333333,33.06666666666659,17.33333333333334,3.666666666666665,50.399999999999935,52.0,248.0,13.0,98882.53240130474,72.15423560739261,21.128746239595028,0.0,573.0,673.4065499999997,13.222350000000006,11.481884839849092,698.1107848398487,99.20000000000033,52.0,849.310784839849,2276.1529033707957,0.0,30.0,0.0,69.0,39.0,10176.741399083669,0,3
fixed,reduced_truck_capacity,27,12.0,6729.0,35504.42874882246,506.2139999999999,16.672452777777785,26.399999999999945,5.999999999999998,1.5,32.39999999999994,18.0,197.0,39.0,67275.92175827535,60.521837062108865,63.88976425287308,100.0,21.0,227.79629999999997,35.583097500000015,12.52729550292089,275.90669300292086,79.20000000000005,18.0,373.1066930029209,999.9259372478281,0.0,0.0,9.0,0.0,8.0,12.0,6729.0,35504.42874882246,506.2139999999999,16.672452777777785,26.399999999999945,5.999999999999998,1.5,32.39999999999994,18.0,197.0,39.0,67275.92175827535,60.521837062108865,63.88976425287308,100.0,21.0,227.79629999999997,35.583097500000015,12.52729550292089,275.90669300292086,79.20000000000005,18.0,373.1066930029209,999.9259372478281,0.0,0.0,9.0,0.0,8.0,10616.534925371076,0,3
smart,reduced_truck_capacity,27,3.0,12.0,86.8567446873257,1186.5389999999998,31.672752777777784,38.26666666666657,12.333333333333337,2.1666666666666665,50.59999999999991,37.0,287.0,29.0,104896.38056914222,65.66106746983164,48.46217628511999,0.0,174.0,533.9425499999995,16.476659999999995,20.142147950913888,570.5613579509135,114.80000000000055,37.0,722.361357950914,1935.9284393084497,0.0,24.0,0.0,33.0,75.0,3.0,12.0,86.8567446873257,1186.5389999999998,31.672752777777784,38.26666666666657,12.333333333333337,2.1666666666666665,50.59999999999991,37.0,287.0,29.0,104896.38056914222,65.66106746983164,48.46217628511999,0.0,159.0,533.9425499999995,16.476659999999995,20.142147950913888,570.5613579509135,114.80000000000055,37.0,722.361357950914,1935.9284393084497,0.0,24.0,0.0,33.0,66.0,8413.648118639414,0,3
fixed,combined_demand_operational_stress,27,98.0,9236.0,83060.9019547952,531.2819999999997,23.32435125000001,25.19999999999995,5.999999999999998,1.5,31.199999999999946,18.0,185.0,1.0,92600.16218772256,89.32137911995576,87.93937529698248,112.0,130.0,239.07689999999997,133.36449187500008,25.28792580898365,397.72931768398365,75.6,18.0,491.3293176839836,1316.762571393076,0.0,0.0,9.0,0.0,9.0,98.0,9236.0,83060.9019547952,531.2819999999997,23.32435125000001,25.19999999999995,5.999999999999998,1.5,31.199999999999946,18.0,185.0,1.0,92600.16218772256,89.32137911995576,87.93937529698248,112.0,130.0,239.07689999999997,133.36449187500008,25.28792580898365,397.72931768398365,75.6,18.0,491.3293176839836,1316.762571393076,0.0,0.0,9.0,0.0,9.0,14822.95591401701,0,3
smart,combined_demand_operational_stress,27,121.0,2837.0,25938.980740994935,1694.893999999999,56.919530625,45.866666666666546,18.666666666666668,4.333333333333332,64.53333333333322,56.0,344.0,14.0,153821.67461714605,80.33467629102255,46.954113130996966,0.0,596.0,762.7022999999994,274.9805392500004,36.83235294509844,1074.515192195098,137.60000000000088,56.0,1268.1151921950989,3398.5487150828653,0.0,30.0,0.0,79.0,41.0,121.0,2837.0,25938.980740994935,1628.8189999999997,54.075451875,43.73333333333322,18.000000000000004,4.166666666666665,61.73333333333322,54.0,328.0,14.0,150276.97563673108,80.8481814013121,47.57105908095317,0.0,425.0,732.9685499999995,260.2558597500004,35.92000991818221,1029.144419668182,131.20000000000078,54.0,1214.3444196681828,3254.44304471073,0.0,29.0,0.0,79.0,29.0,10723.364698393823,0,3
fixed,normal_patterned,28,11.0,2349.0,15278.617917671909,642.9809999999998,20.151537499999996,35.19999999999992,5.999999999999998,1.5,41.19999999999992,18.0,264.0,17.0,104454.26874977662,69.9450837274564,64.47794367270161,33.0,30.0,289.3414499999999,31.40876250000001,15.143111143200493,335.8933236432004,105.60000000000042,18.0,459.4933236432008,1231.4421073637782,0.0,0.0,3.0,0.0,9.0,11.0,2349.0,15278.617917671909,642.9809999999998,20.151537499999996,35.19999999999992,5.999999999999998,1.5,41.19999999999992,18.0,264.0,17.0,104454.26874977662,69.9450837274564,64.47794367270161,33.0,30.0,289.3414499999999,31.40876250000001,15.143111143200493,335.8933236432004,105.60000000000042,18.0,459.4933236432008,1231.4421073637782,0.0,0.0,3.0,0.0,9.0,11776.467445130114,0,3
smart,normal_patterned,28,4.0,165.0,177.44653034582248,1364.597999999999,39.22578055555555,43.59999999999989,14.333333333333341,2.999999999999999,57.93333333333323,43.0,327.0,28.0,122936.16520482254,66.77114873185131,31.766450957318483,0.0,291.0,614.0691,46.500614999999975,16.264108087018204,676.8338230870182,130.80000000000078,43.0,850.633823087019,2279.698645873211,0.0,25.0,0.0,34.0,82.0,4.0,165.0,177.44653034582248,1297.9329999999989,37.14256666666667,40.266666666666566,14.000000000000007,2.8333333333333326,54.26666666666657,41.0,302.0,28.0,113622.64256082584,66.13931761307595,30.79204405442435,0.0,262.0,584.0698499999997,43.73288999999998,15.28109626030803,643.0838362603077,120.80000000000064,42.0,805.8838362603084,2159.7686811776266,0.0,24.0,0.0,34.0,71.0,8395.742377410288,0,3
fixed,high_demand_seasonal,28,113.0,8203.0,67155.37528184116,504.71099999999984,16.54254583333334,26.399999999999945,5.999999999999998,1.5,32.39999999999994,18.0,198.0,0.0,109117.22606780872,92.61491978950212,67.35631238753625,99.0,31.0,227.11995,35.434237500000016,12.989769037823383,275.5439565378234,79.20000000000005,18.0,372.74395653782346,998.9538035213669,0.0,0.0,9.0,0.0,9.0,96.0,8094.0,66145.73574230104,504.71099999999984,16.54254583333334,26.399999999999945,5.999999999999998,1.5,32.39999999999994,18.0,198.0,0.0,109117.22606780872,92.61491978950212,67.35631238753625,99.0,31.0,227.11995,35.434237500000016,12.989769037823383,275.5439565378234,79.20000000000005,18.0,372.74395653782346,998.9538035213669,0.0,0.0,9.0,0.0,9.0,17429.770718445332,0,3
smart,high_demand_seasonal,28,25.0,375.0,1195.4154507258324,1800.2830000000006,47.55120277777769,61.99999999999982,18.333333333333336,4.166666666666665,80.33333333333316,55.0,465.0,60.0,181265.90530671188,68.49331268097924,36.61937480943674,0.0,194.0,810.1273499999999,15.107130000000005,22.61811968043881,847.8525996804386,186.00000000000156,55.0,1088.85259968044,2918.12496714358,0.0,30.0,0.0,66.0,54.0,25.0,375.0,1195.4154507258324,1721.3490000000002,45.484508333333245,58.399999999999835,17.66666666666667,3.9999999999999982,76.0666666666665,53.0,438.0,60.0,171979.56421903052,68.4951242607983,36.054415978832395,0.0,172.0,774.6070500000001,15.107130000000005,21.278758021418952,810.992938021419,175.2000000000014,53.0,1039.1929380214206,2785.0370738974075,0.0,29.0,0.0,63.0,45.0,11241.051310657323,0,3
fixed,event_heavy,28,27.0,1491.0,7526.634732627773,666.0259999999997,20.754533333333324,36.66666666666658,5.999999999999998,1.5,42.66666666666658,18.0,275.0,29.0,107431.35670502944,68.96494776780797,66.31565228705522,22.0,30.0,299.71169999999984,31.104562500000007,15.979309545035452,346.79557204503527,110.00000000000048,18.0,474.7955720450358,1272.452133080696,0.0,0.0,2.0,0.0,9.0,27.0,1491.0,7526.634732627773,666.0259999999997,20.754533333333324,36.66666666666658,5.999999999999998,1.5,42.66666666666658,18.0,275.0,29.0,107431.35670502944,68.96494776780797,66.31565228705522,22.0,30.0,299.71169999999984,31.104562500000007,15.979309545035452,346.79557204503527,110.00000000000048,18.0,474.7955720450358,1272.452133080696,0.0,0.0,2.0,0.0,9.0,11111.878586381927,0,3
smart,event_heavy,28,8.0,144.0,269.56890795156295,1414.9360000000006,40.021972222222196,41.73333333333323,15.000000000000009,2.4999999999999996,56.733333333333235,45.0,313.0,28.0,118367.69145680766,66.39245029926427,29.226590483162386,0.0,328.0,636.7211999999995,43.815374999999996,15.175274822095894,695.7118498220954,125.2000000000007,45.0,865.9118498220961,2320.6437575232176,0.0,30.0,0.0,29.0,88.0,8.0,144.0,269.56890795156295,1348.878,37.95465972222221,39.333333333333236,14.333333333333341,2.333333333333333,53.66666666666658,43.0,295.0,28.0,112003.01563731223,66.0751010654171,28.9413477098998,0.0,300.0,606.9950999999995,39.75090749999999,14.335612832358866,661.0816203323584,118.0000000000006,43.0,822.081620332359,2203.178742490722,0.0,29.0,0.0,29.0,78.0,7432.609659279845,0,3
fixed,persistent_multi_day_surge,28,53.0,5161.0,38352.36664312188,573.8459999999999,18.346399999999996,30.79999999999993,5.999999999999998,1.5,36.799999999999926,18.0,231.0,16.0,103933.9676357942,77.74430789948147,64.15677014555197,66.0,29.0,258.2307,33.26433750000002,13.648965448993167,305.1440029489932,92.40000000000023,18.0,415.54400294899347,1113.6579279033026,0.0,0.0,6.0,0.0,9.0,53.0,5161.0,38352.36664312188,573.8459999999999,18.346399999999996,30.79999999999993,5.999999999999998,1.5,36.799999999999926,18.0,231.0,16.0,103933.9676357942,77.74430789948147,64.15677014555197,66.0,29.0,258.2307,33.26433750000002,13.648965448993167,305.1440029489932,92.40000000000023,18.0,415.54400294899347,1113.6579279033026,0.0,0.0,6.0,0.0,9.0,11776.467445130114,0,3
smart,persistent_multi_day_surge,28,14.0,87.0,528.1830758095557,1481.4229999999989,42.19567083333328,51.06666666666653,15.000000000000009,2.999999999999999,66.06666666666653,45.0,383.0,46.0,146248.29270311736,67.58378817189454,36.110689556325276,0.0,273.0,666.640349999999,42.89663250000004,19.901292292233464,729.4382747922325,153.2000000000011,45.0,927.6382747922336,2486.070576443186,0.0,27.0,0.0,37.0,78.0,14.0,87.0,528.1830758095557,1414.7579999999991,40.112456944444396,47.733333333333206,14.666666666666675,2.8333333333333326,62.39999999999988,43.0,358.0,46.0,136934.77005912067,67.10753953538875,35.38366151398467,0.0,244.0,636.6410999999987,40.128907500000025,18.918280465523303,695.6882879655219,143.20000000000095,44.0,882.8882879655229,2366.1406117476013,0.0,26.0,0.0,37.0,67.0,7286.3259451191325,0,3
fixed,localized_surge,28,20.0,4851.0,31478.74390529286,573.8459999999999,18.344474999999996,30.79999999999993,5.999999999999998,1.5,36.799999999999926,18.0,231.0,13.0,94821.48798272962,71.62702639034151,58.53178270538865,66.0,30.0,258.2307,32.79285,12.54713932041438,303.5706893204144,92.40000000000023,18.0,413.97068932041464,1109.4414473787112,0.0,0.0,6.0,0.0,9.0,20.0,4851.0,31478.74390529286,573.8459999999999,18.344474999999996,30.79999999999993,5.999999999999998,1.5,36.799999999999926,18.0,231.0,13.0,94821.48798272962,71.62702639034151,58.53178270538865,66.0,30.0,258.2307,32.79285,12.54713932041438,303.5706893204144,92.40000000000023,18.0,413.97068932041464,1109.4414473787112,0.0,0.0,6.0,0.0,9.0,11776.467445130114,0,3
smart,localized_surge,28,9.0,143.0,376.5515269024575,1480.917999999999,42.448479166666615,46.799999999999876,15.666666666666677,3.333333333333332,62.466666666666555,47.0,351.0,30.0,131968.82988812073,66.31248180980964,31.198304938090004,0.0,288.0,666.4130999999998,46.49760000000001,17.196509080323136,730.107209080323,140.40000000000092,47.0,917.5072090803238,2458.919320335268,0.0,27.0,0.0,34.0,82.0,9.0,143.0,376.5515269024575,1414.252999999999,40.36526527777774,43.466666666666555,15.333333333333343,3.1666666666666656,58.7999999999999,45.0,326.0,30.0,122655.307244124,65.69199202170773,30.285261047931847,0.0,259.0,636.4138499999999,43.729875000000014,16.21349725361297,696.3572222536129,130.40000000000077,46.0,872.7572222536137,2338.9893556396846,0.0,26.0,0.0,34.0,71.0,5731.317918129411,0,3
fixed,gradual_upward_trend,28,33.0,3771.0,23535.192267797487,596.8909999999997,18.947470833333327,32.266666666666595,5.999999999999998,1.5,38.266666666666595,18.0,242.0,13.0,101305.01415953235,73.74595492901662,62.53395935773602,55.0,30.0,268.60095,32.488650000000014,13.862034004760023,314.95163400476,96.8000000000003,18.0,429.7516340047603,1151.7343791327578,0.0,0.0,5.0,0.0,9.0,33.0,3771.0,23535.192267797487,596.8909999999997,18.947470833333327,32.266666666666595,5.999999999999998,1.5,38.266666666666595,18.0,242.0,13.0,101305.01415953235,73.74595492901662,62.53395935773602,55.0,30.0,268.60095,32.488650000000014,13.862034004760023,314.95163400476,96.8000000000003,18.0,429.7516340047603,1151.7343791327578,0.0,0.0,5.0,0.0,9.0,12882.32104090507,0,3
smart,gradual_upward_trend,28,8.0,84.0,114.54831872287345,1345.8890000000004,38.04759444444443,45.866666666666546,14.000000000000007,2.666666666666666,59.86666666666655,42.0,344.0,35.0,129353.3174300022,67.05539210345331,34.220454346561425,0.0,297.0,605.6500499999993,37.263397499999996,17.42731607045024,660.3407635704496,137.60000000000088,42.0,839.9407635704504,2251.041246368807,0.0,26.0,0.0,34.0,82.0,8.0,84.0,114.54831872287345,1279.2240000000002,35.96438055555554,42.533333333333225,13.666666666666673,2.4999999999999996,56.199999999999896,40.0,319.0,35.0,119989.96689672592,66.4484544933386,33.330546360201645,0.0,268.0,575.6507999999991,34.4956725,16.439153159574687,626.5856256595737,127.60000000000073,41.0,795.1856256595744,2131.0974767676594,0.0,25.0,0.0,34.0,71.0,8254.66171950982,0,3
fixed,abrupt_behavior_change,28,63.0,6627.0,48525.861979680965,527.7559999999999,17.142333333333344,27.866666666666607,5.999999999999998,1.5,33.8666666666666,18.0,209.0,0.0,99432.97718433492,81.9821685187562,61.37838097798452,88.0,31.0,237.4902,34.34422500000001,12.253066187769251,284.0874911877693,83.60000000000011,18.0,385.6874911877694,1033.6424763832222,0.0,0.0,8.0,0.0,9.0,63.0,6627.0,48525.861979680965,527.7559999999999,17.142333333333344,27.866666666666607,5.999999999999998,1.5,33.8666666666666,18.0,209.0,0.0,99432.97718433492,81.9821685187562,61.37838097798452,88.0,31.0,237.4902,34.34422500000001,12.253066187769251,284.0874911877693,83.60000000000011,18.0,385.6874911877694,1033.6424763832222,0.0,0.0,8.0,0.0,9.0,17025.401764080132,0,3
smart,abrupt_behavior_change,28,14.0,117.0,314.4578952622794,1609.4979999999985,45.52376111111105,53.86666666666652,16.333333333333343,3.8333333333333317,70.19999999999986,49.0,404.0,38.0,154525.69897509573,68.08695640456618,35.03984103743667,0.0,190.0,724.2740999999995,43.020405,20.82555654982258,788.1200615498221,161.60000000000122,49.0,998.7200615498234,2676.569764953527,0.0,26.0,0.0,56.0,60.0,14.0,117.0,314.4578952622794,1542.8329999999992,43.440547222222165,50.533333333333196,16.00000000000001,3.666666666666665,66.5333333333332,47.0,379.0,38.0,145212.17633109915,67.67028673160495,34.32911970002344,0.0,161.0,694.2748499999994,40.252680000000005,19.84254472311241,754.3700747231119,151.60000000000107,48.0,953.9700747231129,2556.6398002579426,0.0,25.0,0.0,56.0,49.0,10144.084057737773,0,3
fixed,traffic_disruption,28,11.0,2355.0,15314.67249217796,642.9809999999998,26.823307500000027,35.19999999999992,5.999999999999998,1.5,41.19999999999992,18.0,264.0,16.0,104502.17242616376,69.96252991656179,64.50751384331096,33.0,30.0,289.3414499999999,140.73127987499998,20.383079705198803,450.45580958019866,105.60000000000042,18.0,574.0558095801991,1538.4695696749338,0.0,0.0,3.0,0.0,9.0,11.0,2355.0,15314.67249217796,642.9809999999998,26.823307500000027,35.19999999999992,5.999999999999998,1.5,41.19999999999992,18.0,264.0,16.0,104502.17242616376,69.96252991656179,64.50751384331096,33.0,30.0,289.3414499999999,140.73127987499998,20.383079705198803,450.45580958019866,105.60000000000042,18.0,574.0558095801991,1538.4695696749338,0.0,0.0,3.0,0.0,9.0,11692.509194236954,0,3
smart,traffic_disruption,28,3.0,160.0,171.6617353401646,1367.137999999999,52.705710000000025,43.59999999999989,14.333333333333341,2.999999999999999,57.93333333333323,43.0,327.0,25.0,122971.93106680682,66.80649525203559,31.775692782120625,0.0,290.0,615.2121,274.0304227500003,21.595179856375537,910.8377026063758,130.80000000000078,43.0,1084.6377026063767,2906.82904298509,0.0,25.0,0.0,34.0,82.0,3.0,160.0,171.6617353401646,1306.8599999999985,50.21633437500002,40.666666666666565,14.000000000000007,2.8333333333333326,54.66666666666657,41.0,305.0,25.0,115021.37640497675,66.33748313756315,31.171104716795867,0.0,261.0,588.0869999999999,261.06097837500033,20.484425689978266,869.6324040649785,122.00000000000065,42.0,1033.6324040649793,2770.1348428941446,0.0,24.0,0.0,34.0,71.0,8365.761310431653,0,3
fixed,sensor_failure,28,23.0,2996.0,18713.65706708013,619.9459999999997,19.567977777777774,33.733333333333256,5.999999999999998,1.5,39.733333333333256,18.0,253.0,17.0,101019.22960036839,70.46850513284095,62.35754913602987,44.0,132.0,278.97569999999996,31.971397500000016,14.443332182245634,325.3904296822456,101.20000000000036,18.0,444.59042968224594,1191.5023515484193,0.0,0.0,4.0,0.0,9.0,23.0,2996.0,18713.65706708013,619.9459999999997,19.567977777777774,33.733333333333256,5.999999999999998,1.5,39.733333333333256,18.0,253.0,17.0,101019.22960036839,70.46850513284095,62.35754913602987,44.0,132.0,278.97569999999996,31.971397500000016,14.443332182245634,325.3904296822456,101.20000000000036,18.0,444.59042968224594,1191.5023515484193,0.0,0.0,4.0,0.0,9.0,11776.467445130114,0,3
smart,sensor_failure,28,43.0,1196.0,5582.944721118315,1548.3139999999999,39.78104999999997,36.933333333333245,18.000000000000004,3.333333333333332,54.93333333333325,54.0,277.0,26.0,115447.21448129225,72.7086180910937,23.754570880924334,0.0,702.0,696.7412999999998,18.498487500000007,13.86561970631211,729.105407206312,110.8000000000005,54.0,893.9054072063125,2395.6664913129175,0.0,34.0,0.0,73.0,47.0,43.0,1196.0,5582.944721118315,1548.3139999999999,39.78104999999997,36.933333333333245,18.000000000000004,3.333333333333332,54.93333333333325,54.0,277.0,26.0,115447.21448129225,72.7086180910937,23.754570880924334,0.0,544.0,696.7412999999998,18.498487500000007,13.86561970631211,729.105407206312,110.8000000000005,54.0,893.9054072063125,2395.6664913129175,0.0,34.0,0.0,73.0,35.0,10479.194910167975,0,3
fixed,reduced_truck_capacity,28,12.0,6964.0,41642.477103494246,504.71099999999996,16.54254583333334,26.399999999999945,5.999999999999998,1.5,32.39999999999994,18.0,198.0,17.0,76171.80885096749,66.7749977223058,72.33790014336893,99.0,30.0,227.11995,35.434237500000016,13.91790259491496,276.47209009491496,79.20000000000005,18.0,373.672090094915,1001.4412014543723,0.0,0.0,9.0,0.0,9.0,12.0,6964.0,41642.477103494246,504.71099999999996,16.54254583333334,26.399999999999945,5.999999999999998,1.5,32.39999999999994,18.0,198.0,17.0,76171.80885096749,66.7749977223058,72.33790014336893,99.0,30.0,227.11995,35.434237500000016,13.91790259491496,276.47209009491496,79.20000000000005,18.0,373.672090094915,1001.4412014543723,0.0,0.0,9.0,0.0,9.0,13695.068158116857,0,3
smart,reduced_truck_capacity,28,6.0,57.0,68.87286846637016,1362.7909999999995,39.33398333333331,43.466666666666555,14.333333333333341,2.8333333333333326,57.7999999999999,43.0,326.0,27.0,124056.19681028379,67.48355396701017,49.316715090552094,0.0,279.0,613.2559499999996,47.7162225,25.845116840947117,686.8172893409467,130.40000000000077,43.0,860.2172893409474,2305.382335433739,0.0,26.0,0.0,36.0,80.0,6.0,57.0,68.87286846637016,1296.1259999999995,37.25076944444442,40.13333333333323,14.000000000000007,2.666666666666666,54.13333333333324,41.0,301.0,27.0,114761.23394938644,66.9062748246586,47.847085240519675,0.0,250.0,583.2566999999995,44.948497500000016,24.338948822043886,652.5441463220434,120.40000000000063,42.0,814.944146322044,2184.0503121430784,0.0,25.0,0.0,36.0,69.0,7384.284433828522,0,3
fixed,combined_demand_operational_stress,28,151.0,10288.0,103968.4468243756,539.2259999999998,23.750415000000004,24.79999999999995,5.999999999999998,1.5,30.799999999999947,18.0,183.0,0.0,97786.20331196932,94.91223657631555,92.86439060965748,114.0,132.0,242.65169999999995,135.99150750000004,26.35737839023401,405.00058589023405,74.39999999999998,18.0,497.400585890234,1333.0335701858273,0.0,0.0,9.0,0.0,9.0,136.0,10211.0,103283.9882326271,539.2259999999998,23.750415000000004,24.79999999999995,5.999999999999998,1.5,30.799999999999947,18.0,183.0,0.0,97786.20331196932,94.91223657631555,92.86439060965748,114.0,132.0,242.65169999999995,135.99150750000004,26.35737839023401,405.00058589023405,74.39999999999998,18.0,497.400585890234,1333.0335701858273,0.0,0.0,9.0,0.0,9.0,18887.477169785572,0,3
smart,combined_demand_operational_stress,28,138.0,3844.0,36530.067968116804,1687.0299999999986,57.788233125000026,47.99999999999987,18.666666666666668,4.333333333333332,66.66666666666654,56.0,360.0,15.0,171032.21927599984,82.29550773545945,52.2076371416361,0.0,593.0,759.1634999999995,277.81002225000043,41.21797418762143,1078.1914964376213,144.00000000000097,56.0,1278.1914964376222,3425.5532104528274,0.0,30.0,0.0,81.0,39.0,132.0,3817.0,36296.22272456375,1612.829999999999,54.64229062500001,45.46666666666655,18.000000000000004,4.166666666666665,63.466666666666555,54.0,341.0,15.0,162442.0438758159,82.75284678323422,51.421982866671705,0.0,459.0,725.7734999999994,259.91459887500025,38.5741189622078,1024.2622178372076,136.40000000000086,54.0,1214.6622178372083,3255.2947438037186,0.0,29.0,0.0,79.0,29.0,13079.840062013847,0,3
fixed,normal_patterned,29,39.0,3101.0,18033.048833328005,619.9359999999997,19.549825,33.733333333333256,5.999999999999998,1.5,39.733333333333256,18.0,253.0,26.0,101878.93809860581,71.73712353247927,62.88823339420112,44.0,34.0,278.97119999999995,32.02728750000001,14.36198233799254,325.36046983799247,101.20000000000036,18.0,444.56046983799285,1191.4220591658209,0.0,0.0,4.0,0.0,9.0,37.0,3081.0,17791.62820734901,619.9359999999997,19.549825,33.733333333333256,5.999999999999998,1.5,39.733333333333256,18.0,253.0,26.0,101878.93809860581,71.73712353247927,62.88823339420112,44.0,34.0,278.97119999999995,32.02728750000001,14.36198233799254,325.36046983799247,101.20000000000036,18.0,444.56046983799285,1191.4220591658209,0.0,0.0,4.0,0.0,9.0,9680.338245243312,0,3
smart,normal_patterned,29,5.0,48.0,73.25480012834022,1378.5659999999991,38.20206666666667,43.73333333333322,14.000000000000007,2.4999999999999996,57.73333333333323,42.0,328.0,20.0,122729.23458239998,66.77315217365022,32.468051476825394,0.0,338.0,620.3546999999994,34.271775,16.54543087854954,671.171905878549,131.20000000000078,42.0,844.3719058785498,2262.9167077545135,0.0,27.0,0.0,33.0,82.0,5.0,48.0,73.25480012834022,1308.6149999999993,35.80427916666668,41.199999999999896,13.33333333333334,2.333333333333333,54.53333333333323,40.0,309.0,20.0,117935.8468045652,66.88705469177987,32.75995744571255,0.0,325.0,588.8767499999996,29.2104225,15.833402852442926,633.9205753524425,123.60000000000068,40.0,797.5205753524432,2137.355141944548,0.0,26.0,0.0,31.0,74.0,6789.835794648895,0,3
fixed,high_demand_seasonal,29,103.0,8402.0,67440.23594468817,504.71099999999996,16.54190416666667,26.399999999999945,5.999999999999998,1.5,32.39999999999994,18.0,198.0,0.0,107374.87099676966,91.25692881754415,66.2807845659072,99.0,33.0,227.11995,35.27707500000002,12.75408667082553,275.1511116708255,79.20000000000005,18.0,372.35111167082556,997.9009792778126,0.0,0.0,9.0,0.0,8.0,81.0,8201.0,65574.10216211145,504.71099999999996,16.54190416666667,26.399999999999945,5.999999999999998,1.5,32.39999999999994,18.0,198.0,0.0,107374.87099676966,91.25692881754415,66.2807845659072,99.0,33.0,227.11995,35.27707500000002,12.75408667082553,275.1511116708255,79.20000000000005,18.0,372.35111167082556,997.9009792778126,0.0,0.0,9.0,0.0,8.0,15443.267497976203,0,3
smart,high_demand_seasonal,29,25.0,209.0,938.1621936646272,1877.3859999999995,51.700224999999946,62.26666666666649,19.333333333333332,4.166666666666665,81.59999999999982,58.0,467.0,48.0,181323.47603257163,69.29983083710654,34.736298090530966,0.0,205.0,844.823699999999,41.625112499999986,23.723193738713658,910.1720062387127,186.80000000000157,58.0,1154.9720062387144,3095.324976719755,0.0,33.0,0.0,61.0,53.0,24.0,208.0,936.757497735166,1745.7209999999982,48.054708333333274,57.866666666666504,18.000000000000004,3.8333333333333317,75.8666666666665,54.0,434.0,48.0,167953.34670999835,69.19981992393191,34.558301792180735,0.0,192.0,785.574449999999,38.1839625,21.98328339412195,845.741695894121,173.6000000000014,54.0,1073.3416958941225,2876.5557449962484,0.0,31.0,0.0,60.0,45.0,7996.736213197795,0,3
fixed,event_heavy,29,24.0,2297.0,13455.707027592405,642.9809999999997,20.151537499999996,35.19999999999992,5.999999999999998,1.5,41.19999999999992,18.0,264.0,32.0,101341.85835981296,68.19689767597272,62.55670269124257,33.0,34.0,289.3414499999999,31.40876250000001,14.708064204606243,335.45827670460613,105.60000000000042,18.0,459.05827670460656,1230.2761815683457,0.0,0.0,3.0,0.0,9.0,22.0,2288.0,13394.650426630913,642.9809999999997,20.151537499999996,35.19999999999992,5.999999999999998,1.5,41.19999999999992,18.0,264.0,32.0,101341.85835981296,68.19689767597272,62.55670269124257,33.0,34.0,289.3414499999999,31.40876250000001,14.708064204606243,335.45827670460613,105.60000000000042,18.0,459.05827670460656,1230.2761815683457,0.0,0.0,3.0,0.0,9.0,9223.796191554018,0,3
smart,event_heavy,29,6.0,108.0,147.03849154163254,1334.676999999998,36.659884722222195,40.3999999999999,14.333333333333341,2.0,54.73333333333324,43.0,303.0,24.0,115359.62366335864,68.2156629897507,29.80868828510559,0.0,329.0,600.6046499999995,28.925325000000004,14.570127209814807,644.1001022098144,121.20000000000064,43.0,808.300102209815,2166.2442739223043,0.0,31.0,0.0,30.0,86.0,6.0,108.0,147.03849154163254,1258.0079999999984,34.56950555555555,37.59999999999991,13.666666666666673,1.8333333333333335,51.26666666666658,41.0,282.0,24.0,108910.8600468194,68.39207149535585,29.515138224070302,0.0,315.0,566.1035999999997,27.463252500000007,13.61278178644202,607.1796342864417,112.80000000000052,41.0,760.9796342864422,2039.4254198876652,0.0,30.0,0.0,29.0,77.0,8514.699424059023,0,3
fixed,persistent_multi_day_surge,29,44.0,5201.0,38499.25483334519,573.8459999999998,18.347683333333332,30.79999999999993,5.999999999999998,1.5,36.799999999999926,18.0,231.0,18.0,102023.35281233273,77.22562105195645,62.97737827921774,66.0,35.0,258.2307,33.578662500000014,13.461303155768654,305.27066565576865,92.40000000000023,18.0,415.67066565576886,1113.9973839574607,0.0,0.0,6.0,0.0,9.0,42.0,5181.0,38257.834207366184,573.8459999999998,18.347683333333332,30.79999999999993,5.999999999999998,1.5,36.799999999999926,18.0,231.0,18.0,102023.35281233273,77.22562105195645,62.97737827921774,66.0,35.0,258.2307,33.578662500000014,13.461303155768654,305.27066565576865,92.40000000000023,18.0,415.67066565576886,1113.9973839574607,0.0,0.0,6.0,0.0,9.0,9680.338245243312,0,3
smart,persistent_multi_day_surge,29,11.0,195.0,225.29308275914767,1639.7669999999991,44.93391527777773,50.399999999999864,17.33333333333334,3.333333333333332,67.7333333333332,52.0,378.0,34.0,143283.28988639067,67.58836838933755,30.61608758256211,0.0,264.0,737.8951499999997,38.83488750000001,18.86517660080807,795.5952141008079,151.20000000000107,52.0,998.795214100809,2676.771173790168,0.0,32.0,0.0,52.0,64.0,11.0,195.0,225.29308275914767,1569.8159999999998,42.53612777777775,47.86666666666654,16.666666666666675,3.1666666666666656,64.53333333333322,50.0,359.0,34.0,138489.90210855586,67.72955219490888,30.775533801901304,0.0,251.0,706.4171999999995,33.77353500000001,18.153148574701454,758.3438835747011,143.60000000000096,50.0,951.943883574702,2551.2096079802013,0.0,31.0,0.0,50.0,56.0,6694.36292177147,0,3
fixed,localized_surge,29,49.0,3458.0,22256.779640613466,619.9359999999997,19.550466666666665,33.733333333333256,5.999999999999998,1.5,39.733333333333256,18.0,253.0,23.0,104881.39576688604,73.53534827187696,64.7416023252383,44.0,35.0,278.97119999999995,32.184450000000005,14.757442778619296,325.9130927786193,101.20000000000036,18.0,445.1130927786196,1192.9030886467006,0.0,0.0,4.0,0.0,9.0,47.0,3438.0,22015.359014634465,619.9359999999997,19.550466666666665,33.733333333333256,5.999999999999998,1.5,39.733333333333256,18.0,253.0,23.0,104881.39576688604,73.53534827187696,64.7416023252383,44.0,35.0,278.97119999999995,32.184450000000005,14.757442778619296,325.9130927786193,101.20000000000036,18.0,445.1130927786196,1192.9030886467006,0.0,0.0,4.0,0.0,9.0,9680.338245243312,0,3
smart,localized_surge,29,13.0,168.0,307.5495312023734,1510.404999999999,41.177797222222196,44.933333333333216,16.00000000000001,3.333333333333332,60.93333333333322,48.0,337.0,28.0,127429.49682960213,67.09972248605439,29.497568710556045,0.0,276.0,679.68225,33.06984750000001,16.717817166447,729.469914666447,134.80000000000084,48.0,912.2699146664479,2444.8833713060803,0.0,28.0,0.0,47.0,69.0,13.0,168.0,307.5495312023734,1440.4539999999986,38.78000972222223,42.39999999999989,15.333333333333343,3.1666666666666656,57.733333333333235,46.0,318.0,28.0,122636.10905176737,67.22991341070134,29.622248563228833,0.0,263.0,648.2042999999998,28.008495000000003,16.005789140340383,692.2185841403402,127.20000000000073,46.0,865.418584140341,2319.321805496114,0.0,27.0,0.0,45.0,61.0,9081.467291938396,0,3
fixed,gradual_upward_trend,29,40.0,3216.0,19248.21192209164,619.9359999999997,19.550466666666665,33.733333333333256,5.999999999999998,1.5,39.733333333333256,18.0,253.0,13.0,105697.33455565207,74.37858254151777,65.24526824422968,44.0,34.0,278.97119999999995,32.184450000000005,14.953678317061362,326.10932831706134,101.20000000000036,18.0,445.3093283170617,1193.4289998897254,0.0,0.0,4.0,0.0,9.0,38.0,3196.0,18999.850485672836,619.9359999999997,19.550466666666665,33.733333333333256,5.999999999999998,1.5,39.733333333333256,18.0,253.0,13.0,105697.33455565207,74.37858254151777,65.24526824422968,44.0,34.0,278.97119999999995,32.184450000000005,14.953678317061362,326.10932831706134,101.20000000000036,18.0,445.3093283170617,1193.4289998897254,0.0,0.0,4.0,0.0,9.0,10586.705996950806,0,3
smart,gradual_upward_trend,29,7.0,358.0,400.70673844664293,1563.1879999999994,42.44171111111109,45.866666666666546,17.000000000000007,3.1666666666666656,62.86666666666655,51.0,344.0,38.0,127708.95920712344,65.56107083979416,27.82330265950402,0.0,313.0,703.4345999999991,31.610790000000023,16.012584386562054,751.0579743865612,137.60000000000088,51.0,939.657974386562,2518.283371355986,0.0,32.0,0.0,40.0,75.0,7.0,358.0,400.70673844664293,1493.2369999999992,40.04392361111109,43.33333333333322,16.333333333333343,2.999999999999999,59.666666666666565,49.0,325.0,38.0,122896.60105330142,65.58317465870064,27.867709989410752,0.0,300.0,671.9566499999993,26.549437500000018,15.297765976833903,713.8038534768333,130.00000000000077,49.0,892.8038534768341,2392.7143273179154,0.0,31.0,0.0,38.0,67.0,7422.586529124388,0,3
fixed,abrupt_behavior_change,29,59.0,6583.0,48005.39072365197,527.7559999999997,17.14233333333334,27.866666666666607,5.999999999999998,1.5,33.8666666666666,18.0,209.0,1.0,98677.36656537115,82.10502667339303,60.911954669982194,88.0,33.0,237.49020000000004,34.34422500000001,12.18342032841747,284.01784532841754,83.60000000000011,18.0,385.6178453284176,1033.4558254801593,0.0,0.0,8.0,0.0,9.0,57.0,6563.0,47763.970097672965,527.7559999999997,17.14233333333334,27.866666666666607,5.999999999999998,1.5,33.8666666666666,18.0,209.0,1.0,98677.36656537115,82.10502667339303,60.911954669982194,88.0,33.0,237.49020000000004,34.34422500000001,12.18342032841747,284.01784532841754,83.60000000000011,18.0,385.6178453284176,1033.4558254801593,0.0,0.0,8.0,0.0,9.0,15117.52024423107,0,3
smart,abrupt_behavior_change,29,21.0,352.0,720.2861716336014,1692.8319999999997,44.9228833333333,53.06666666666652,17.66666666666667,3.9999999999999982,70.73333333333319,53.0,398.0,39.0,151823.5611277453,67.28673434238307,31.828838810848076,0.0,220.0,761.7743999999994,21.685747500000005,19.81245831117296,803.2726058111724,159.20000000000118,53.0,1015.4726058111736,2721.466583573945,0.0,29.0,0.0,59.0,56.0,21.0,352.0,720.2861716336014,1622.8809999999999,42.52509583333332,50.533333333333196,17.000000000000007,3.8333333333333317,67.5333333333332,51.0,379.0,39.0,147030.1733499105,67.40534631944901,32.03271750542713,0.0,207.0,730.2964499999996,16.624395000000007,19.100430285066345,766.0212752850659,151.60000000000107,51.0,968.621275285067,2595.9050177639797,0.0,28.0,0.0,57.0,48.0,9256.430233875191,0,3
fixed,traffic_disruption,29,30.0,2457.0,14970.232638608155,642.9809999999997,26.797749375000024,35.19999999999992,5.999999999999998,1.5,41.19999999999992,18.0,264.0,25.0,104999.30155175473,70.90787700001682,64.81438367392268,33.0,34.0,289.3414499999999,140.36425874999998,20.457398947233497,450.1631076972334,105.60000000000042,18.0,573.7631076972339,1537.6851286285869,0.0,0.0,3.0,0.0,9.0,28.0,2437.0,14728.812012629161,642.9809999999997,26.797749375000024,35.19999999999992,5.999999999999998,1.5,41.19999999999992,18.0,264.0,25.0,104999.30155175473,70.90787700001682,64.81438367392268,33.0,34.0,289.3414499999999,140.36425874999998,20.457398947233497,450.1631076972334,105.60000000000042,18.0,573.7631076972339,1537.6851286285869,0.0,0.0,3.0,0.0,9.0,9622.790986814169,0,3
smart,traffic_disruption,29,6.0,48.0,83.6645204341879,1376.160999999999,51.24934875000002,43.466666666666555,14.000000000000007,2.4999999999999996,57.46666666666656,42.0,326.0,18.0,122753.5870912535,67.20557790385286,32.47449393948506,0.0,327.0,619.2724499999994,260.39872800000023,22.20248688584104,901.8736648858406,130.40000000000077,42.0,1074.2736648858413,2879.0534218940547,0.0,27.0,0.0,33.0,80.0,6.0,48.0,83.6645204341879,1306.2099999999991,48.09837750000002,40.93333333333323,13.33333333333334,2.333333333333333,54.266666666666566,40.0,307.0,18.0,117923.64746483775,67.31663398704185,32.75656874023271,0.0,314.0,587.7944999999995,243.4393968750001,21.238571976478624,852.4724688514782,122.80000000000067,40.0,1015.2724688514788,2720.9302165219633,0.0,26.0,0.0,31.0,72.0,6755.073565489406,0,3
fixed,sensor_failure,29,39.0,3102.0,18038.4803984027,619.9459999999997,19.567977777777774,33.733333333333256,5.999999999999998,1.5,39.733333333333256,18.0,253.0,25.0,101873.5065335311,71.7180402998936,62.884880576253764,44.0,126.0,278.97569999999996,31.97139750000001,14.586494424820756,325.5335919248207,101.20000000000036,18.0,444.7335919248211,1191.8860263585207,0.0,0.0,4.0,0.0,9.0,37.0,3082.0,17797.059772423705,619.9459999999997,19.567977777777774,33.733333333333256,5.999999999999998,1.5,39.733333333333256,18.0,253.0,25.0,101873.5065335311,71.7180402998936,62.884880576253764,44.0,126.0,278.97569999999996,31.97139750000001,14.586494424820756,325.5335919248207,101.20000000000036,18.0,444.7335919248211,1191.8860263585207,0.0,0.0,4.0,0.0,9.0,9680.338245243312,0,3
smart,sensor_failure,29,31.0,1215.0,2752.91021578041,1609.5909999999992,40.6025222222222,38.66666666666657,18.333333333333336,3.666666666666665,56.99999999999991,55.0,290.0,25.0,117150.54275091761,70.0680254277548,23.666776313316685,0.0,836.0,724.3159500000002,12.032640000000008,13.535971415895343,749.8845614158955,116.00000000000057,55.0,920.8845614158961,2467.9706245946018,0.0,33.0,0.0,67.0,53.0,30.0,1213.0,2739.4625008418943,1543.393999999999,38.91912777777775,36.39999999999991,17.66666666666667,3.4999999999999987,54.066666666666585,53.0,273.0,25.0,111543.19052946763,70.1290775936431,23.384316672844367,0.0,686.0,694.5273,11.531880000000008,12.858701466086284,718.9178814660862,109.20000000000047,53.0,881.1178814660867,2361.3959223291126,0.0,32.0,0.0,66.0,42.0,9688.872210479094,0,3
fixed,reduced_truck_capacity,29,17.0,7115.0,41320.59614998675,504.71099999999984,16.54318750000001,26.399999999999945,5.999999999999998,1.5,32.39999999999994,18.0,198.0,22.0,75996.81963743764,67.43677846486351,72.17171855407183,99.0,34.0,227.11995,35.591400000000014,13.951099056841663,276.66244905684164,79.20000000000005,18.0,373.8624490568417,1001.9513634723357,0.0,0.0,9.0,0.0,9.0,15.0,7095.0,41079.175524007755,504.71099999999984,16.54318750000001,26.399999999999945,5.999999999999998,1.5,32.39999999999994,18.0,198.0,22.0,75996.81963743764,67.43677846486351,72.17171855407183,99.0,34.0,227.11995,35.591400000000014,13.951099056841663,276.66244905684164,79.20000000000005,18.0,373.8624490568417,1001.9513634723357,0.0,0.0,9.0,0.0,9.0,12274.909389752742,0,3
smart,reduced_truck_capacity,29,9.0,209.0,404.9700380832382,1461.2979999999986,40.888391666666635,43.59999999999989,16.00000000000001,3.333333333333332,59.599999999999895,48.0,327.0,28.0,121645.35743310397,66.21568831132495,43.32099623686039,0.0,309.0,657.5840999999995,39.19113,23.664564729782153,720.4397947297816,130.80000000000078,48.0,899.2397947297824,2409.962649875817,0.0,28.0,0.0,41.0,75.0,9.0,209.0,404.9700380832382,1391.346999999999,38.49060416666666,41.06666666666656,15.333333333333343,3.1666666666666656,56.399999999999906,46.0,308.0,28.0,116851.9696552692,66.29557163833103,43.42325145123345,0.0,296.0,626.1061499999997,34.1297775,22.56913699731044,682.8050644973102,123.20000000000067,46.0,852.005064497311,2283.3735728527936,0.0,27.0,0.0,39.0,67.0,7541.997705989872,0,3
fixed,combined_demand_operational_stress,29,129.0,10158.0,99104.31019575169,547.2179999999995,24.565192500000002,24.666666666666618,5.999999999999998,1.5,30.666666666666615,18.0,182.0,0.0,97038.40227244896,94.78665044760535,92.15422817896388,115.0,127.0,246.24809999999997,136.04256787500003,26.77136496684089,409.0620328418409,73.99999999999997,18.0,501.06203284184085,1342.8462480161336,1.0,0.0,9.0,0.0,9.0,112.0,10002.0,97793.33291413912,547.2179999999995,24.565192500000002,24.666666666666618,5.999999999999998,1.5,30.666666666666615,18.0,182.0,0.0,97038.40227244896,94.78665044760535,92.15422817896388,115.0,127.0,246.24809999999997,136.04256787500003,26.77136496684089,409.0620328418409,73.99999999999997,18.0,501.06203284184085,1342.8462480161336,1.0,0.0,9.0,0.0,9.0,17393.776442940158,0,3
smart,combined_demand_operational_stress,29,134.0,3865.0,30313.95005950476,1719.463999999999,58.62728249999995,47.733333333333206,19.333333333333332,4.166666666666665,67.06666666666653,58.0,358.0,21.0,170810.07323573472,81.09546212444117,50.3419019262407,0.0,619.0,773.7587999999998,283.22917425000026,40.91478095125542,1097.9027552012556,143.20000000000095,58.0,1299.1027552012565,3481.595383939368,0.0,33.0,0.0,79.0,41.0,133.0,3859.0,30301.619323825103,1598.5259999999992,54.19230937499994,44.53333333333322,18.000000000000004,3.8333333333333317,62.53333333333322,54.0,334.0,21.0,161759.06871139258,81.67988210805517,51.20578306786723,0.0,496.0,719.3366999999997,258.7247527500003,38.80770553102653,1016.8691582810264,133.60000000000082,54.0,1204.4691582810274,3227.9773441931534,0.0,31.0,0.0,76.0,32.0,12412.465615901187,0,3
