{
  "type": "FeatureCollection",
  "name": "BinSight representative OSM-road routes",
  "crs_note": "RFC 7946 WGS84 longitude/latitude",
  "attribution": "\u00a9 OpenStreetMap contributors; ODbL",
  "features": [
    {
      "type": "Feature",
      "properties": {
        "policy": "fixed",
        "day": 4,
        "trip": 1,
        "distance_km_for_dispatch": 79.124
      },
      "geometry": {
        "type": "LineString",
        "coordinates": [
          [
            101.552848,
            3.061929
          ],
          [
            101.552803,
            3.062549
          ],
          [
            101.552698,
            3.062811
          ],
          [
            101.552588,
            3.062892
          ],
          [
            101.552408,
            3.062886
          ],
          [
            101.552337,
            3.06288
          ],
          [
            101.550849,
            3.062489
          ],
          [
            101.550912,
            3.062408
          ],
          [
            101.550937,
            3.062311
          ],
          [
            101.551199,
            3.061285
          ],
          [
            101.551416,
            3.060437
          ],
          [
            101.551448,
            3.060312
          ],
          [
            101.551606,
            3.05972
          ],
          [
            101.551628,
            3.059402
          ],
          [
            101.551585,
            3.059182
          ],
          [
            101.551483,
            3.058899
          ],
          [
            101.551385,
            3.058729
          ],
          [
            101.551216,
            3.058547
          ],
          [
            101.550914,
            3.058297
          ],
          [
            101.550406,
            3.057899
          ],
          [
            101.54993,
            3.057536
          ],
          [
            101.549789,
            3.057438
          ],
          [
            101.549666,
            3.057343
          ],
          [
            101.549423,
            3.057164
          ],
          [
            101.548999,
            3.05684
          ],
          [
            101.548842,
            3.056679
          ],
          [
            101.548736,
            3.056508
          ],
          [
            101.548657,
            3.056308
          ],
          [
            101.548449,
            3.055609
          ],
          [
            101.548467,
            3.055467
          ],
          [
            101.548514,
            3.055344
          ],
          [
            101.548604,
            3.055197
          ],
          [
            101.548653,
            3.05516
          ],
          [
            101.548729,
            3.05511
          ],
          [
            101.548812,
            3.05507
          ],
          [
            101.549041,
            3.055014
          ],
          [
            101.549226,
            3.054974
          ],
          [
            101.550239,
            3.054826
          ],
          [
            101.550618,
            3.054776
          ],
          [
            101.550917,
            3.054733
          ],
          [
            101.551468,
            3.054734
          ],
          [
            101.551981,
            3.054763
          ],
          [
            101.552204,
            3.054798
          ],
          [
            101.55247,
            3.054849
          ],
          [
            101.552689,
            3.054919
          ],
          [
            101.553038,
            3.055027
          ],
          [
            101.553168,
            3.055077
          ],
          [
            101.553348,
            3.055158
          ],
          [
            101.553622,
            3.055284
          ],
          [
            101.554236,
            3.055634
          ],
          [
            101.554638,
            3.055874
          ],
          [
            101.554963,
            3.056121
          ],
          [
            101.555319,
            3.05648
          ],
          [
            101.555571,
            3.056783
          ],
          [
            101.555768,
            3.057054
          ],
          [
            101.556026,
            3.057484
          ],
          [
            101.556181,
            3.057801
          ],
          [
            101.556241,
            3.057925
          ],
          [
            101.556266,
            3.057994
          ],
          [
            101.556315,
            3.05813
          ],
          [
            101.556464,
            3.058632
          ],
          [
            101.556532,
            3.058941
          ],
          [
            101.556614,
            3.059315
          ],
          [
            101.556655,
            3.059504
          ],
          [
            101.55669,
            3.059668
          ],
          [
            101.55675,
            3.060127
          ],
          [
            101.556774,
            3.06034
          ],
          [
            101.556795,
            3.060757
          ],
          [
            101.556795,
            3.060841
          ],
          [
            101.556795,
            3.061317
          ],
          [
            101.556754,
            3.062018
          ],
          [
            101.556759,
            3.062236
          ],
          [
            101.556733,
            3.062588
          ],
          [
            101.556643,
            3.063143
          ],
          [
            101.556654,
            3.063225
          ],
          [
            101.55668,
            3.063268
          ],
          [
            101.55671,
            3.063304
          ],
          [
            101.556963,
            3.063356
          ],
          [
            101.557377,
            3.063476
          ],
          [
            101.558114,
            3.063707
          ],
          [
            101.558235,
            3.063759
          ],
          [
            101.558301,
            3.063841
          ],
          [
            101.558329,
            3.063917
          ],
          [
            101.558252,
            3.065445
          ],
          [
            101.558295,
            3.065991
          ],
          [
            101.558351,
            3.066739
          ],
          [
            101.558377,
            3.066813
          ],
          [
            101.558408,
            3.066871
          ],
          [
            101.558445,
            3.066919
          ],
          [
            101.558522,
            3.067003
          ],
          [
            101.558588,
            3.067056
          ],
          [
            101.55867,
            3.067103
          ],
          [
            101.558796,
            3.06713
          ],
          [
            101.55897,
            3.067145
          ],
          [
            101.559738,
            3.067091
          ],
          [
            101.560529,
            3.067067
          ],
          [
            101.561386,
            3.066969
          ],
          [
            101.562815,
            3.066866
          ],
          [
            101.562917,
            3.066858
          ],
          [
            101.563031,
            3.066844
          ],
          [
            101.563067,
            3.066791
          ],
          [
            101.56308,
            3.066733
          ],
          [
            101.563091,
            3.066604
          ],
          [
            101.563044,
            3.066076
          ],
          [
            101.562961,
            3.065037
          ],
          [
            101.562953,
            3.064933
          ],
          [
            101.562945,
            3.064821
          ],
          [
            101.562937,
            3.064722
          ],
          [
            101.562843,
            3.063496
          ],
          [
            101.562855,
            3.063315
          ],
          [
            101.56291,
            3.063118
          ],
          [
            101.563003,
            3.062979
          ],
          [
            101.563041,
            3.062942
          ],
          [
            101.563106,
            3.062881
          ],
          [
            101.56323,
            3.0628
          ],
          [
            101.56344,
            3.062737
          ],
          [
            101.564058,
            3.062683
          ],
          [
            101.56544,
            3.062598
          ],
          [
            101.566236,
            3.062555
          ],
          [
            101.566367,
            3.062547
          ],
          [
            101.566476,
            3.062542
          ],
          [
            101.566651,
            3.0625
          ],
          [
            101.566824,
            3.062438
          ],
          [
            101.567002,
            3.062318
          ],
          [
            101.567127,
            3.062238
          ],
          [
            101.567155,
            3.062221
          ],
          [
            101.567231,
            3.062158
          ],
          [
            101.567281,
            3.062117
          ],
          [
            101.567363,
            3.062049
          ],
          [
            101.567499,
            3.061951
          ],
          [
            101.567847,
            3.061677
          ],
          [
            101.568344,
            3.061317
          ],
          [
            101.569588,
            3.060484
          ],
          [
            101.570194,
            3.060069
          ],
          [
            101.570392,
            3.059932
          ],
          [
            101.570584,
            3.059801
          ],
          [
            101.570832,
            3.059627
          ],
          [
            101.571167,
            3.059386
          ],
          [
            101.571367,
            3.059208
          ],
          [
            101.571541,
            3.058969
          ],
          [
            101.571588,
            3.058853
          ],
          [
            101.571624,
            3.058744
          ],
          [
            101.571647,
            3.058633
          ],
          [
            101.571659,
            3.058523
          ],
          [
            101.571659,
            3.058354
          ],
          [
            101.57161,
            3.057427
          ],
          [
            101.571595,
            3.057178
          ],
          [
            101.57157,
            3.056437
          ],
          [
            101.571531,
            3.055638
          ],
          [
            101.571492,
            3.055006
          ],
          [
            101.571447,
            3.05476
          ],
          [
            101.571333,
            3.054488
          ],
          [
            101.571209,
            3.054311
          ],
          [
            101.571045,
            3.054045
          ],
          [
            101.571021,
            3.053966
          ],
          [
            101.570949,
            3.053731
          ],
          [
            101.570805,
            3.05311
          ],
          [
            101.57074,
            3.05274
          ],
          [
            101.570628,
            3.051948
          ],
          [
            101.570598,
            3.051755
          ],
          [
            101.570553,
            3.051553
          ],
          [
            101.570441,
            3.051005
          ],
          [
            101.570325,
            3.050261
          ],
          [
            101.57029,
            3.050041
          ],
          [
            101.570265,
            3.049831
          ],
          [
            101.570167,
            3.04935
          ],
          [
            101.570142,
            3.049245
          ],
          [
            101.570094,
            3.049117
          ],
          [
            101.569981,
            3.048903
          ],
          [
            101.56972,
            3.048616
          ],
          [
            101.569488,
            3.048346
          ],
          [
            101.56937,
            3.048149
          ],
          [
            101.569324,
            3.047955
          ],
          [
            101.569296,
            3.047734
          ],
          [
            101.569357,
            3.047293
          ],
          [
            101.569447,
            3.04684
          ],
          [
            101.569581,
            3.04646
          ],
          [
            101.5697,
            3.046208
          ],
          [
            101.569753,
            3.046134
          ],
          [
            101.569935,
            3.045911
          ],
          [
            101.570163,
            3.045675
          ],
          [
            101.570396,
            3.045511
          ],
          [
            101.570444,
            3.045477
          ],
          [
            101.570619,
            3.045347
          ],
          [
            101.570779,
            3.045246
          ],
          [
            101.570966,
            3.045155
          ],
          [
            101.571204,
            3.045062
          ],
          [
            101.571406,
            3.045009
          ],
          [
            101.571642,
            3.044957
          ],
          [
            101.571847,
            3.044934
          ],
          [
            101.57219,
            3.044926
          ],
          [
            101.573159,
            3.044934
          ],
          [
            101.573911,
            3.04494
          ],
          [
            101.574696,
            3.044947
          ],
          [
            101.575388,
            3.044952
          ],
          [
            101.575778,
            3.044955
          ],
          [
            101.575911,
            3.044956
          ],
          [
            101.57589,
            3.044849
          ],
          [
            101.57565,
            3.043913
          ],
          [
            101.57583,
            3.043914
          ],
          [
            101.577765,
            3.043915
          ],
          [
            101.577922,
            3.043915
          ],
          [
            101.578455,
            3.043915
          ],
          [
            101.579505,
            3.043915
          ],
          [
            101.579509,
            3.045704
          ],
          [
            101.579511,
            3.046922
          ],
          [
            101.579677,
            3.046926
          ],
          [
            101.579675,
            3.046622
          ],
          [
            101.579673,
            3.04635
          ],
          [
            101.580712,
            3.046349
          ],
          [
            101.580711,
            3.046615
          ],
          [
            101.57972,
            3.046621
          ],
          [
            101.580001,
            3.046619
          ],
          [
            101.580711,
            3.046615
          ],
          [
            101.580712,
            3.046349
          ],
          [
            101.579673,
            3.04635
          ],
          [
            101.579675,
            3.046622
          ],
          [
            101.579677,
            3.046926
          ],
          [
            101.579511,
            3.046922
          ],
          [
            101.579512,
            3.04739
          ],
          [
            101.579514,
            3.04802
          ],
          [
            101.579516,
            3.049164
          ],
          [
            101.579519,
            3.050407
          ],
          [
            101.577288,
            3.050436
          ],
          [
            101.577024,
            3.050439
          ],
          [
            101.576629,
            3.050444
          ],
          [
            101.576505,
            3.050445
          ],
          [
            101.576507,
            3.050559
          ],
          [
            101.576496,
            3.05194
          ],
          [
            101.576483,
            3.054357
          ],
          [
            101.576505,
            3.054637
          ],
          [
            101.576533,
            3.054822
          ],
          [
            101.576624,
            3.055135
          ],
          [
            101.57673,
            3.05537
          ],
          [
            101.576888,
            3.055711
          ],
          [
            101.57705,
            3.055988
          ],
          [
            101.578082,
            3.05747
          ],
          [
            101.578162,
            3.057573
          ],
          [
            101.578304,
            3.057471
          ],
          [
            101.578696,
            3.057199
          ],
          [
            101.578881,
            3.057076
          ],
          [
            101.579108,
            3.056961
          ],
          [
            101.579323,
            3.056887
          ],
          [
            101.579546,
            3.056835
          ],
          [
            101.579794,
            3.056817
          ],
          [
            101.581491,
            3.056811
          ],
          [
            101.58149,
            3.056952
          ],
          [
            101.581489,
            3.057617
          ],
          [
            101.581488,
            3.058
          ],
          [
            101.581488,
            3.058282
          ],
          [
            101.581487,
            3.058812
          ],
          [
            101.581779,
            3.058811
          ],
          [
            101.582066,
            3.058811
          ],
          [
            101.582535,
            3.058809
          ],
          [
            101.584667,
            3.058804
          ],
          [
            101.584667,
            3.058641
          ],
          [
            101.584956,
            3.058642
          ],
          [
            101.585226,
            3.058644
          ],
          [
            101.585226,
            3.058618
          ],
          [
            101.586215,
            3.058623
          ],
          [
            101.586867,
            3.058627
          ],
          [
            101.586864,
            3.059093
          ],
          [
            101.587328,
            3.059093
          ],
          [
            101.587833,
            3.059093
          ],
          [
            101.587871,
            3.059093
          ],
          [
            101.588318,
            3.059093
          ],
          [
            101.5887,
            3.059093
          ],
          [
            101.588821,
            3.059093
          ],
          [
            101.588821,
            3.058638
          ],
          [
            101.588821,
            3.058598
          ],
          [
            101.588822,
            3.058051
          ],
          [
            101.588822,
            3.057746
          ],
          [
            101.588822,
            3.057505
          ],
          [
            101.588822,
            3.056944
          ],
          [
            101.589348,
            3.056944
          ],
          [
            101.589348,
            3.056814
          ],
          [
            101.590755,
            3.056786
          ],
          [
            101.591245,
            3.056777
          ],
          [
            101.591496,
            3.056835
          ],
          [
            101.591595,
            3.056874
          ],
          [
            101.591678,
            3.056925
          ],
          [
            101.591726,
            3.05696
          ],
          [
            101.591748,
            3.056977
          ],
          [
            101.591807,
            3.057042
          ],
          [
            101.591844,
            3.057103
          ],
          [
            101.59188,
            3.057191
          ],
          [
            101.591917,
            3.057329
          ],
          [
            101.591913,
            3.057738
          ],
          [
            101.591918,
            3.058097
          ],
          [
            101.591927,
            3.058634
          ],
          [
            101.591953,
            3.058851
          ],
          [
            101.592023,
            3.059147
          ],
          [
            101.592086,
            3.059344
          ],
          [
            101.592379,
            3.060086
          ],
          [
            101.592554,
            3.06051
          ],
          [
            101.592674,
            3.060785
          ],
          [
            101.592789,
            3.061035
          ],
          [
            101.592872,
            3.061259
          ],
          [
            101.592919,
            3.061439
          ],
          [
            101.592953,
            3.061625
          ],
          [
            101.592966,
            3.061868
          ],
          [
            101.592966,
            3.06215
          ],
          [
            101.593001,
            3.063569
          ],
          [
            101.593007,
            3.065723
          ],
          [
            101.593007,
            3.065764
          ],
          [
            101.592924,
            3.065977
          ],
          [
            101.592917,
            3.066289
          ],
          [
            101.59289,
            3.067461
          ],
          [
            101.592913,
            3.068942
          ],
          [
            101.592918,
            3.06936
          ],
          [
            101.59293,
            3.070486
          ],
          [
            101.59295,
            3.071789
          ],
          [
            101.592965,
            3.072541
          ],
          [
            101.592966,
            3.072607
          ],
          [
            101.592969,
            3.072717
          ],
          [
            101.592963,
            3.072756
          ],
          [
            101.592953,
            3.072803
          ],
          [
            101.592928,
            3.07286
          ],
          [
            101.592896,
            3.072875
          ],
          [
            101.592842,
            3.072907
          ],
          [
            101.592808,
            3.072945
          ],
          [
            101.592782,
            3.072983
          ],
          [
            101.592766,
            3.073033
          ],
          [
            101.592754,
            3.073093
          ],
          [
            101.592745,
            3.073183
          ],
          [
            101.592747,
            3.07328
          ],
          [
            101.592758,
            3.073345
          ],
          [
            101.592767,
            3.073386
          ],
          [
            101.592784,
            3.073428
          ],
          [
            101.592807,
            3.073474
          ],
          [
            101.592823,
            3.0735
          ],
          [
            101.592845,
            3.073526
          ],
          [
            101.592869,
            3.073546
          ],
          [
            101.592897,
            3.073562
          ],
          [
            101.592929,
            3.073582
          ],
          [
            101.593054,
            3.073583
          ],
          [
            101.593116,
            3.073577
          ],
          [
            101.593197,
            3.073557
          ],
          [
            101.593225,
            3.073541
          ],
          [
            101.593266,
            3.073503
          ],
          [
            101.593308,
            3.073452
          ],
          [
            101.593393,
            3.073413
          ],
          [
            101.593477,
            3.073399
          ],
          [
            101.593607,
            3.07339
          ],
          [
            101.593749,
            3.073387
          ],
          [
            101.593967,
            3.073381
          ],
          [
            101.594059,
            3.073388
          ],
          [
            101.594196,
            3.073426
          ],
          [
            101.594302,
            3.073451
          ],
          [
            101.59439,
            3.073467
          ],
          [
            101.595153,
            3.073463
          ],
          [
            101.595912,
            3.073475
          ],
          [
            101.596468,
            3.073425
          ],
          [
            101.597132,
            3.073413
          ],
          [
            101.597603,
            3.073394
          ],
          [
            101.597669,
            3.073382
          ],
          [
            101.597776,
            3.073331
          ],
          [
            101.597912,
            3.073319
          ],
          [
            101.598028,
            3.073309
          ],
          [
            101.598672,
            3.07323
          ],
          [
            101.598867,
            3.073216
          ],
          [
            101.599631,
            3.073232
          ],
          [
            101.600279,
            3.073232
          ],
          [
            101.600704,
            3.073232
          ],
          [
            101.601162,
            3.073242
          ],
          [
            101.601318,
            3.073257
          ],
          [
            101.60241,
            3.073428
          ],
          [
            101.602721,
            3.073481
          ],
          [
            101.603549,
            3.073625
          ],
          [
            101.603687,
            3.073652
          ],
          [
            101.60374,
            3.073663
          ],
          [
            101.604382,
            3.073789
          ],
          [
            101.604625,
            3.073832
          ],
          [
            101.605336,
            3.073943
          ],
          [
            101.606251,
            3.074053
          ],
          [
            101.606831,
            3.074102
          ],
          [
            101.606931,
            3.074108
          ],
          [
            101.608698,
            3.074108
          ],
          [
            101.608745,
            3.074109
          ],
          [
            101.609163,
            3.074105
          ],
          [
            101.609486,
            3.074111
          ],
          [
            101.609817,
            3.074137
          ],
          [
            101.609936,
            3.074204
          ],
          [
            101.609984,
            3.074233
          ],
          [
            101.61004,
            3.074248
          ],
          [
            101.610072,
            3.074254
          ],
          [
            101.610375,
            3.074318
          ],
          [
            101.611916,
            3.074572
          ],
          [
            101.612475,
            3.074658
          ],
          [
            101.61294,
            3.07469
          ],
          [
            101.61319,
            3.074707
          ],
          [
            101.613246,
            3.074685
          ],
          [
            101.613279,
            3.07465
          ],
          [
            101.613296,
            3.074608
          ],
          [
            101.613302,
            3.074553
          ],
          [
            101.613295,
            3.074502
          ],
          [
            101.613272,
            3.074455
          ],
          [
            101.613244,
            3.074424
          ],
          [
            101.61321,
            3.074393
          ],
          [
            101.612851,
            3.074392
          ],
          [
            101.61255,
            3.074358
          ],
          [
            101.610929,
            3.074103
          ],
          [
            101.610182,
            3.073964
          ],
          [
            101.609917,
            3.073917
          ],
          [
            101.609691,
            3.073892
          ],
          [
            101.60954,
            3.073883
          ],
          [
            101.609234,
            3.073873
          ],
          [
            101.609143,
            3.07387
          ],
          [
            101.608705,
            3.073866
          ],
          [
            101.608523,
            3.073863
          ],
          [
            101.608206,
            3.073869
          ],
          [
            101.607787,
            3.073872
          ],
          [
            101.6073,
            3.073879
          ],
          [
            101.607153,
            3.073881
          ],
          [
            101.606947,
            3.073875
          ],
          [
            101.60673,
            3.073855
          ],
          [
            101.606657,
            3.073849
          ],
          [
            101.606356,
            3.073804
          ],
          [
            101.606118,
            3.073764
          ],
          [
            101.605893,
            3.073723
          ],
          [
            101.605386,
            3.073736
          ],
          [
            101.604654,
            3.073624
          ],
          [
            101.604418,
            3.073583
          ],
          [
            101.603903,
            3.073484
          ],
          [
            101.603508,
            3.073388
          ],
          [
            101.603002,
            3.073277
          ],
          [
            101.602716,
            3.073217
          ],
          [
            101.602444,
            3.073181
          ],
          [
            101.60166,
            3.073127
          ],
          [
            101.600862,
            3.073116
          ],
          [
            101.60076,
            3.073116
          ],
          [
            101.598828,
            3.0731
          ],
          [
            101.598055,
            3.073093
          ],
          [
            101.597831,
            3.073091
          ],
          [
            101.597803,
            3.073091
          ],
          [
            101.59754,
            3.072993
          ],
          [
            101.597275,
            3.072977
          ],
          [
            101.597028,
            3.072978
          ],
          [
            101.596592,
            3.072982
          ],
          [
            101.595521,
            3.072992
          ],
          [
            101.593884,
            3.073009
          ],
          [
            101.593705,
            3.073012
          ],
          [
            101.593498,
            3.073015
          ],
          [
            101.593391,
            3.073001
          ],
          [
            101.593282,
            3.072944
          ],
          [
            101.593252,
            3.072911
          ],
          [
            101.593225,
            3.072891
          ],
          [
            101.593188,
            3.072871
          ],
          [
            101.593112,
            3.07285
          ],
          [
            101.593039,
            3.072847
          ],
          [
            101.592928,
            3.07286
          ],
          [
            101.592896,
            3.072875
          ],
          [
            101.592842,
            3.072907
          ],
          [
            101.592808,
            3.072945
          ],
          [
            101.592782,
            3.072983
          ],
          [
            101.592766,
            3.073033
          ],
          [
            101.592754,
            3.073093
          ],
          [
            101.592745,
            3.073183
          ],
          [
            101.592747,
            3.07328
          ],
          [
            101.592758,
            3.073345
          ],
          [
            101.592767,
            3.073386
          ],
          [
            101.592784,
            3.073428
          ],
          [
            101.592807,
            3.073474
          ],
          [
            101.592823,
            3.0735
          ],
          [
            101.592845,
            3.073526
          ],
          [
            101.592869,
            3.073546
          ],
          [
            101.592897,
            3.073562
          ],
          [
            101.592929,
            3.073582
          ],
          [
            101.592945,
            3.073603
          ],
          [
            101.592965,
            3.073625
          ],
          [
            101.592975,
            3.07366
          ],
          [
            101.592977,
            3.073759
          ],
          [
            101.592975,
            3.073858
          ],
          [
            101.592979,
            3.074355
          ],
          [
            101.59298,
            3.074583
          ],
          [
            101.592974,
            3.075484
          ],
          [
            101.592976,
            3.075708
          ],
          [
            101.593001,
            3.078303
          ],
          [
            101.593003,
            3.078471
          ],
          [
            101.592959,
            3.078547
          ],
          [
            101.592921,
            3.078599
          ],
          [
            101.592865,
            3.078645
          ],
          [
            101.592789,
            3.078645
          ],
          [
            101.592468,
            3.078644
          ],
          [
            101.592147,
            3.078644
          ],
          [
            101.591641,
            3.078643
          ],
          [
            101.591385,
            3.078642
          ],
          [
            101.591157,
            3.078642
          ],
          [
            101.590169,
            3.078636
          ],
          [
            101.590072,
            3.078636
          ],
          [
            101.589793,
            3.078635
          ],
          [
            101.589766,
            3.078635
          ],
          [
            101.589139,
            3.078634
          ],
          [
            101.589139,
            3.078415
          ],
          [
            101.589138,
            3.077432
          ],
          [
            101.589138,
            3.077372
          ],
          [
            101.589138,
            3.077027
          ],
          [
            101.589138,
            3.076768
          ],
          [
            101.588903,
            3.076529
          ],
          [
            101.58874,
            3.076363
          ],
          [
            101.588738,
            3.076361
          ],
          [
            101.588498,
            3.076117
          ],
          [
            101.58826,
            3.075876
          ],
          [
            101.588182,
            3.075876
          ],
          [
            101.587433,
            3.075876
          ],
          [
            101.587381,
            3.075876
          ],
          [
            101.586395,
            3.075876
          ],
          [
            101.586396,
            3.075831
          ],
          [
            101.586399,
            3.075528
          ],
          [
            101.58641,
            3.075218
          ],
          [
            101.586412,
            3.075197
          ],
          [
            101.586411,
            3.075113
          ],
          [
            101.586267,
            3.075112
          ],
          [
            101.586176,
            3.075112
          ],
          [
            101.586179,
            3.074203
          ],
          [
            101.586175,
            3.073921
          ],
          [
            101.586174,
            3.073793
          ],
          [
            101.586172,
            3.073466
          ],
          [
            101.586172,
            3.073424
          ],
          [
            101.586173,
            3.073011
          ],
          [
            101.586173,
            3.072982
          ],
          [
            101.586177,
            3.072678
          ],
          [
            101.58619,
            3.071798
          ],
          [
            101.586358,
            3.071805
          ],
          [
            101.586746,
            3.071805
          ],
          [
            101.588739,
            3.071805
          ],
          [
            101.588805,
            3.071805
          ],
          [
            101.588853,
            3.071794
          ],
          [
            101.588894,
            3.071774
          ],
          [
            101.588913,
            3.07174
          ],
          [
            101.588924,
            3.071694
          ],
          [
            101.588931,
            3.071486
          ],
          [
            101.588928,
            3.071247
          ],
          [
            101.588896,
            3.07116
          ],
          [
            101.588788,
            3.071131
          ],
          [
            101.5877,
            3.071135
          ],
          [
            101.586421,
            3.071139
          ],
          [
            101.586358,
            3.07114
          ],
          [
            101.586358,
            3.071805
          ],
          [
            101.586359,
            3.071878
          ],
          [
            101.586359,
            3.072464
          ],
          [
            101.586356,
            3.072561
          ],
          [
            101.586357,
            3.072677
          ],
          [
            101.586416,
            3.072791
          ],
          [
            101.586505,
            3.072876
          ],
          [
            101.586649,
            3.072907
          ],
          [
            101.587103,
            3.072907
          ],
          [
            101.587271,
            3.072908
          ],
          [
            101.587277,
            3.073011
          ],
          [
            101.58649,
            3.073015
          ],
          [
            101.586447,
            3.073015
          ],
          [
            101.586173,
            3.073011
          ],
          [
            101.586063,
            3.07301
          ],
          [
            101.58607,
            3.073424
          ],
          [
            101.58607,
            3.073465
          ],
          [
            101.586067,
            3.073806
          ],
          [
            101.586063,
            3.07417
          ],
          [
            101.586057,
            3.074498
          ],
          [
            101.585873,
            3.074497
          ],
          [
            101.585862,
            3.074884
          ],
          [
            101.585858,
            3.075019
          ],
          [
            101.585866,
            3.075553
          ],
          [
            101.585859,
            3.076116
          ],
          [
            101.58434,
            3.076131
          ],
          [
            101.584349,
            3.076501
          ],
          [
            101.584354,
            3.076737
          ],
          [
            101.584366,
            3.077301
          ],
          [
            101.584378,
            3.077789
          ],
          [
            101.582721,
            3.077805
          ],
          [
            101.582465,
            3.077808
          ],
          [
            101.582082,
            3.077811
          ],
          [
            101.582084,
            3.077403
          ],
          [
            101.581608,
            3.077403
          ],
          [
            101.581293,
            3.077401
          ],
          [
            101.580497,
            3.077389
          ],
          [
            101.580181,
            3.077398
          ],
          [
            101.579843,
            3.077411
          ],
          [
            101.579671,
            3.077461
          ],
          [
            101.579519,
            3.076914
          ],
          [
            101.579282,
            3.076062
          ],
          [
            101.579062,
            3.075269
          ],
          [
            101.578976,
            3.074959
          ],
          [
            101.578872,
            3.074584
          ],
          [
            101.578805,
            3.074338
          ],
          [
            101.578761,
            3.074157
          ],
          [
            101.5787,
            3.073833
          ],
          [
            101.578679,
            3.073483
          ],
          [
            101.578776,
            3.072963
          ],
          [
            101.578848,
            3.072688
          ],
          [
            101.579071,
            3.072217
          ],
          [
            101.579202,
            3.072009
          ],
          [
            101.579668,
            3.071533
          ],
          [
            101.580117,
            3.07114
          ],
          [
            101.580668,
            3.070659
          ],
          [
            101.580831,
            3.070467
          ],
          [
            101.580939,
            3.070301
          ],
          [
            101.581067,
            3.07006
          ],
          [
            101.581119,
            3.069813
          ],
          [
            101.581122,
            3.069548
          ],
          [
            101.581083,
            3.069281
          ],
          [
            101.58101,
            3.069056
          ],
          [
            101.580912,
            3.068862
          ],
          [
            101.580723,
            3.06861
          ],
          [
            101.580528,
            3.068335
          ],
          [
            101.580406,
            3.068107
          ],
          [
            101.580333,
            3.067853
          ],
          [
            101.580268,
            3.067497
          ],
          [
            101.580232,
            3.067084
          ],
          [
            101.58031,
            3.065456
          ],
          [
            101.580315,
            3.065354
          ],
          [
            101.580195,
            3.065349
          ],
          [
            101.57922,
            3.06535
          ],
          [
            101.578758,
            3.06535
          ],
          [
            101.578676,
            3.06535
          ],
          [
            101.578254,
            3.065351
          ],
          [
            101.577316,
            3.065351
          ],
          [
            101.577113,
            3.065351
          ],
          [
            101.576898,
            3.065352
          ],
          [
            101.57675,
            3.065362
          ],
          [
            101.576611,
            3.065391
          ],
          [
            101.576507,
            3.065415
          ],
          [
            101.576251,
            3.065483
          ],
          [
            101.576022,
            3.065544
          ],
          [
            101.575745,
            3.06562
          ],
          [
            101.575694,
            3.065634
          ],
          [
            101.575689,
            3.065755
          ],
          [
            101.575056,
            3.065767
          ],
          [
            101.574433,
            3.065778
          ],
          [
            101.574432,
            3.066033
          ],
          [
            101.574436,
            3.066052
          ],
          [
            101.574445,
            3.066065
          ],
          [
            101.574445,
            3.066065
          ],
          [
            101.575046,
            3.066054
          ],
          [
            101.575056,
            3.065767
          ],
          [
            101.575689,
            3.065755
          ],
          [
            101.576633,
            3.065506
          ],
          [
            101.576666,
            3.065746
          ],
          [
            101.576713,
            3.065764
          ],
          [
            101.577347,
            3.065767
          ],
          [
            101.578029,
            3.065769
          ],
          [
            101.57803,
            3.06588
          ],
          [
            101.578031,
            3.066076
          ],
          [
            101.578032,
            3.066232
          ],
          [
            101.578104,
            3.066303
          ],
          [
            101.578221,
            3.066422
          ],
          [
            101.578519,
            3.066908
          ],
          [
            101.578857,
            3.067433
          ],
          [
            101.578819,
            3.067717
          ],
          [
            101.578797,
            3.067696
          ],
          [
            101.578737,
            3.067641
          ],
          [
            101.578597,
            3.067582
          ],
          [
            101.577004,
            3.067642
          ],
          [
            101.576775,
            3.067679
          ],
          [
            101.576471,
            3.067823
          ],
          [
            101.575678,
            3.068841
          ],
          [
            101.575977,
            3.068984
          ],
          [
            101.576029,
            3.069011
          ],
          [
            101.576082,
            3.069045
          ],
          [
            101.576128,
            3.069102
          ],
          [
            101.576163,
            3.069182
          ],
          [
            101.576177,
            3.069262
          ],
          [
            101.576174,
            3.069329
          ],
          [
            101.57615,
            3.069409
          ],
          [
            101.576106,
            3.06948
          ],
          [
            101.576047,
            3.069537
          ],
          [
            101.575976,
            3.069577
          ],
          [
            101.575913,
            3.069595
          ],
          [
            101.575847,
            3.069601
          ],
          [
            101.575748,
            3.069583
          ],
          [
            101.575679,
            3.069552
          ],
          [
            101.574249,
            3.068856
          ],
          [
            101.573956,
            3.068861
          ],
          [
            101.573823,
            3.068863
          ],
          [
            101.573822,
            3.068965
          ],
          [
            101.573832,
            3.069298
          ],
          [
            101.573838,
            3.069602
          ],
          [
            101.573847,
            3.069716
          ],
          [
            101.574338,
            3.069709
          ],
          [
            101.574472,
            3.069727
          ],
          [
            101.575142,
            3.07009
          ],
          [
            101.575186,
            3.070135
          ],
          [
            101.575352,
            3.070513
          ],
          [
            101.576305,
            3.070492
          ],
          [
            101.576468,
            3.070487
          ],
          [
            101.576714,
            3.070445
          ],
          [
            101.576837,
            3.070402
          ],
          [
            101.576953,
            3.070345
          ],
          [
            101.577019,
            3.070463
          ],
          [
            101.577053,
            3.070587
          ],
          [
            101.577066,
            3.070761
          ],
          [
            101.577113,
            3.071015
          ],
          [
            101.57708,
            3.071253
          ],
          [
            101.576873,
            3.071574
          ],
          [
            101.576647,
            3.071705
          ],
          [
            101.576446,
            3.071887
          ],
          [
            101.576346,
            3.072024
          ],
          [
            101.576268,
            3.072163
          ],
          [
            101.576221,
            3.072262
          ],
          [
            101.576182,
            3.072442
          ],
          [
            101.576169,
            3.07261
          ],
          [
            101.576176,
            3.072772
          ],
          [
            101.575163,
            3.072865
          ],
          [
            101.575014,
            3.072882
          ],
          [
            101.574982,
            3.072901
          ],
          [
            101.574974,
            3.07293
          ],
          [
            101.574974,
            3.073379
          ],
          [
            101.574939,
            3.073706
          ],
          [
            101.574829,
            3.073932
          ],
          [
            101.574215,
            3.074738
          ],
          [
            101.574214,
            3.074749
          ],
          [
            101.574215,
            3.074758
          ],
          [
            101.57427,
            3.074802
          ],
          [
            101.574665,
            3.075078
          ],
          [
            101.575087,
            3.075413
          ],
          [
            101.575182,
            3.075489
          ],
          [
            101.575341,
            3.07528
          ],
          [
            101.575562,
            3.074988
          ],
          [
            101.575651,
            3.074875
          ],
          [
            101.57574,
            3.074763
          ],
          [
            101.57578,
            3.07474
          ],
          [
            101.575836,
            3.07473
          ],
          [
            101.576472,
            3.074824
          ],
          [
            101.577234,
            3.074929
          ],
          [
            101.577257,
            3.074754
          ],
          [
            101.577266,
            3.07468
          ],
          [
            101.577288,
            3.07451
          ],
          [
            101.578209,
            3.074595
          ],
          [
            101.578273,
            3.074595
          ],
          [
            101.578341,
            3.07458
          ],
          [
            101.578535,
            3.074533
          ],
          [
            101.578658,
            3.074506
          ],
          [
            101.579258,
            3.076401
          ],
          [
            101.579465,
            3.0771
          ],
          [
            101.579488,
            3.077203
          ],
          [
            101.579536,
            3.077404
          ],
          [
            101.579573,
            3.077692
          ],
          [
            101.579583,
            3.077848
          ],
          [
            101.579593,
            3.078016
          ],
          [
            101.579594,
            3.078077
          ],
          [
            101.579629,
            3.078174
          ],
          [
            101.579497,
            3.080071
          ],
          [
            101.579434,
            3.080607
          ],
          [
            101.579346,
            3.081268
          ],
          [
            101.579309,
            3.081671
          ],
          [
            101.579284,
            3.081999
          ],
          [
            101.579231,
            3.082692
          ],
          [
            101.57923,
            3.082847
          ],
          [
            101.579242,
            3.08297
          ],
          [
            101.57927,
            3.083165
          ],
          [
            101.579284,
            3.083441
          ],
          [
            101.57927,
            3.083729
          ],
          [
            101.579241,
            3.084068
          ],
          [
            101.579225,
            3.08424
          ],
          [
            101.579185,
            3.08442
          ],
          [
            101.579061,
            3.084787
          ],
          [
            101.579005,
            3.084953
          ],
          [
            101.578647,
            3.085968
          ],
          [
            101.578312,
            3.086765
          ],
          [
            101.578182,
            3.087089
          ],
          [
            101.577442,
            3.089053
          ],
          [
            101.577037,
            3.090072
          ],
          [
            101.576922,
            3.090146
          ],
          [
            101.576847,
            3.090172
          ],
          [
            101.576751,
            3.090169
          ],
          [
            101.576516,
            3.090049
          ],
          [
            101.576172,
            3.089842
          ],
          [
            101.575935,
            3.0897
          ],
          [
            101.575277,
            3.089308
          ],
          [
            101.574205,
            3.088636
          ],
          [
            101.573458,
            3.088218
          ],
          [
            101.572652,
            3.087685
          ],
          [
            101.572398,
            3.087416
          ],
          [
            101.572233,
            3.087199
          ],
          [
            101.571779,
            3.086577
          ],
          [
            101.571682,
            3.086443
          ],
          [
            101.571553,
            3.086218
          ],
          [
            101.571467,
            3.086004
          ],
          [
            101.571443,
            3.085941
          ],
          [
            101.57106,
            3.084927
          ],
          [
            101.570802,
            3.084311
          ],
          [
            101.570727,
            3.084186
          ],
          [
            101.570572,
            3.083919
          ],
          [
            101.570475,
            3.083745
          ],
          [
            101.57032,
            3.083556
          ],
          [
            101.570235,
            3.083475
          ],
          [
            101.570085,
            3.083349
          ],
          [
            101.569946,
            3.083312
          ],
          [
            101.56975,
            3.083277
          ],
          [
            101.569263,
            3.083285
          ],
          [
            101.569068,
            3.083272
          ],
          [
            101.568899,
            3.083228
          ],
          [
            101.56874,
            3.083174
          ],
          [
            101.568525,
            3.083026
          ],
          [
            101.568218,
            3.082716
          ],
          [
            101.567984,
            3.082551
          ],
          [
            101.567866,
            3.082467
          ],
          [
            101.567756,
            3.082395
          ],
          [
            101.567507,
            3.082253
          ],
          [
            101.56717,
            3.082138
          ],
          [
            101.56688,
            3.08209
          ],
          [
            101.566614,
            3.082095
          ],
          [
            101.566174,
            3.082149
          ],
          [
            101.565474,
            3.082258
          ],
          [
            101.564473,
            3.08225
          ],
          [
            101.564371,
            3.082249
          ],
          [
            101.564309,
            3.082249
          ],
          [
            101.5642,
            3.082246
          ],
          [
            101.564147,
            3.082247
          ],
          [
            101.563993,
            3.082248
          ],
          [
            101.563819,
            3.082253
          ],
          [
            101.563607,
            3.082253
          ],
          [
            101.563353,
            3.082253
          ],
          [
            101.563248,
            3.082254
          ],
          [
            101.561487,
            3.082254
          ],
          [
            101.561006,
            3.082259
          ],
          [
            101.560426,
            3.082258
          ],
          [
            101.560224,
            3.082258
          ],
          [
            101.560098,
            3.082257
          ],
          [
            101.560022,
            3.082257
          ],
          [
            101.559197,
            3.082256
          ],
          [
            101.558909,
            3.082255
          ],
          [
            101.558304,
            3.082255
          ],
          [
            101.557522,
            3.082253
          ],
          [
            101.555465,
            3.082226
          ],
          [
            101.555329,
            3.08219
          ],
          [
            101.555197,
            3.082083
          ],
          [
            101.55511,
            3.081923
          ],
          [
            101.555093,
            3.081779
          ],
          [
            101.555132,
            3.081084
          ],
          [
            101.555079,
            3.080969
          ],
          [
            101.555027,
            3.080915
          ],
          [
            101.555037,
            3.080794
          ],
          [
            101.555076,
            3.080368
          ],
          [
            101.555246,
            3.078985
          ],
          [
            101.555296,
            3.078318
          ],
          [
            101.555302,
            3.078253
          ],
          [
            101.555362,
            3.077613
          ],
          [
            101.555506,
            3.07631
          ],
          [
            101.555524,
            3.076153
          ],
          [
            101.55559,
            3.075504
          ],
          [
            101.555603,
            3.075375
          ],
          [
            101.555642,
            3.074985
          ],
          [
            101.555655,
            3.074862
          ],
          [
            101.555423,
            3.074826
          ],
          [
            101.554925,
            3.074655
          ],
          [
            101.554787,
            3.074614
          ],
          [
            101.554482,
            3.07453
          ],
          [
            101.554161,
            3.074459
          ],
          [
            101.553808,
            3.074445
          ],
          [
            101.553554,
            3.074422
          ],
          [
            101.553366,
            3.074419
          ],
          [
            101.553133,
            3.074445
          ],
          [
            101.551318,
            3.073961
          ],
          [
            101.550819,
            3.073736
          ],
          [
            101.550546,
            3.073614
          ],
          [
            101.550216,
            3.073459
          ],
          [
            101.549915,
            3.073284
          ],
          [
            101.549692,
            3.073117
          ],
          [
            101.549434,
            3.07292
          ],
          [
            101.54913,
            3.072713
          ],
          [
            101.549098,
            3.072692
          ],
          [
            101.548186,
            3.072102
          ],
          [
            101.547987,
            3.071963
          ],
          [
            101.547637,
            3.071692
          ],
          [
            101.547502,
            3.071518
          ],
          [
            101.547379,
            3.071359
          ],
          [
            101.54728,
            3.071228
          ],
          [
            101.547066,
            3.070897
          ],
          [
            101.547011,
            3.070802
          ],
          [
            101.546112,
            3.069266
          ],
          [
            101.545651,
            3.068519
          ],
          [
            101.545343,
            3.068108
          ],
          [
            101.54504,
            3.06773
          ],
          [
            101.544755,
            3.067397
          ],
          [
            101.544599,
            3.067254
          ],
          [
            101.544373,
            3.067093
          ],
          [
            101.543889,
            3.066747
          ],
          [
            101.543164,
            3.06623
          ],
          [
            101.542393,
            3.065744
          ],
          [
            101.541936,
            3.065518
          ],
          [
            101.541045,
            3.06519
          ],
          [
            101.540878,
            3.065063
          ],
          [
            101.5408,
            3.064988
          ],
          [
            101.540783,
            3.064902
          ],
          [
            101.540749,
            3.064822
          ],
          [
            101.540658,
            3.064594
          ],
          [
            101.540657,
            3.064478
          ],
          [
            101.540674,
            3.064363
          ],
          [
            101.540803,
            3.063992
          ],
          [
            101.540917,
            3.063701
          ],
          [
            101.540967,
            3.063508
          ],
          [
            101.541098,
            3.062623
          ],
          [
            101.541275,
            3.061426
          ],
          [
            101.541334,
            3.060951
          ],
          [
            101.541565,
            3.059642
          ],
          [
            101.541935,
            3.058419
          ],
          [
            101.542067,
            3.058244
          ],
          [
            101.542131,
            3.058202
          ],
          [
            101.54219,
            3.058199
          ],
          [
            101.542264,
            3.05821
          ],
          [
            101.544293,
            3.058933
          ],
          [
            101.544876,
            3.059136
          ],
          [
            101.545017,
            3.059171
          ],
          [
            101.545254,
            3.059203
          ],
          [
            101.545397,
            3.05917
          ],
          [
            101.545512,
            3.059126
          ],
          [
            101.545667,
            3.059009
          ],
          [
            101.545806,
            3.058878
          ],
          [
            101.54589,
            3.058699
          ],
          [
            101.546281,
            3.057596
          ],
          [
            101.546489,
            3.057028
          ],
          [
            101.546988,
            3.055711
          ],
          [
            101.547431,
            3.054445
          ],
          [
            101.547488,
            3.054361
          ],
          [
            101.54752,
            3.054329
          ],
          [
            101.547552,
            3.054314
          ],
          [
            101.547668,
            3.05429
          ],
          [
            101.547921,
            3.054372
          ],
          [
            101.548149,
            3.054536
          ],
          [
            101.548177,
            3.054619
          ],
          [
            101.548151,
            3.054841
          ],
          [
            101.548173,
            3.055003
          ],
          [
            101.548587,
            3.056272
          ],
          [
            101.548693,
            3.056548
          ],
          [
            101.548754,
            3.056647
          ],
          [
            101.54882,
            3.056749
          ],
          [
            101.54896,
            3.056891
          ],
          [
            101.54975,
            3.057489
          ],
          [
            101.55099,
            3.058444
          ],
          [
            101.551314,
            3.058754
          ],
          [
            101.551465,
            3.059009
          ],
          [
            101.551565,
            3.05941
          ],
          [
            101.551555,
            3.05971
          ],
          [
            101.551398,
            3.060294
          ],
          [
            101.550842,
            3.062384
          ],
          [
            101.550849,
            3.062489
          ],
          [
            101.552337,
            3.06288
          ],
          [
            101.552408,
            3.062886
          ],
          [
            101.552588,
            3.062892
          ],
          [
            101.552698,
            3.062811
          ],
          [
            101.552803,
            3.062549
          ],
          [
            101.552848,
            3.061929
          ]
        ]
      }
    },
    {
      "type": "Feature",
      "properties": {
        "policy": "fixed",
        "day": 4,
        "trip": 2,
        "distance_km_for_dispatch": 79.124
      },
      "geometry": {
        "type": "LineString",
        "coordinates": [
          [
            101.552848,
            3.061929
          ],
          [
            101.552803,
            3.062549
          ],
          [
            101.552698,
            3.062811
          ],
          [
            101.552588,
            3.062892
          ],
          [
            101.552408,
            3.062886
          ],
          [
            101.552337,
            3.06288
          ],
          [
            101.550849,
            3.062489
          ],
          [
            101.550912,
            3.062408
          ],
          [
            101.550937,
            3.062311
          ],
          [
            101.551199,
            3.061285
          ],
          [
            101.551416,
            3.060437
          ],
          [
            101.551448,
            3.060312
          ],
          [
            101.551606,
            3.05972
          ],
          [
            101.551628,
            3.059402
          ],
          [
            101.551585,
            3.059182
          ],
          [
            101.551483,
            3.058899
          ],
          [
            101.551385,
            3.058729
          ],
          [
            101.551216,
            3.058547
          ],
          [
            101.550914,
            3.058297
          ],
          [
            101.550406,
            3.057899
          ],
          [
            101.54993,
            3.057536
          ],
          [
            101.549789,
            3.057438
          ],
          [
            101.549666,
            3.057343
          ],
          [
            101.549423,
            3.057164
          ],
          [
            101.548999,
            3.05684
          ],
          [
            101.548842,
            3.056679
          ],
          [
            101.548736,
            3.056508
          ],
          [
            101.548657,
            3.056308
          ],
          [
            101.548449,
            3.055609
          ],
          [
            101.548467,
            3.055467
          ],
          [
            101.548514,
            3.055344
          ],
          [
            101.548604,
            3.055197
          ],
          [
            101.548653,
            3.05516
          ],
          [
            101.548729,
            3.05511
          ],
          [
            101.548812,
            3.05507
          ],
          [
            101.549041,
            3.055014
          ],
          [
            101.549226,
            3.054974
          ],
          [
            101.550239,
            3.054826
          ],
          [
            101.550618,
            3.054776
          ],
          [
            101.550917,
            3.054733
          ],
          [
            101.551468,
            3.054734
          ],
          [
            101.551981,
            3.054763
          ],
          [
            101.552204,
            3.054798
          ],
          [
            101.55247,
            3.054849
          ],
          [
            101.552689,
            3.054919
          ],
          [
            101.553038,
            3.055027
          ],
          [
            101.553168,
            3.055077
          ],
          [
            101.553348,
            3.055158
          ],
          [
            101.553622,
            3.055284
          ],
          [
            101.554236,
            3.055634
          ],
          [
            101.554638,
            3.055874
          ],
          [
            101.554963,
            3.056121
          ],
          [
            101.555319,
            3.05648
          ],
          [
            101.555571,
            3.056783
          ],
          [
            101.555768,
            3.057054
          ],
          [
            101.556026,
            3.057484
          ],
          [
            101.556181,
            3.057801
          ],
          [
            101.556241,
            3.057925
          ],
          [
            101.556266,
            3.057994
          ],
          [
            101.556315,
            3.05813
          ],
          [
            101.556464,
            3.058632
          ],
          [
            101.556532,
            3.058941
          ],
          [
            101.556614,
            3.059315
          ],
          [
            101.556655,
            3.059504
          ],
          [
            101.55669,
            3.059668
          ],
          [
            101.55675,
            3.060127
          ],
          [
            101.556774,
            3.06034
          ],
          [
            101.556795,
            3.060757
          ],
          [
            101.556795,
            3.060841
          ],
          [
            101.556795,
            3.061317
          ],
          [
            101.556754,
            3.062018
          ],
          [
            101.556759,
            3.062236
          ],
          [
            101.556733,
            3.062588
          ],
          [
            101.556643,
            3.063143
          ],
          [
            101.556654,
            3.063225
          ],
          [
            101.55668,
            3.063268
          ],
          [
            101.55671,
            3.063304
          ],
          [
            101.556963,
            3.063356
          ],
          [
            101.557377,
            3.063476
          ],
          [
            101.558114,
            3.063707
          ],
          [
            101.558235,
            3.063759
          ],
          [
            101.558301,
            3.063841
          ],
          [
            101.558329,
            3.063917
          ],
          [
            101.558252,
            3.065445
          ],
          [
            101.558295,
            3.065991
          ],
          [
            101.558351,
            3.066739
          ],
          [
            101.558377,
            3.066813
          ],
          [
            101.558408,
            3.066871
          ],
          [
            101.558445,
            3.066919
          ],
          [
            101.558522,
            3.067003
          ],
          [
            101.558588,
            3.067056
          ],
          [
            101.55867,
            3.067103
          ],
          [
            101.558796,
            3.06713
          ],
          [
            101.55897,
            3.067145
          ],
          [
            101.559738,
            3.067091
          ],
          [
            101.560529,
            3.067067
          ],
          [
            101.561386,
            3.066969
          ],
          [
            101.562815,
            3.066866
          ],
          [
            101.562917,
            3.066858
          ],
          [
            101.563031,
            3.066844
          ],
          [
            101.563067,
            3.066791
          ],
          [
            101.56308,
            3.066733
          ],
          [
            101.563091,
            3.066604
          ],
          [
            101.563044,
            3.066076
          ],
          [
            101.562961,
            3.065037
          ],
          [
            101.562953,
            3.064933
          ],
          [
            101.562945,
            3.064821
          ],
          [
            101.562937,
            3.064722
          ],
          [
            101.562843,
            3.063496
          ],
          [
            101.562855,
            3.063315
          ],
          [
            101.56291,
            3.063118
          ],
          [
            101.563003,
            3.062979
          ],
          [
            101.563041,
            3.062942
          ],
          [
            101.563106,
            3.062881
          ],
          [
            101.56323,
            3.0628
          ],
          [
            101.56344,
            3.062737
          ],
          [
            101.564058,
            3.062683
          ],
          [
            101.56544,
            3.062598
          ],
          [
            101.566236,
            3.062555
          ],
          [
            101.566367,
            3.062547
          ],
          [
            101.566476,
            3.062542
          ],
          [
            101.566651,
            3.0625
          ],
          [
            101.566824,
            3.062438
          ],
          [
            101.567002,
            3.062318
          ],
          [
            101.567127,
            3.062238
          ],
          [
            101.567155,
            3.062221
          ],
          [
            101.567231,
            3.062158
          ],
          [
            101.567281,
            3.062117
          ],
          [
            101.567363,
            3.062049
          ],
          [
            101.567499,
            3.061951
          ],
          [
            101.567847,
            3.061677
          ],
          [
            101.568344,
            3.061317
          ],
          [
            101.569588,
            3.060484
          ],
          [
            101.570194,
            3.060069
          ],
          [
            101.570392,
            3.059932
          ],
          [
            101.570584,
            3.059801
          ],
          [
            101.570832,
            3.059627
          ],
          [
            101.571167,
            3.059386
          ],
          [
            101.571367,
            3.059208
          ],
          [
            101.571541,
            3.058969
          ],
          [
            101.571588,
            3.058853
          ],
          [
            101.571624,
            3.058744
          ],
          [
            101.571647,
            3.058633
          ],
          [
            101.571659,
            3.058523
          ],
          [
            101.571659,
            3.058354
          ],
          [
            101.57161,
            3.057427
          ],
          [
            101.571595,
            3.057178
          ],
          [
            101.57157,
            3.056437
          ],
          [
            101.571531,
            3.055638
          ],
          [
            101.571492,
            3.055006
          ],
          [
            101.571447,
            3.05476
          ],
          [
            101.571333,
            3.054488
          ],
          [
            101.571209,
            3.054311
          ],
          [
            101.571045,
            3.054045
          ],
          [
            101.571021,
            3.053966
          ],
          [
            101.570949,
            3.053731
          ],
          [
            101.570805,
            3.05311
          ],
          [
            101.57074,
            3.05274
          ],
          [
            101.570628,
            3.051948
          ],
          [
            101.570598,
            3.051755
          ],
          [
            101.570553,
            3.051553
          ],
          [
            101.570441,
            3.051005
          ],
          [
            101.570325,
            3.050261
          ],
          [
            101.57029,
            3.050041
          ],
          [
            101.570265,
            3.049831
          ],
          [
            101.570167,
            3.04935
          ],
          [
            101.570142,
            3.049245
          ],
          [
            101.570094,
            3.049117
          ],
          [
            101.569981,
            3.048903
          ],
          [
            101.56972,
            3.048616
          ],
          [
            101.569488,
            3.048346
          ],
          [
            101.56937,
            3.048149
          ],
          [
            101.569324,
            3.047955
          ],
          [
            101.569296,
            3.047734
          ],
          [
            101.569357,
            3.047293
          ],
          [
            101.569447,
            3.04684
          ],
          [
            101.569581,
            3.04646
          ],
          [
            101.5697,
            3.046208
          ],
          [
            101.569753,
            3.046134
          ],
          [
            101.569935,
            3.045911
          ],
          [
            101.570163,
            3.045675
          ],
          [
            101.570396,
            3.045511
          ],
          [
            101.570444,
            3.045477
          ],
          [
            101.570619,
            3.045347
          ],
          [
            101.570779,
            3.045246
          ],
          [
            101.570966,
            3.045155
          ],
          [
            101.571204,
            3.045062
          ],
          [
            101.571406,
            3.045009
          ],
          [
            101.571642,
            3.044957
          ],
          [
            101.571847,
            3.044934
          ],
          [
            101.57219,
            3.044926
          ],
          [
            101.573159,
            3.044934
          ],
          [
            101.573911,
            3.04494
          ],
          [
            101.574696,
            3.044947
          ],
          [
            101.575388,
            3.044952
          ],
          [
            101.575778,
            3.044955
          ],
          [
            101.575911,
            3.044956
          ],
          [
            101.57589,
            3.044849
          ],
          [
            101.57565,
            3.043913
          ],
          [
            101.57583,
            3.043914
          ],
          [
            101.577765,
            3.043915
          ],
          [
            101.577922,
            3.043915
          ],
          [
            101.578455,
            3.043915
          ],
          [
            101.579505,
            3.043915
          ],
          [
            101.579509,
            3.045704
          ],
          [
            101.579511,
            3.046922
          ],
          [
            101.579677,
            3.046926
          ],
          [
            101.579675,
            3.046622
          ],
          [
            101.579673,
            3.04635
          ],
          [
            101.580712,
            3.046349
          ],
          [
            101.580711,
            3.046615
          ],
          [
            101.57972,
            3.046621
          ],
          [
            101.580001,
            3.046619
          ],
          [
            101.580711,
            3.046615
          ],
          [
            101.580712,
            3.046349
          ],
          [
            101.579673,
            3.04635
          ],
          [
            101.579675,
            3.046622
          ],
          [
            101.579677,
            3.046926
          ],
          [
            101.579511,
            3.046922
          ],
          [
            101.579512,
            3.04739
          ],
          [
            101.579514,
            3.04802
          ],
          [
            101.579516,
            3.049164
          ],
          [
            101.579519,
            3.050407
          ],
          [
            101.577288,
            3.050436
          ],
          [
            101.577024,
            3.050439
          ],
          [
            101.576629,
            3.050444
          ],
          [
            101.576505,
            3.050445
          ],
          [
            101.576507,
            3.050559
          ],
          [
            101.576496,
            3.05194
          ],
          [
            101.576483,
            3.054357
          ],
          [
            101.576505,
            3.054637
          ],
          [
            101.576533,
            3.054822
          ],
          [
            101.576624,
            3.055135
          ],
          [
            101.57673,
            3.05537
          ],
          [
            101.576888,
            3.055711
          ],
          [
            101.57705,
            3.055988
          ],
          [
            101.578082,
            3.05747
          ],
          [
            101.578162,
            3.057573
          ],
          [
            101.578304,
            3.057471
          ],
          [
            101.578696,
            3.057199
          ],
          [
            101.578881,
            3.057076
          ],
          [
            101.579108,
            3.056961
          ],
          [
            101.579323,
            3.056887
          ],
          [
            101.579546,
            3.056835
          ],
          [
            101.579794,
            3.056817
          ],
          [
            101.581491,
            3.056811
          ],
          [
            101.58149,
            3.056952
          ],
          [
            101.581489,
            3.057617
          ],
          [
            101.581488,
            3.058
          ],
          [
            101.581488,
            3.058282
          ],
          [
            101.581487,
            3.058812
          ],
          [
            101.581779,
            3.058811
          ],
          [
            101.582066,
            3.058811
          ],
          [
            101.582535,
            3.058809
          ],
          [
            101.584667,
            3.058804
          ],
          [
            101.584667,
            3.058641
          ],
          [
            101.584956,
            3.058642
          ],
          [
            101.585226,
            3.058644
          ],
          [
            101.585226,
            3.058618
          ],
          [
            101.586215,
            3.058623
          ],
          [
            101.586867,
            3.058627
          ],
          [
            101.586864,
            3.059093
          ],
          [
            101.587328,
            3.059093
          ],
          [
            101.587833,
            3.059093
          ],
          [
            101.587871,
            3.059093
          ],
          [
            101.588318,
            3.059093
          ],
          [
            101.5887,
            3.059093
          ],
          [
            101.588821,
            3.059093
          ],
          [
            101.588821,
            3.058638
          ],
          [
            101.588821,
            3.058598
          ],
          [
            101.588822,
            3.058051
          ],
          [
            101.588822,
            3.057746
          ],
          [
            101.588822,
            3.057505
          ],
          [
            101.588822,
            3.056944
          ],
          [
            101.589348,
            3.056944
          ],
          [
            101.589348,
            3.056814
          ],
          [
            101.590755,
            3.056786
          ],
          [
            101.591245,
            3.056777
          ],
          [
            101.591496,
            3.056835
          ],
          [
            101.591595,
            3.056874
          ],
          [
            101.591678,
            3.056925
          ],
          [
            101.591726,
            3.05696
          ],
          [
            101.591748,
            3.056977
          ],
          [
            101.591807,
            3.057042
          ],
          [
            101.591844,
            3.057103
          ],
          [
            101.59188,
            3.057191
          ],
          [
            101.591917,
            3.057329
          ],
          [
            101.591913,
            3.057738
          ],
          [
            101.591918,
            3.058097
          ],
          [
            101.591927,
            3.058634
          ],
          [
            101.591953,
            3.058851
          ],
          [
            101.592023,
            3.059147
          ],
          [
            101.592086,
            3.059344
          ],
          [
            101.592379,
            3.060086
          ],
          [
            101.592554,
            3.06051
          ],
          [
            101.592674,
            3.060785
          ],
          [
            101.592789,
            3.061035
          ],
          [
            101.592872,
            3.061259
          ],
          [
            101.592919,
            3.061439
          ],
          [
            101.592953,
            3.061625
          ],
          [
            101.592966,
            3.061868
          ],
          [
            101.592966,
            3.06215
          ],
          [
            101.593001,
            3.063569
          ],
          [
            101.593007,
            3.065723
          ],
          [
            101.593007,
            3.065764
          ],
          [
            101.592924,
            3.065977
          ],
          [
            101.592917,
            3.066289
          ],
          [
            101.59289,
            3.067461
          ],
          [
            101.592913,
            3.068942
          ],
          [
            101.592918,
            3.06936
          ],
          [
            101.59293,
            3.070486
          ],
          [
            101.59295,
            3.071789
          ],
          [
            101.592965,
            3.072541
          ],
          [
            101.592966,
            3.072607
          ],
          [
            101.592969,
            3.072717
          ],
          [
            101.592963,
            3.072756
          ],
          [
            101.592953,
            3.072803
          ],
          [
            101.592928,
            3.07286
          ],
          [
            101.592896,
            3.072875
          ],
          [
            101.592842,
            3.072907
          ],
          [
            101.592808,
            3.072945
          ],
          [
            101.592782,
            3.072983
          ],
          [
            101.592766,
            3.073033
          ],
          [
            101.592754,
            3.073093
          ],
          [
            101.592745,
            3.073183
          ],
          [
            101.592747,
            3.07328
          ],
          [
            101.592758,
            3.073345
          ],
          [
            101.592767,
            3.073386
          ],
          [
            101.592784,
            3.073428
          ],
          [
            101.592807,
            3.073474
          ],
          [
            101.592823,
            3.0735
          ],
          [
            101.592845,
            3.073526
          ],
          [
            101.592869,
            3.073546
          ],
          [
            101.592897,
            3.073562
          ],
          [
            101.592929,
            3.073582
          ],
          [
            101.593054,
            3.073583
          ],
          [
            101.593116,
            3.073577
          ],
          [
            101.593197,
            3.073557
          ],
          [
            101.593225,
            3.073541
          ],
          [
            101.593266,
            3.073503
          ],
          [
            101.593308,
            3.073452
          ],
          [
            101.593393,
            3.073413
          ],
          [
            101.593477,
            3.073399
          ],
          [
            101.593607,
            3.07339
          ],
          [
            101.593749,
            3.073387
          ],
          [
            101.593967,
            3.073381
          ],
          [
            101.594059,
            3.073388
          ],
          [
            101.594196,
            3.073426
          ],
          [
            101.594302,
            3.073451
          ],
          [
            101.59439,
            3.073467
          ],
          [
            101.595153,
            3.073463
          ],
          [
            101.595912,
            3.073475
          ],
          [
            101.596468,
            3.073425
          ],
          [
            101.597132,
            3.073413
          ],
          [
            101.597603,
            3.073394
          ],
          [
            101.597669,
            3.073382
          ],
          [
            101.597776,
            3.073331
          ],
          [
            101.597912,
            3.073319
          ],
          [
            101.598028,
            3.073309
          ],
          [
            101.598672,
            3.07323
          ],
          [
            101.598867,
            3.073216
          ],
          [
            101.599631,
            3.073232
          ],
          [
            101.600279,
            3.073232
          ],
          [
            101.600704,
            3.073232
          ],
          [
            101.601162,
            3.073242
          ],
          [
            101.601318,
            3.073257
          ],
          [
            101.60241,
            3.073428
          ],
          [
            101.602721,
            3.073481
          ],
          [
            101.603549,
            3.073625
          ],
          [
            101.603687,
            3.073652
          ],
          [
            101.60374,
            3.073663
          ],
          [
            101.604382,
            3.073789
          ],
          [
            101.604625,
            3.073832
          ],
          [
            101.605336,
            3.073943
          ],
          [
            101.606251,
            3.074053
          ],
          [
            101.606831,
            3.074102
          ],
          [
            101.606931,
            3.074108
          ],
          [
            101.608698,
            3.074108
          ],
          [
            101.608745,
            3.074109
          ],
          [
            101.609163,
            3.074105
          ],
          [
            101.609486,
            3.074111
          ],
          [
            101.609817,
            3.074137
          ],
          [
            101.609936,
            3.074204
          ],
          [
            101.609984,
            3.074233
          ],
          [
            101.61004,
            3.074248
          ],
          [
            101.610072,
            3.074254
          ],
          [
            101.610375,
            3.074318
          ],
          [
            101.611916,
            3.074572
          ],
          [
            101.612475,
            3.074658
          ],
          [
            101.61294,
            3.07469
          ],
          [
            101.61319,
            3.074707
          ],
          [
            101.613246,
            3.074685
          ],
          [
            101.613279,
            3.07465
          ],
          [
            101.613296,
            3.074608
          ],
          [
            101.613302,
            3.074553
          ],
          [
            101.613295,
            3.074502
          ],
          [
            101.613272,
            3.074455
          ],
          [
            101.613244,
            3.074424
          ],
          [
            101.61321,
            3.074393
          ],
          [
            101.612851,
            3.074392
          ],
          [
            101.61255,
            3.074358
          ],
          [
            101.610929,
            3.074103
          ],
          [
            101.610182,
            3.073964
          ],
          [
            101.609917,
            3.073917
          ],
          [
            101.609691,
            3.073892
          ],
          [
            101.60954,
            3.073883
          ],
          [
            101.609234,
            3.073873
          ],
          [
            101.609143,
            3.07387
          ],
          [
            101.608705,
            3.073866
          ],
          [
            101.608523,
            3.073863
          ],
          [
            101.608206,
            3.073869
          ],
          [
            101.607787,
            3.073872
          ],
          [
            101.6073,
            3.073879
          ],
          [
            101.607153,
            3.073881
          ],
          [
            101.606947,
            3.073875
          ],
          [
            101.60673,
            3.073855
          ],
          [
            101.606657,
            3.073849
          ],
          [
            101.606356,
            3.073804
          ],
          [
            101.606118,
            3.073764
          ],
          [
            101.605893,
            3.073723
          ],
          [
            101.605386,
            3.073736
          ],
          [
            101.604654,
            3.073624
          ],
          [
            101.604418,
            3.073583
          ],
          [
            101.603903,
            3.073484
          ],
          [
            101.603508,
            3.073388
          ],
          [
            101.603002,
            3.073277
          ],
          [
            101.602716,
            3.073217
          ],
          [
            101.602444,
            3.073181
          ],
          [
            101.60166,
            3.073127
          ],
          [
            101.600862,
            3.073116
          ],
          [
            101.60076,
            3.073116
          ],
          [
            101.598828,
            3.0731
          ],
          [
            101.598055,
            3.073093
          ],
          [
            101.597831,
            3.073091
          ],
          [
            101.597803,
            3.073091
          ],
          [
            101.59754,
            3.072993
          ],
          [
            101.597275,
            3.072977
          ],
          [
            101.597028,
            3.072978
          ],
          [
            101.596592,
            3.072982
          ],
          [
            101.595521,
            3.072992
          ],
          [
            101.593884,
            3.073009
          ],
          [
            101.593705,
            3.073012
          ],
          [
            101.593498,
            3.073015
          ],
          [
            101.593391,
            3.073001
          ],
          [
            101.593282,
            3.072944
          ],
          [
            101.593252,
            3.072911
          ],
          [
            101.593225,
            3.072891
          ],
          [
            101.593188,
            3.072871
          ],
          [
            101.593112,
            3.07285
          ],
          [
            101.593039,
            3.072847
          ],
          [
            101.592928,
            3.07286
          ],
          [
            101.592896,
            3.072875
          ],
          [
            101.592842,
            3.072907
          ],
          [
            101.592808,
            3.072945
          ],
          [
            101.592782,
            3.072983
          ],
          [
            101.592766,
            3.073033
          ],
          [
            101.592754,
            3.073093
          ],
          [
            101.592745,
            3.073183
          ],
          [
            101.592747,
            3.07328
          ],
          [
            101.592758,
            3.073345
          ],
          [
            101.592767,
            3.073386
          ],
          [
            101.592784,
            3.073428
          ],
          [
            101.592807,
            3.073474
          ],
          [
            101.592823,
            3.0735
          ],
          [
            101.592845,
            3.073526
          ],
          [
            101.592869,
            3.073546
          ],
          [
            101.592897,
            3.073562
          ],
          [
            101.592929,
            3.073582
          ],
          [
            101.592945,
            3.073603
          ],
          [
            101.592965,
            3.073625
          ],
          [
            101.592975,
            3.07366
          ],
          [
            101.592977,
            3.073759
          ],
          [
            101.592975,
            3.073858
          ],
          [
            101.592979,
            3.074355
          ],
          [
            101.59298,
            3.074583
          ],
          [
            101.592974,
            3.075484
          ],
          [
            101.592976,
            3.075708
          ],
          [
            101.593001,
            3.078303
          ],
          [
            101.593003,
            3.078471
          ],
          [
            101.592959,
            3.078547
          ],
          [
            101.592921,
            3.078599
          ],
          [
            101.592865,
            3.078645
          ],
          [
            101.592789,
            3.078645
          ],
          [
            101.592468,
            3.078644
          ],
          [
            101.592147,
            3.078644
          ],
          [
            101.591641,
            3.078643
          ],
          [
            101.591385,
            3.078642
          ],
          [
            101.591157,
            3.078642
          ],
          [
            101.590169,
            3.078636
          ],
          [
            101.590072,
            3.078636
          ],
          [
            101.589793,
            3.078635
          ],
          [
            101.589766,
            3.078635
          ],
          [
            101.589139,
            3.078634
          ],
          [
            101.589139,
            3.078415
          ],
          [
            101.589138,
            3.077432
          ],
          [
            101.589138,
            3.077372
          ],
          [
            101.589138,
            3.077027
          ],
          [
            101.589138,
            3.076768
          ],
          [
            101.588903,
            3.076529
          ],
          [
            101.58874,
            3.076363
          ],
          [
            101.588738,
            3.076361
          ],
          [
            101.588498,
            3.076117
          ],
          [
            101.58826,
            3.075876
          ],
          [
            101.588182,
            3.075876
          ],
          [
            101.587433,
            3.075876
          ],
          [
            101.587381,
            3.075876
          ],
          [
            101.586395,
            3.075876
          ],
          [
            101.586396,
            3.075831
          ],
          [
            101.586399,
            3.075528
          ],
          [
            101.58641,
            3.075218
          ],
          [
            101.586412,
            3.075197
          ],
          [
            101.586411,
            3.075113
          ],
          [
            101.586267,
            3.075112
          ],
          [
            101.586176,
            3.075112
          ],
          [
            101.586179,
            3.074203
          ],
          [
            101.586175,
            3.073921
          ],
          [
            101.586174,
            3.073793
          ],
          [
            101.586172,
            3.073466
          ],
          [
            101.586172,
            3.073424
          ],
          [
            101.586173,
            3.073011
          ],
          [
            101.586173,
            3.072982
          ],
          [
            101.586177,
            3.072678
          ],
          [
            101.58619,
            3.071798
          ],
          [
            101.586358,
            3.071805
          ],
          [
            101.586746,
            3.071805
          ],
          [
            101.588739,
            3.071805
          ],
          [
            101.588805,
            3.071805
          ],
          [
            101.588853,
            3.071794
          ],
          [
            101.588894,
            3.071774
          ],
          [
            101.588913,
            3.07174
          ],
          [
            101.588924,
            3.071694
          ],
          [
            101.588931,
            3.071486
          ],
          [
            101.588928,
            3.071247
          ],
          [
            101.588896,
            3.07116
          ],
          [
            101.588788,
            3.071131
          ],
          [
            101.5877,
            3.071135
          ],
          [
            101.586421,
            3.071139
          ],
          [
            101.586358,
            3.07114
          ],
          [
            101.586358,
            3.071805
          ],
          [
            101.586359,
            3.071878
          ],
          [
            101.586359,
            3.072464
          ],
          [
            101.586356,
            3.072561
          ],
          [
            101.586357,
            3.072677
          ],
          [
            101.586416,
            3.072791
          ],
          [
            101.586505,
            3.072876
          ],
          [
            101.586649,
            3.072907
          ],
          [
            101.587103,
            3.072907
          ],
          [
            101.587271,
            3.072908
          ],
          [
            101.587277,
            3.073011
          ],
          [
            101.58649,
            3.073015
          ],
          [
            101.586447,
            3.073015
          ],
          [
            101.586173,
            3.073011
          ],
          [
            101.586063,
            3.07301
          ],
          [
            101.58607,
            3.073424
          ],
          [
            101.58607,
            3.073465
          ],
          [
            101.586067,
            3.073806
          ],
          [
            101.586063,
            3.07417
          ],
          [
            101.586057,
            3.074498
          ],
          [
            101.585873,
            3.074497
          ],
          [
            101.585862,
            3.074884
          ],
          [
            101.585858,
            3.075019
          ],
          [
            101.585866,
            3.075553
          ],
          [
            101.585859,
            3.076116
          ],
          [
            101.58434,
            3.076131
          ],
          [
            101.584349,
            3.076501
          ],
          [
            101.584354,
            3.076737
          ],
          [
            101.584366,
            3.077301
          ],
          [
            101.584378,
            3.077789
          ],
          [
            101.582721,
            3.077805
          ],
          [
            101.582465,
            3.077808
          ],
          [
            101.582082,
            3.077811
          ],
          [
            101.582084,
            3.077403
          ],
          [
            101.581608,
            3.077403
          ],
          [
            101.581293,
            3.077401
          ],
          [
            101.580497,
            3.077389
          ],
          [
            101.580181,
            3.077398
          ],
          [
            101.579843,
            3.077411
          ],
          [
            101.579671,
            3.077461
          ],
          [
            101.579519,
            3.076914
          ],
          [
            101.579282,
            3.076062
          ],
          [
            101.579062,
            3.075269
          ],
          [
            101.578976,
            3.074959
          ],
          [
            101.578872,
            3.074584
          ],
          [
            101.578805,
            3.074338
          ],
          [
            101.578761,
            3.074157
          ],
          [
            101.5787,
            3.073833
          ],
          [
            101.578679,
            3.073483
          ],
          [
            101.578776,
            3.072963
          ],
          [
            101.578848,
            3.072688
          ],
          [
            101.579071,
            3.072217
          ],
          [
            101.579202,
            3.072009
          ],
          [
            101.579668,
            3.071533
          ],
          [
            101.580117,
            3.07114
          ],
          [
            101.580668,
            3.070659
          ],
          [
            101.580831,
            3.070467
          ],
          [
            101.580939,
            3.070301
          ],
          [
            101.581067,
            3.07006
          ],
          [
            101.581119,
            3.069813
          ],
          [
            101.581122,
            3.069548
          ],
          [
            101.581083,
            3.069281
          ],
          [
            101.58101,
            3.069056
          ],
          [
            101.580912,
            3.068862
          ],
          [
            101.580723,
            3.06861
          ],
          [
            101.580528,
            3.068335
          ],
          [
            101.580406,
            3.068107
          ],
          [
            101.580333,
            3.067853
          ],
          [
            101.580268,
            3.067497
          ],
          [
            101.580232,
            3.067084
          ],
          [
            101.58031,
            3.065456
          ],
          [
            101.580315,
            3.065354
          ],
          [
            101.580195,
            3.065349
          ],
          [
            101.57922,
            3.06535
          ],
          [
            101.578758,
            3.06535
          ],
          [
            101.578676,
            3.06535
          ],
          [
            101.578254,
            3.065351
          ],
          [
            101.577316,
            3.065351
          ],
          [
            101.577113,
            3.065351
          ],
          [
            101.576898,
            3.065352
          ],
          [
            101.57675,
            3.065362
          ],
          [
            101.576611,
            3.065391
          ],
          [
            101.576507,
            3.065415
          ],
          [
            101.576251,
            3.065483
          ],
          [
            101.576022,
            3.065544
          ],
          [
            101.575745,
            3.06562
          ],
          [
            101.575694,
            3.065634
          ],
          [
            101.575689,
            3.065755
          ],
          [
            101.575056,
            3.065767
          ],
          [
            101.574433,
            3.065778
          ],
          [
            101.574432,
            3.066033
          ],
          [
            101.574436,
            3.066052
          ],
          [
            101.574445,
            3.066065
          ],
          [
            101.574445,
            3.066065
          ],
          [
            101.575046,
            3.066054
          ],
          [
            101.575056,
            3.065767
          ],
          [
            101.575689,
            3.065755
          ],
          [
            101.576633,
            3.065506
          ],
          [
            101.576666,
            3.065746
          ],
          [
            101.576713,
            3.065764
          ],
          [
            101.577347,
            3.065767
          ],
          [
            101.578029,
            3.065769
          ],
          [
            101.57803,
            3.06588
          ],
          [
            101.578031,
            3.066076
          ],
          [
            101.578032,
            3.066232
          ],
          [
            101.578104,
            3.066303
          ],
          [
            101.578221,
            3.066422
          ],
          [
            101.578519,
            3.066908
          ],
          [
            101.578857,
            3.067433
          ],
          [
            101.578819,
            3.067717
          ],
          [
            101.578797,
            3.067696
          ],
          [
            101.578737,
            3.067641
          ],
          [
            101.578597,
            3.067582
          ],
          [
            101.577004,
            3.067642
          ],
          [
            101.576775,
            3.067679
          ],
          [
            101.576471,
            3.067823
          ],
          [
            101.575678,
            3.068841
          ],
          [
            101.575977,
            3.068984
          ],
          [
            101.576029,
            3.069011
          ],
          [
            101.576082,
            3.069045
          ],
          [
            101.576128,
            3.069102
          ],
          [
            101.576163,
            3.069182
          ],
          [
            101.576177,
            3.069262
          ],
          [
            101.576174,
            3.069329
          ],
          [
            101.57615,
            3.069409
          ],
          [
            101.576106,
            3.06948
          ],
          [
            101.576047,
            3.069537
          ],
          [
            101.575976,
            3.069577
          ],
          [
            101.575913,
            3.069595
          ],
          [
            101.575847,
            3.069601
          ],
          [
            101.575748,
            3.069583
          ],
          [
            101.575679,
            3.069552
          ],
          [
            101.574249,
            3.068856
          ],
          [
            101.573956,
            3.068861
          ],
          [
            101.573823,
            3.068863
          ],
          [
            101.573822,
            3.068965
          ],
          [
            101.573832,
            3.069298
          ],
          [
            101.573838,
            3.069602
          ],
          [
            101.573847,
            3.069716
          ],
          [
            101.574338,
            3.069709
          ],
          [
            101.574472,
            3.069727
          ],
          [
            101.575142,
            3.07009
          ],
          [
            101.575186,
            3.070135
          ],
          [
            101.575352,
            3.070513
          ],
          [
            101.576305,
            3.070492
          ],
          [
            101.576468,
            3.070487
          ],
          [
            101.576714,
            3.070445
          ],
          [
            101.576837,
            3.070402
          ],
          [
            101.576953,
            3.070345
          ],
          [
            101.577019,
            3.070463
          ],
          [
            101.577053,
            3.070587
          ],
          [
            101.577066,
            3.070761
          ],
          [
            101.577113,
            3.071015
          ],
          [
            101.57708,
            3.071253
          ],
          [
            101.576873,
            3.071574
          ],
          [
            101.576647,
            3.071705
          ],
          [
            101.576446,
            3.071887
          ],
          [
            101.576346,
            3.072024
          ],
          [
            101.576268,
            3.072163
          ],
          [
            101.576221,
            3.072262
          ],
          [
            101.576182,
            3.072442
          ],
          [
            101.576169,
            3.07261
          ],
          [
            101.576176,
            3.072772
          ],
          [
            101.575163,
            3.072865
          ],
          [
            101.575014,
            3.072882
          ],
          [
            101.574982,
            3.072901
          ],
          [
            101.574974,
            3.07293
          ],
          [
            101.574974,
            3.073379
          ],
          [
            101.574939,
            3.073706
          ],
          [
            101.574829,
            3.073932
          ],
          [
            101.574215,
            3.074738
          ],
          [
            101.574214,
            3.074749
          ],
          [
            101.574215,
            3.074758
          ],
          [
            101.57427,
            3.074802
          ],
          [
            101.574665,
            3.075078
          ],
          [
            101.575087,
            3.075413
          ],
          [
            101.575182,
            3.075489
          ],
          [
            101.575341,
            3.07528
          ],
          [
            101.575562,
            3.074988
          ],
          [
            101.575651,
            3.074875
          ],
          [
            101.57574,
            3.074763
          ],
          [
            101.57578,
            3.07474
          ],
          [
            101.575836,
            3.07473
          ],
          [
            101.576472,
            3.074824
          ],
          [
            101.577234,
            3.074929
          ],
          [
            101.577257,
            3.074754
          ],
          [
            101.577266,
            3.07468
          ],
          [
            101.577288,
            3.07451
          ],
          [
            101.578209,
            3.074595
          ],
          [
            101.578273,
            3.074595
          ],
          [
            101.578341,
            3.07458
          ],
          [
            101.578535,
            3.074533
          ],
          [
            101.578658,
            3.074506
          ],
          [
            101.579258,
            3.076401
          ],
          [
            101.579465,
            3.0771
          ],
          [
            101.579488,
            3.077203
          ],
          [
            101.579536,
            3.077404
          ],
          [
            101.579573,
            3.077692
          ],
          [
            101.579583,
            3.077848
          ],
          [
            101.579593,
            3.078016
          ],
          [
            101.579594,
            3.078077
          ],
          [
            101.579629,
            3.078174
          ],
          [
            101.579497,
            3.080071
          ],
          [
            101.579434,
            3.080607
          ],
          [
            101.579346,
            3.081268
          ],
          [
            101.579309,
            3.081671
          ],
          [
            101.579284,
            3.081999
          ],
          [
            101.579231,
            3.082692
          ],
          [
            101.57923,
            3.082847
          ],
          [
            101.579242,
            3.08297
          ],
          [
            101.57927,
            3.083165
          ],
          [
            101.579284,
            3.083441
          ],
          [
            101.57927,
            3.083729
          ],
          [
            101.579241,
            3.084068
          ],
          [
            101.579225,
            3.08424
          ],
          [
            101.579185,
            3.08442
          ],
          [
            101.579061,
            3.084787
          ],
          [
            101.579005,
            3.084953
          ],
          [
            101.578647,
            3.085968
          ],
          [
            101.578312,
            3.086765
          ],
          [
            101.578182,
            3.087089
          ],
          [
            101.577442,
            3.089053
          ],
          [
            101.577037,
            3.090072
          ],
          [
            101.576922,
            3.090146
          ],
          [
            101.576847,
            3.090172
          ],
          [
            101.576751,
            3.090169
          ],
          [
            101.576516,
            3.090049
          ],
          [
            101.576172,
            3.089842
          ],
          [
            101.575935,
            3.0897
          ],
          [
            101.575277,
            3.089308
          ],
          [
            101.574205,
            3.088636
          ],
          [
            101.573458,
            3.088218
          ],
          [
            101.572652,
            3.087685
          ],
          [
            101.572398,
            3.087416
          ],
          [
            101.572233,
            3.087199
          ],
          [
            101.571779,
            3.086577
          ],
          [
            101.571682,
            3.086443
          ],
          [
            101.571553,
            3.086218
          ],
          [
            101.571467,
            3.086004
          ],
          [
            101.571443,
            3.085941
          ],
          [
            101.57106,
            3.084927
          ],
          [
            101.570802,
            3.084311
          ],
          [
            101.570727,
            3.084186
          ],
          [
            101.570572,
            3.083919
          ],
          [
            101.570475,
            3.083745
          ],
          [
            101.57032,
            3.083556
          ],
          [
            101.570235,
            3.083475
          ],
          [
            101.570085,
            3.083349
          ],
          [
            101.569946,
            3.083312
          ],
          [
            101.56975,
            3.083277
          ],
          [
            101.569263,
            3.083285
          ],
          [
            101.569068,
            3.083272
          ],
          [
            101.568899,
            3.083228
          ],
          [
            101.56874,
            3.083174
          ],
          [
            101.568525,
            3.083026
          ],
          [
            101.568218,
            3.082716
          ],
          [
            101.567984,
            3.082551
          ],
          [
            101.567866,
            3.082467
          ],
          [
            101.567756,
            3.082395
          ],
          [
            101.567507,
            3.082253
          ],
          [
            101.56717,
            3.082138
          ],
          [
            101.56688,
            3.08209
          ],
          [
            101.566614,
            3.082095
          ],
          [
            101.566174,
            3.082149
          ],
          [
            101.565474,
            3.082258
          ],
          [
            101.564473,
            3.08225
          ],
          [
            101.564371,
            3.082249
          ],
          [
            101.564309,
            3.082249
          ],
          [
            101.5642,
            3.082246
          ],
          [
            101.564147,
            3.082247
          ],
          [
            101.563993,
            3.082248
          ],
          [
            101.563819,
            3.082253
          ],
          [
            101.563607,
            3.082253
          ],
          [
            101.563353,
            3.082253
          ],
          [
            101.563248,
            3.082254
          ],
          [
            101.561487,
            3.082254
          ],
          [
            101.561006,
            3.082259
          ],
          [
            101.560426,
            3.082258
          ],
          [
            101.560224,
            3.082258
          ],
          [
            101.560098,
            3.082257
          ],
          [
            101.560022,
            3.082257
          ],
          [
            101.559197,
            3.082256
          ],
          [
            101.558909,
            3.082255
          ],
          [
            101.558304,
            3.082255
          ],
          [
            101.557522,
            3.082253
          ],
          [
            101.555465,
            3.082226
          ],
          [
            101.555329,
            3.08219
          ],
          [
            101.555197,
            3.082083
          ],
          [
            101.55511,
            3.081923
          ],
          [
            101.555093,
            3.081779
          ],
          [
            101.555132,
            3.081084
          ],
          [
            101.555079,
            3.080969
          ],
          [
            101.555027,
            3.080915
          ],
          [
            101.555037,
            3.080794
          ],
          [
            101.555076,
            3.080368
          ],
          [
            101.555246,
            3.078985
          ],
          [
            101.555296,
            3.078318
          ],
          [
            101.555302,
            3.078253
          ],
          [
            101.555362,
            3.077613
          ],
          [
            101.555506,
            3.07631
          ],
          [
            101.555524,
            3.076153
          ],
          [
            101.55559,
            3.075504
          ],
          [
            101.555603,
            3.075375
          ],
          [
            101.555642,
            3.074985
          ],
          [
            101.555655,
            3.074862
          ],
          [
            101.555423,
            3.074826
          ],
          [
            101.554925,
            3.074655
          ],
          [
            101.554787,
            3.074614
          ],
          [
            101.554482,
            3.07453
          ],
          [
            101.554161,
            3.074459
          ],
          [
            101.553808,
            3.074445
          ],
          [
            101.553554,
            3.074422
          ],
          [
            101.553366,
            3.074419
          ],
          [
            101.553133,
            3.074445
          ],
          [
            101.551318,
            3.073961
          ],
          [
            101.550819,
            3.073736
          ],
          [
            101.550546,
            3.073614
          ],
          [
            101.550216,
            3.073459
          ],
          [
            101.549915,
            3.073284
          ],
          [
            101.549692,
            3.073117
          ],
          [
            101.549434,
            3.07292
          ],
          [
            101.54913,
            3.072713
          ],
          [
            101.549098,
            3.072692
          ],
          [
            101.548186,
            3.072102
          ],
          [
            101.547987,
            3.071963
          ],
          [
            101.547637,
            3.071692
          ],
          [
            101.547502,
            3.071518
          ],
          [
            101.547379,
            3.071359
          ],
          [
            101.54728,
            3.071228
          ],
          [
            101.547066,
            3.070897
          ],
          [
            101.547011,
            3.070802
          ],
          [
            101.546112,
            3.069266
          ],
          [
            101.545651,
            3.068519
          ],
          [
            101.545343,
            3.068108
          ],
          [
            101.54504,
            3.06773
          ],
          [
            101.544755,
            3.067397
          ],
          [
            101.544599,
            3.067254
          ],
          [
            101.544373,
            3.067093
          ],
          [
            101.543889,
            3.066747
          ],
          [
            101.543164,
            3.06623
          ],
          [
            101.542393,
            3.065744
          ],
          [
            101.541936,
            3.065518
          ],
          [
            101.541045,
            3.06519
          ],
          [
            101.540878,
            3.065063
          ],
          [
            101.5408,
            3.064988
          ],
          [
            101.540783,
            3.064902
          ],
          [
            101.540749,
            3.064822
          ],
          [
            101.540658,
            3.064594
          ],
          [
            101.540657,
            3.064478
          ],
          [
            101.540674,
            3.064363
          ],
          [
            101.540803,
            3.063992
          ],
          [
            101.540917,
            3.063701
          ],
          [
            101.540967,
            3.063508
          ],
          [
            101.541098,
            3.062623
          ],
          [
            101.541275,
            3.061426
          ],
          [
            101.541334,
            3.060951
          ],
          [
            101.541565,
            3.059642
          ],
          [
            101.541935,
            3.058419
          ],
          [
            101.542067,
            3.058244
          ],
          [
            101.542131,
            3.058202
          ],
          [
            101.54219,
            3.058199
          ],
          [
            101.542264,
            3.05821
          ],
          [
            101.544293,
            3.058933
          ],
          [
            101.544876,
            3.059136
          ],
          [
            101.545017,
            3.059171
          ],
          [
            101.545254,
            3.059203
          ],
          [
            101.545397,
            3.05917
          ],
          [
            101.545512,
            3.059126
          ],
          [
            101.545667,
            3.059009
          ],
          [
            101.545806,
            3.058878
          ],
          [
            101.54589,
            3.058699
          ],
          [
            101.546281,
            3.057596
          ],
          [
            101.546489,
            3.057028
          ],
          [
            101.546988,
            3.055711
          ],
          [
            101.547431,
            3.054445
          ],
          [
            101.547488,
            3.054361
          ],
          [
            101.54752,
            3.054329
          ],
          [
            101.547552,
            3.054314
          ],
          [
            101.547668,
            3.05429
          ],
          [
            101.547921,
            3.054372
          ],
          [
            101.548149,
            3.054536
          ],
          [
            101.548177,
            3.054619
          ],
          [
            101.548151,
            3.054841
          ],
          [
            101.548173,
            3.055003
          ],
          [
            101.548587,
            3.056272
          ],
          [
            101.548693,
            3.056548
          ],
          [
            101.548754,
            3.056647
          ],
          [
            101.54882,
            3.056749
          ],
          [
            101.54896,
            3.056891
          ],
          [
            101.54975,
            3.057489
          ],
          [
            101.55099,
            3.058444
          ],
          [
            101.551314,
            3.058754
          ],
          [
            101.551465,
            3.059009
          ],
          [
            101.551565,
            3.05941
          ],
          [
            101.551555,
            3.05971
          ],
          [
            101.551398,
            3.060294
          ],
          [
            101.550842,
            3.062384
          ],
          [
            101.550849,
            3.062489
          ],
          [
            101.552337,
            3.06288
          ],
          [
            101.552408,
            3.062886
          ],
          [
            101.552588,
            3.062892
          ],
          [
            101.552698,
            3.062811
          ],
          [
            101.552803,
            3.062549
          ],
          [
            101.552848,
            3.061929
          ]
        ]
      }
    },
    {
      "type": "Feature",
      "properties": {
        "policy": "smart",
        "day": 17,
        "trip": 1,
        "distance_km_for_dispatch": 76.064
      },
      "geometry": {
        "type": "LineString",
        "coordinates": [
          [
            101.552848,
            3.061929
          ],
          [
            101.552803,
            3.062549
          ],
          [
            101.552698,
            3.062811
          ],
          [
            101.552588,
            3.062892
          ],
          [
            101.552408,
            3.062886
          ],
          [
            101.552337,
            3.06288
          ],
          [
            101.550849,
            3.062489
          ],
          [
            101.550912,
            3.062408
          ],
          [
            101.550937,
            3.062311
          ],
          [
            101.551199,
            3.061285
          ],
          [
            101.551416,
            3.060437
          ],
          [
            101.551448,
            3.060312
          ],
          [
            101.551606,
            3.05972
          ],
          [
            101.551628,
            3.059402
          ],
          [
            101.551585,
            3.059182
          ],
          [
            101.551483,
            3.058899
          ],
          [
            101.551385,
            3.058729
          ],
          [
            101.551216,
            3.058547
          ],
          [
            101.550914,
            3.058297
          ],
          [
            101.550406,
            3.057899
          ],
          [
            101.54993,
            3.057536
          ],
          [
            101.549789,
            3.057438
          ],
          [
            101.549666,
            3.057343
          ],
          [
            101.549423,
            3.057164
          ],
          [
            101.548999,
            3.05684
          ],
          [
            101.548842,
            3.056679
          ],
          [
            101.548736,
            3.056508
          ],
          [
            101.548657,
            3.056308
          ],
          [
            101.548449,
            3.055609
          ],
          [
            101.548467,
            3.055467
          ],
          [
            101.548514,
            3.055344
          ],
          [
            101.548604,
            3.055197
          ],
          [
            101.548653,
            3.05516
          ],
          [
            101.548729,
            3.05511
          ],
          [
            101.548812,
            3.05507
          ],
          [
            101.549041,
            3.055014
          ],
          [
            101.549226,
            3.054974
          ],
          [
            101.550239,
            3.054826
          ],
          [
            101.550618,
            3.054776
          ],
          [
            101.550917,
            3.054733
          ],
          [
            101.551468,
            3.054734
          ],
          [
            101.551981,
            3.054763
          ],
          [
            101.552204,
            3.054798
          ],
          [
            101.55247,
            3.054849
          ],
          [
            101.552689,
            3.054919
          ],
          [
            101.553038,
            3.055027
          ],
          [
            101.553168,
            3.055077
          ],
          [
            101.553348,
            3.055158
          ],
          [
            101.553622,
            3.055284
          ],
          [
            101.554236,
            3.055634
          ],
          [
            101.554638,
            3.055874
          ],
          [
            101.554963,
            3.056121
          ],
          [
            101.555319,
            3.05648
          ],
          [
            101.555571,
            3.056783
          ],
          [
            101.555768,
            3.057054
          ],
          [
            101.556026,
            3.057484
          ],
          [
            101.556181,
            3.057801
          ],
          [
            101.556241,
            3.057925
          ],
          [
            101.556266,
            3.057994
          ],
          [
            101.556315,
            3.05813
          ],
          [
            101.556464,
            3.058632
          ],
          [
            101.556532,
            3.058941
          ],
          [
            101.556614,
            3.059315
          ],
          [
            101.556655,
            3.059504
          ],
          [
            101.55669,
            3.059668
          ],
          [
            101.55675,
            3.060127
          ],
          [
            101.556774,
            3.06034
          ],
          [
            101.556795,
            3.060757
          ],
          [
            101.556795,
            3.060841
          ],
          [
            101.556795,
            3.061317
          ],
          [
            101.556754,
            3.062018
          ],
          [
            101.556759,
            3.062236
          ],
          [
            101.556733,
            3.062588
          ],
          [
            101.556643,
            3.063143
          ],
          [
            101.556654,
            3.063225
          ],
          [
            101.55668,
            3.063268
          ],
          [
            101.55671,
            3.063304
          ],
          [
            101.556963,
            3.063356
          ],
          [
            101.557377,
            3.063476
          ],
          [
            101.558114,
            3.063707
          ],
          [
            101.558235,
            3.063759
          ],
          [
            101.558301,
            3.063841
          ],
          [
            101.558329,
            3.063917
          ],
          [
            101.558252,
            3.065445
          ],
          [
            101.558295,
            3.065991
          ],
          [
            101.558351,
            3.066739
          ],
          [
            101.558377,
            3.066813
          ],
          [
            101.558408,
            3.066871
          ],
          [
            101.558445,
            3.066919
          ],
          [
            101.558522,
            3.067003
          ],
          [
            101.558588,
            3.067056
          ],
          [
            101.55867,
            3.067103
          ],
          [
            101.558796,
            3.06713
          ],
          [
            101.55897,
            3.067145
          ],
          [
            101.559738,
            3.067091
          ],
          [
            101.560529,
            3.067067
          ],
          [
            101.561386,
            3.066969
          ],
          [
            101.562815,
            3.066866
          ],
          [
            101.562917,
            3.066858
          ],
          [
            101.563031,
            3.066844
          ],
          [
            101.563067,
            3.066791
          ],
          [
            101.56308,
            3.066733
          ],
          [
            101.563091,
            3.066604
          ],
          [
            101.563044,
            3.066076
          ],
          [
            101.562961,
            3.065037
          ],
          [
            101.562953,
            3.064933
          ],
          [
            101.562945,
            3.064821
          ],
          [
            101.562937,
            3.064722
          ],
          [
            101.562843,
            3.063496
          ],
          [
            101.562855,
            3.063315
          ],
          [
            101.56291,
            3.063118
          ],
          [
            101.563003,
            3.062979
          ],
          [
            101.563041,
            3.062942
          ],
          [
            101.563106,
            3.062881
          ],
          [
            101.56323,
            3.0628
          ],
          [
            101.56344,
            3.062737
          ],
          [
            101.564058,
            3.062683
          ],
          [
            101.56544,
            3.062598
          ],
          [
            101.566236,
            3.062555
          ],
          [
            101.566367,
            3.062547
          ],
          [
            101.566476,
            3.062542
          ],
          [
            101.566651,
            3.0625
          ],
          [
            101.566824,
            3.062438
          ],
          [
            101.567002,
            3.062318
          ],
          [
            101.567127,
            3.062238
          ],
          [
            101.567155,
            3.062221
          ],
          [
            101.567231,
            3.062158
          ],
          [
            101.567281,
            3.062117
          ],
          [
            101.567363,
            3.062049
          ],
          [
            101.567499,
            3.061951
          ],
          [
            101.567847,
            3.061677
          ],
          [
            101.568344,
            3.061317
          ],
          [
            101.569588,
            3.060484
          ],
          [
            101.570194,
            3.060069
          ],
          [
            101.570392,
            3.059932
          ],
          [
            101.570584,
            3.059801
          ],
          [
            101.570832,
            3.059627
          ],
          [
            101.571167,
            3.059386
          ],
          [
            101.571367,
            3.059208
          ],
          [
            101.571541,
            3.058969
          ],
          [
            101.571588,
            3.058853
          ],
          [
            101.571624,
            3.058744
          ],
          [
            101.571647,
            3.058633
          ],
          [
            101.571659,
            3.058523
          ],
          [
            101.571659,
            3.058354
          ],
          [
            101.57161,
            3.057427
          ],
          [
            101.571595,
            3.057178
          ],
          [
            101.57157,
            3.056437
          ],
          [
            101.571531,
            3.055638
          ],
          [
            101.571492,
            3.055006
          ],
          [
            101.571447,
            3.05476
          ],
          [
            101.571333,
            3.054488
          ],
          [
            101.571209,
            3.054311
          ],
          [
            101.571045,
            3.054045
          ],
          [
            101.571021,
            3.053966
          ],
          [
            101.570949,
            3.053731
          ],
          [
            101.570805,
            3.05311
          ],
          [
            101.57074,
            3.05274
          ],
          [
            101.570628,
            3.051948
          ],
          [
            101.570598,
            3.051755
          ],
          [
            101.570553,
            3.051553
          ],
          [
            101.570441,
            3.051005
          ],
          [
            101.570325,
            3.050261
          ],
          [
            101.57029,
            3.050041
          ],
          [
            101.570265,
            3.049831
          ],
          [
            101.570167,
            3.04935
          ],
          [
            101.570142,
            3.049245
          ],
          [
            101.570094,
            3.049117
          ],
          [
            101.569981,
            3.048903
          ],
          [
            101.56972,
            3.048616
          ],
          [
            101.569488,
            3.048346
          ],
          [
            101.56937,
            3.048149
          ],
          [
            101.569324,
            3.047955
          ],
          [
            101.569296,
            3.047734
          ],
          [
            101.569357,
            3.047293
          ],
          [
            101.569447,
            3.04684
          ],
          [
            101.569581,
            3.04646
          ],
          [
            101.5697,
            3.046208
          ],
          [
            101.569753,
            3.046134
          ],
          [
            101.569935,
            3.045911
          ],
          [
            101.570163,
            3.045675
          ],
          [
            101.570396,
            3.045511
          ],
          [
            101.570444,
            3.045477
          ],
          [
            101.570619,
            3.045347
          ],
          [
            101.570779,
            3.045246
          ],
          [
            101.570966,
            3.045155
          ],
          [
            101.571204,
            3.045062
          ],
          [
            101.571406,
            3.045009
          ],
          [
            101.571642,
            3.044957
          ],
          [
            101.571847,
            3.044934
          ],
          [
            101.57219,
            3.044926
          ],
          [
            101.573159,
            3.044934
          ],
          [
            101.573911,
            3.04494
          ],
          [
            101.574696,
            3.044947
          ],
          [
            101.575388,
            3.044952
          ],
          [
            101.575778,
            3.044955
          ],
          [
            101.575911,
            3.044956
          ],
          [
            101.57589,
            3.044849
          ],
          [
            101.57565,
            3.043913
          ],
          [
            101.57583,
            3.043914
          ],
          [
            101.577765,
            3.043915
          ],
          [
            101.577922,
            3.043915
          ],
          [
            101.578455,
            3.043915
          ],
          [
            101.579505,
            3.043915
          ],
          [
            101.579509,
            3.045704
          ],
          [
            101.579511,
            3.046922
          ],
          [
            101.579677,
            3.046926
          ],
          [
            101.579675,
            3.046622
          ],
          [
            101.579673,
            3.04635
          ],
          [
            101.580712,
            3.046349
          ],
          [
            101.580711,
            3.046615
          ],
          [
            101.57972,
            3.046621
          ],
          [
            101.580001,
            3.046619
          ],
          [
            101.580711,
            3.046615
          ],
          [
            101.580711,
            3.046923
          ],
          [
            101.58082,
            3.046922
          ],
          [
            101.580998,
            3.04692
          ],
          [
            101.581211,
            3.046918
          ],
          [
            101.581612,
            3.046913
          ],
          [
            101.581693,
            3.046915
          ],
          [
            101.581696,
            3.047173
          ],
          [
            101.581699,
            3.047452
          ],
          [
            101.5817,
            3.047551
          ],
          [
            101.581701,
            3.047706
          ],
          [
            101.581705,
            3.048018
          ],
          [
            101.582618,
            3.048016
          ],
          [
            101.582719,
            3.048014
          ],
          [
            101.58282,
            3.048011
          ],
          [
            101.58282,
            3.048161
          ],
          [
            101.582819,
            3.048289
          ],
          [
            101.582827,
            3.049979
          ],
          [
            101.582832,
            3.050411
          ],
          [
            101.582833,
            3.050528
          ],
          [
            101.582832,
            3.050595
          ],
          [
            101.58283,
            3.050631
          ],
          [
            101.582832,
            3.050705
          ],
          [
            101.582843,
            3.050797
          ],
          [
            101.58286,
            3.05091
          ],
          [
            101.582881,
            3.050997
          ],
          [
            101.582924,
            3.051099
          ],
          [
            101.582984,
            3.051191
          ],
          [
            101.583061,
            3.051294
          ],
          [
            101.583192,
            3.051472
          ],
          [
            101.583414,
            3.051752
          ],
          [
            101.583562,
            3.051932
          ],
          [
            101.583823,
            3.052234
          ],
          [
            101.584085,
            3.052538
          ],
          [
            101.584498,
            3.053031
          ],
          [
            101.584725,
            3.053306
          ],
          [
            101.584822,
            3.053447
          ],
          [
            101.584913,
            3.053601
          ],
          [
            101.584991,
            3.053755
          ],
          [
            101.585047,
            3.053933
          ],
          [
            101.58509,
            3.054108
          ],
          [
            101.585114,
            3.054234
          ],
          [
            101.585126,
            3.054347
          ],
          [
            101.585126,
            3.054485
          ],
          [
            101.585125,
            3.05458
          ],
          [
            101.585085,
            3.056323
          ],
          [
            101.585084,
            3.056715
          ],
          [
            101.585087,
            3.056816
          ],
          [
            101.585188,
            3.056817
          ],
          [
            101.588071,
            3.056815
          ],
          [
            101.589348,
            3.056814
          ],
          [
            101.589348,
            3.056944
          ],
          [
            101.588822,
            3.056944
          ],
          [
            101.588822,
            3.057505
          ],
          [
            101.588822,
            3.057746
          ],
          [
            101.588822,
            3.058051
          ],
          [
            101.588821,
            3.058598
          ],
          [
            101.588821,
            3.058638
          ],
          [
            101.588821,
            3.059093
          ],
          [
            101.5887,
            3.059093
          ],
          [
            101.588318,
            3.059093
          ],
          [
            101.588329,
            3.060125
          ],
          [
            101.58882,
            3.06012
          ],
          [
            101.589369,
            3.060115
          ],
          [
            101.589363,
            3.059131
          ],
          [
            101.58984,
            3.059131
          ],
          [
            101.590767,
            3.059127
          ],
          [
            101.590874,
            3.059127
          ],
          [
            101.591863,
            3.059124
          ],
          [
            101.591917,
            3.059299
          ],
          [
            101.591935,
            3.059352
          ],
          [
            101.592018,
            3.059586
          ],
          [
            101.592203,
            3.060063
          ],
          [
            101.592267,
            3.060071
          ],
          [
            101.592379,
            3.060086
          ],
          [
            101.592554,
            3.06051
          ],
          [
            101.592674,
            3.060785
          ],
          [
            101.592789,
            3.061035
          ],
          [
            101.592872,
            3.061259
          ],
          [
            101.592919,
            3.061439
          ],
          [
            101.592953,
            3.061625
          ],
          [
            101.592966,
            3.061868
          ],
          [
            101.592966,
            3.06215
          ],
          [
            101.593001,
            3.063569
          ],
          [
            101.593007,
            3.065723
          ],
          [
            101.593007,
            3.065764
          ],
          [
            101.592924,
            3.065977
          ],
          [
            101.592917,
            3.066289
          ],
          [
            101.59289,
            3.067461
          ],
          [
            101.592913,
            3.068942
          ],
          [
            101.592918,
            3.06936
          ],
          [
            101.59293,
            3.070486
          ],
          [
            101.59295,
            3.071789
          ],
          [
            101.592965,
            3.072541
          ],
          [
            101.592966,
            3.072607
          ],
          [
            101.592969,
            3.072717
          ],
          [
            101.592963,
            3.072756
          ],
          [
            101.592953,
            3.072803
          ],
          [
            101.592928,
            3.07286
          ],
          [
            101.592896,
            3.072875
          ],
          [
            101.592842,
            3.072907
          ],
          [
            101.592808,
            3.072945
          ],
          [
            101.592782,
            3.072983
          ],
          [
            101.592766,
            3.073033
          ],
          [
            101.592754,
            3.073093
          ],
          [
            101.592745,
            3.073183
          ],
          [
            101.592747,
            3.07328
          ],
          [
            101.592758,
            3.073345
          ],
          [
            101.592767,
            3.073386
          ],
          [
            101.592784,
            3.073428
          ],
          [
            101.592807,
            3.073474
          ],
          [
            101.592823,
            3.0735
          ],
          [
            101.592845,
            3.073526
          ],
          [
            101.592869,
            3.073546
          ],
          [
            101.592897,
            3.073562
          ],
          [
            101.592929,
            3.073582
          ],
          [
            101.593054,
            3.073583
          ],
          [
            101.593116,
            3.073577
          ],
          [
            101.593197,
            3.073557
          ],
          [
            101.593225,
            3.073541
          ],
          [
            101.593266,
            3.073503
          ],
          [
            101.593308,
            3.073452
          ],
          [
            101.593393,
            3.073413
          ],
          [
            101.593477,
            3.073399
          ],
          [
            101.593607,
            3.07339
          ],
          [
            101.593749,
            3.073387
          ],
          [
            101.593967,
            3.073381
          ],
          [
            101.594059,
            3.073388
          ],
          [
            101.594196,
            3.073426
          ],
          [
            101.594302,
            3.073451
          ],
          [
            101.59439,
            3.073467
          ],
          [
            101.595153,
            3.073463
          ],
          [
            101.595912,
            3.073475
          ],
          [
            101.596468,
            3.073425
          ],
          [
            101.597132,
            3.073413
          ],
          [
            101.597603,
            3.073394
          ],
          [
            101.597669,
            3.073382
          ],
          [
            101.597776,
            3.073331
          ],
          [
            101.597912,
            3.073319
          ],
          [
            101.598028,
            3.073309
          ],
          [
            101.598672,
            3.07323
          ],
          [
            101.598867,
            3.073216
          ],
          [
            101.599631,
            3.073232
          ],
          [
            101.600279,
            3.073232
          ],
          [
            101.600704,
            3.073232
          ],
          [
            101.601162,
            3.073242
          ],
          [
            101.601318,
            3.073257
          ],
          [
            101.60241,
            3.073428
          ],
          [
            101.602721,
            3.073481
          ],
          [
            101.603549,
            3.073625
          ],
          [
            101.603687,
            3.073652
          ],
          [
            101.60374,
            3.073663
          ],
          [
            101.604382,
            3.073789
          ],
          [
            101.604625,
            3.073832
          ],
          [
            101.605336,
            3.073943
          ],
          [
            101.606251,
            3.074053
          ],
          [
            101.606831,
            3.074102
          ],
          [
            101.606931,
            3.074108
          ],
          [
            101.608698,
            3.074108
          ],
          [
            101.608745,
            3.074109
          ],
          [
            101.609163,
            3.074105
          ],
          [
            101.609486,
            3.074111
          ],
          [
            101.609817,
            3.074137
          ],
          [
            101.609936,
            3.074204
          ],
          [
            101.609984,
            3.074233
          ],
          [
            101.61004,
            3.074248
          ],
          [
            101.610072,
            3.074254
          ],
          [
            101.610375,
            3.074318
          ],
          [
            101.611916,
            3.074572
          ],
          [
            101.612475,
            3.074658
          ],
          [
            101.61294,
            3.07469
          ],
          [
            101.61319,
            3.074707
          ],
          [
            101.613246,
            3.074685
          ],
          [
            101.613279,
            3.07465
          ],
          [
            101.613296,
            3.074608
          ],
          [
            101.613302,
            3.074553
          ],
          [
            101.613295,
            3.074502
          ],
          [
            101.613272,
            3.074455
          ],
          [
            101.613244,
            3.074424
          ],
          [
            101.61321,
            3.074393
          ],
          [
            101.612851,
            3.074392
          ],
          [
            101.61255,
            3.074358
          ],
          [
            101.610929,
            3.074103
          ],
          [
            101.610182,
            3.073964
          ],
          [
            101.609917,
            3.073917
          ],
          [
            101.609691,
            3.073892
          ],
          [
            101.60954,
            3.073883
          ],
          [
            101.609234,
            3.073873
          ],
          [
            101.609143,
            3.07387
          ],
          [
            101.608705,
            3.073866
          ],
          [
            101.608523,
            3.073863
          ],
          [
            101.608206,
            3.073869
          ],
          [
            101.607787,
            3.073872
          ],
          [
            101.6073,
            3.073879
          ],
          [
            101.607153,
            3.073881
          ],
          [
            101.606947,
            3.073875
          ],
          [
            101.60673,
            3.073855
          ],
          [
            101.606657,
            3.073849
          ],
          [
            101.606356,
            3.073804
          ],
          [
            101.606118,
            3.073764
          ],
          [
            101.605893,
            3.073723
          ],
          [
            101.605386,
            3.073736
          ],
          [
            101.604654,
            3.073624
          ],
          [
            101.604418,
            3.073583
          ],
          [
            101.603903,
            3.073484
          ],
          [
            101.603508,
            3.073388
          ],
          [
            101.603002,
            3.073277
          ],
          [
            101.602716,
            3.073217
          ],
          [
            101.602444,
            3.073181
          ],
          [
            101.60166,
            3.073127
          ],
          [
            101.600862,
            3.073116
          ],
          [
            101.60076,
            3.073116
          ],
          [
            101.598828,
            3.0731
          ],
          [
            101.598055,
            3.073093
          ],
          [
            101.597831,
            3.073091
          ],
          [
            101.597803,
            3.073091
          ],
          [
            101.59754,
            3.072993
          ],
          [
            101.597275,
            3.072977
          ],
          [
            101.597028,
            3.072978
          ],
          [
            101.596592,
            3.072982
          ],
          [
            101.595521,
            3.072992
          ],
          [
            101.593884,
            3.073009
          ],
          [
            101.593705,
            3.073012
          ],
          [
            101.593498,
            3.073015
          ],
          [
            101.593391,
            3.073001
          ],
          [
            101.593282,
            3.072944
          ],
          [
            101.593252,
            3.072911
          ],
          [
            101.593225,
            3.072891
          ],
          [
            101.593188,
            3.072871
          ],
          [
            101.593112,
            3.07285
          ],
          [
            101.593039,
            3.072847
          ],
          [
            101.592928,
            3.07286
          ],
          [
            101.592896,
            3.072875
          ],
          [
            101.592842,
            3.072907
          ],
          [
            101.592808,
            3.072945
          ],
          [
            101.592782,
            3.072983
          ],
          [
            101.592766,
            3.073033
          ],
          [
            101.592754,
            3.073093
          ],
          [
            101.592745,
            3.073183
          ],
          [
            101.592747,
            3.07328
          ],
          [
            101.592758,
            3.073345
          ],
          [
            101.592767,
            3.073386
          ],
          [
            101.592784,
            3.073428
          ],
          [
            101.592807,
            3.073474
          ],
          [
            101.592823,
            3.0735
          ],
          [
            101.592845,
            3.073526
          ],
          [
            101.592869,
            3.073546
          ],
          [
            101.592897,
            3.073562
          ],
          [
            101.592929,
            3.073582
          ],
          [
            101.592945,
            3.073603
          ],
          [
            101.592965,
            3.073625
          ],
          [
            101.592975,
            3.07366
          ],
          [
            101.592977,
            3.073759
          ],
          [
            101.592975,
            3.073858
          ],
          [
            101.592979,
            3.074355
          ],
          [
            101.59298,
            3.074583
          ],
          [
            101.592974,
            3.075484
          ],
          [
            101.592976,
            3.075708
          ],
          [
            101.593001,
            3.078303
          ],
          [
            101.593003,
            3.078471
          ],
          [
            101.592959,
            3.078547
          ],
          [
            101.592921,
            3.078599
          ],
          [
            101.592865,
            3.078645
          ],
          [
            101.592789,
            3.078645
          ],
          [
            101.592468,
            3.078644
          ],
          [
            101.592147,
            3.078644
          ],
          [
            101.591641,
            3.078643
          ],
          [
            101.591385,
            3.078642
          ],
          [
            101.591157,
            3.078642
          ],
          [
            101.590169,
            3.078636
          ],
          [
            101.590072,
            3.078636
          ],
          [
            101.589793,
            3.078635
          ],
          [
            101.589766,
            3.078635
          ],
          [
            101.589139,
            3.078634
          ],
          [
            101.589139,
            3.078415
          ],
          [
            101.589138,
            3.077432
          ],
          [
            101.589138,
            3.077372
          ],
          [
            101.589138,
            3.077027
          ],
          [
            101.589138,
            3.076768
          ],
          [
            101.588903,
            3.076529
          ],
          [
            101.58874,
            3.076363
          ],
          [
            101.588738,
            3.076361
          ],
          [
            101.588498,
            3.076117
          ],
          [
            101.58826,
            3.075876
          ],
          [
            101.588182,
            3.075876
          ],
          [
            101.587433,
            3.075876
          ],
          [
            101.587381,
            3.075876
          ],
          [
            101.586395,
            3.075876
          ],
          [
            101.586396,
            3.075831
          ],
          [
            101.586399,
            3.075528
          ],
          [
            101.58641,
            3.075218
          ],
          [
            101.586412,
            3.075197
          ],
          [
            101.586411,
            3.075113
          ],
          [
            101.586267,
            3.075112
          ],
          [
            101.586176,
            3.075112
          ],
          [
            101.586179,
            3.074203
          ],
          [
            101.586175,
            3.073921
          ],
          [
            101.586174,
            3.073793
          ],
          [
            101.586172,
            3.073466
          ],
          [
            101.586172,
            3.073424
          ],
          [
            101.586173,
            3.073011
          ],
          [
            101.586173,
            3.072982
          ],
          [
            101.586177,
            3.072678
          ],
          [
            101.58619,
            3.071798
          ],
          [
            101.586358,
            3.071805
          ],
          [
            101.586359,
            3.071878
          ],
          [
            101.586359,
            3.072464
          ],
          [
            101.586356,
            3.072561
          ],
          [
            101.586357,
            3.072677
          ],
          [
            101.586416,
            3.072791
          ],
          [
            101.586505,
            3.072876
          ],
          [
            101.586649,
            3.072907
          ],
          [
            101.587103,
            3.072907
          ],
          [
            101.587271,
            3.072908
          ],
          [
            101.587277,
            3.073011
          ],
          [
            101.58649,
            3.073015
          ],
          [
            101.586447,
            3.073015
          ],
          [
            101.586173,
            3.073011
          ],
          [
            101.586063,
            3.07301
          ],
          [
            101.58607,
            3.073424
          ],
          [
            101.58607,
            3.073465
          ],
          [
            101.586067,
            3.073806
          ],
          [
            101.586063,
            3.07417
          ],
          [
            101.586057,
            3.074498
          ],
          [
            101.585873,
            3.074497
          ],
          [
            101.585862,
            3.074884
          ],
          [
            101.585858,
            3.075019
          ],
          [
            101.585866,
            3.075553
          ],
          [
            101.585859,
            3.076116
          ],
          [
            101.58434,
            3.076131
          ],
          [
            101.584349,
            3.076501
          ],
          [
            101.584354,
            3.076737
          ],
          [
            101.584366,
            3.077301
          ],
          [
            101.584378,
            3.077789
          ],
          [
            101.582721,
            3.077805
          ],
          [
            101.582465,
            3.077808
          ],
          [
            101.582082,
            3.077811
          ],
          [
            101.582084,
            3.077403
          ],
          [
            101.581608,
            3.077403
          ],
          [
            101.581293,
            3.077401
          ],
          [
            101.580497,
            3.077389
          ],
          [
            101.580181,
            3.077398
          ],
          [
            101.579843,
            3.077411
          ],
          [
            101.579671,
            3.077461
          ],
          [
            101.579519,
            3.076914
          ],
          [
            101.579282,
            3.076062
          ],
          [
            101.579062,
            3.075269
          ],
          [
            101.578976,
            3.074959
          ],
          [
            101.578872,
            3.074584
          ],
          [
            101.578805,
            3.074338
          ],
          [
            101.578761,
            3.074157
          ],
          [
            101.5787,
            3.073833
          ],
          [
            101.578679,
            3.073483
          ],
          [
            101.578776,
            3.072963
          ],
          [
            101.578848,
            3.072688
          ],
          [
            101.579071,
            3.072217
          ],
          [
            101.579202,
            3.072009
          ],
          [
            101.579668,
            3.071533
          ],
          [
            101.580117,
            3.07114
          ],
          [
            101.580668,
            3.070659
          ],
          [
            101.580831,
            3.070467
          ],
          [
            101.580939,
            3.070301
          ],
          [
            101.581067,
            3.07006
          ],
          [
            101.581119,
            3.069813
          ],
          [
            101.581122,
            3.069548
          ],
          [
            101.581083,
            3.069281
          ],
          [
            101.58101,
            3.069056
          ],
          [
            101.580912,
            3.068862
          ],
          [
            101.580723,
            3.06861
          ],
          [
            101.580528,
            3.068335
          ],
          [
            101.580406,
            3.068107
          ],
          [
            101.580333,
            3.067853
          ],
          [
            101.580268,
            3.067497
          ],
          [
            101.580232,
            3.067084
          ],
          [
            101.58031,
            3.065456
          ],
          [
            101.580315,
            3.065354
          ],
          [
            101.580195,
            3.065349
          ],
          [
            101.57922,
            3.06535
          ],
          [
            101.578758,
            3.06535
          ],
          [
            101.578676,
            3.06535
          ],
          [
            101.578254,
            3.065351
          ],
          [
            101.577316,
            3.065351
          ],
          [
            101.577113,
            3.065351
          ],
          [
            101.576898,
            3.065352
          ],
          [
            101.57675,
            3.065362
          ],
          [
            101.576611,
            3.065391
          ],
          [
            101.576507,
            3.065415
          ],
          [
            101.576251,
            3.065483
          ],
          [
            101.576022,
            3.065544
          ],
          [
            101.575745,
            3.06562
          ],
          [
            101.575694,
            3.065634
          ],
          [
            101.575689,
            3.065755
          ],
          [
            101.575056,
            3.065767
          ],
          [
            101.574433,
            3.065778
          ],
          [
            101.574432,
            3.066033
          ],
          [
            101.574436,
            3.066052
          ],
          [
            101.574445,
            3.066065
          ],
          [
            101.574445,
            3.066065
          ],
          [
            101.575046,
            3.066054
          ],
          [
            101.575056,
            3.065767
          ],
          [
            101.575689,
            3.065755
          ],
          [
            101.576633,
            3.065506
          ],
          [
            101.576666,
            3.065746
          ],
          [
            101.576713,
            3.065764
          ],
          [
            101.577347,
            3.065767
          ],
          [
            101.578029,
            3.065769
          ],
          [
            101.57803,
            3.06588
          ],
          [
            101.578031,
            3.066076
          ],
          [
            101.578032,
            3.066232
          ],
          [
            101.578104,
            3.066303
          ],
          [
            101.578221,
            3.066422
          ],
          [
            101.578519,
            3.066908
          ],
          [
            101.578857,
            3.067433
          ],
          [
            101.578819,
            3.067717
          ],
          [
            101.578797,
            3.067696
          ],
          [
            101.578737,
            3.067641
          ],
          [
            101.578597,
            3.067582
          ],
          [
            101.577004,
            3.067642
          ],
          [
            101.576775,
            3.067679
          ],
          [
            101.576471,
            3.067823
          ],
          [
            101.575678,
            3.068841
          ],
          [
            101.575977,
            3.068984
          ],
          [
            101.576029,
            3.069011
          ],
          [
            101.576082,
            3.069045
          ],
          [
            101.576128,
            3.069102
          ],
          [
            101.576163,
            3.069182
          ],
          [
            101.576177,
            3.069262
          ],
          [
            101.576174,
            3.069329
          ],
          [
            101.57615,
            3.069409
          ],
          [
            101.576106,
            3.06948
          ],
          [
            101.576047,
            3.069537
          ],
          [
            101.575976,
            3.069577
          ],
          [
            101.575913,
            3.069595
          ],
          [
            101.575847,
            3.069601
          ],
          [
            101.575748,
            3.069583
          ],
          [
            101.575679,
            3.069552
          ],
          [
            101.574249,
            3.068856
          ],
          [
            101.573956,
            3.068861
          ],
          [
            101.573823,
            3.068863
          ],
          [
            101.573822,
            3.068965
          ],
          [
            101.573832,
            3.069298
          ],
          [
            101.573838,
            3.069602
          ],
          [
            101.573847,
            3.069716
          ],
          [
            101.574338,
            3.069709
          ],
          [
            101.574472,
            3.069727
          ],
          [
            101.575142,
            3.07009
          ],
          [
            101.575186,
            3.070135
          ],
          [
            101.575352,
            3.070513
          ],
          [
            101.576305,
            3.070492
          ],
          [
            101.576468,
            3.070487
          ],
          [
            101.576714,
            3.070445
          ],
          [
            101.576837,
            3.070402
          ],
          [
            101.576953,
            3.070345
          ],
          [
            101.57704,
            3.070277
          ],
          [
            101.577069,
            3.070233
          ],
          [
            101.577192,
            3.069968
          ],
          [
            101.577396,
            3.069657
          ],
          [
            101.577543,
            3.069495
          ],
          [
            101.57775,
            3.069419
          ],
          [
            101.577847,
            3.069422
          ],
          [
            101.577973,
            3.069446
          ],
          [
            101.578167,
            3.069584
          ],
          [
            101.578339,
            3.069727
          ],
          [
            101.578645,
            3.070256
          ],
          [
            101.578854,
            3.070565
          ],
          [
            101.579052,
            3.070805
          ],
          [
            101.579567,
            3.071263
          ],
          [
            101.579636,
            3.071332
          ],
          [
            101.579138,
            3.07185
          ],
          [
            101.578989,
            3.072061
          ],
          [
            101.578905,
            3.072189
          ],
          [
            101.578806,
            3.072342
          ],
          [
            101.578687,
            3.072555
          ],
          [
            101.578654,
            3.072634
          ],
          [
            101.578606,
            3.072785
          ],
          [
            101.578594,
            3.072898
          ],
          [
            101.578516,
            3.07342
          ],
          [
            101.578521,
            3.07356
          ],
          [
            101.578532,
            3.073839
          ],
          [
            101.578574,
            3.074135
          ],
          [
            101.578658,
            3.074506
          ],
          [
            101.579258,
            3.076401
          ],
          [
            101.579465,
            3.0771
          ],
          [
            101.579488,
            3.077203
          ],
          [
            101.579536,
            3.077404
          ],
          [
            101.579573,
            3.077692
          ],
          [
            101.579583,
            3.077848
          ],
          [
            101.579593,
            3.078016
          ],
          [
            101.579594,
            3.078077
          ],
          [
            101.579629,
            3.078174
          ],
          [
            101.579497,
            3.080071
          ],
          [
            101.579434,
            3.080607
          ],
          [
            101.579346,
            3.081268
          ],
          [
            101.579309,
            3.081671
          ],
          [
            101.579284,
            3.081999
          ],
          [
            101.579231,
            3.082692
          ],
          [
            101.57923,
            3.082847
          ],
          [
            101.579242,
            3.08297
          ],
          [
            101.57927,
            3.083165
          ],
          [
            101.579284,
            3.083441
          ],
          [
            101.57927,
            3.083729
          ],
          [
            101.579241,
            3.084068
          ],
          [
            101.579225,
            3.08424
          ],
          [
            101.579185,
            3.08442
          ],
          [
            101.579061,
            3.084787
          ],
          [
            101.579005,
            3.084953
          ],
          [
            101.578647,
            3.085968
          ],
          [
            101.578312,
            3.086765
          ],
          [
            101.578182,
            3.087089
          ],
          [
            101.577442,
            3.089053
          ],
          [
            101.577037,
            3.090072
          ],
          [
            101.576922,
            3.090146
          ],
          [
            101.576847,
            3.090172
          ],
          [
            101.576751,
            3.090169
          ],
          [
            101.576516,
            3.090049
          ],
          [
            101.576172,
            3.089842
          ],
          [
            101.575935,
            3.0897
          ],
          [
            101.575277,
            3.089308
          ],
          [
            101.574205,
            3.088636
          ],
          [
            101.573458,
            3.088218
          ],
          [
            101.572652,
            3.087685
          ],
          [
            101.572398,
            3.087416
          ],
          [
            101.572233,
            3.087199
          ],
          [
            101.571779,
            3.086577
          ],
          [
            101.571682,
            3.086443
          ],
          [
            101.571553,
            3.086218
          ],
          [
            101.571467,
            3.086004
          ],
          [
            101.571443,
            3.085941
          ],
          [
            101.57106,
            3.084927
          ],
          [
            101.570802,
            3.084311
          ],
          [
            101.570727,
            3.084186
          ],
          [
            101.570572,
            3.083919
          ],
          [
            101.570475,
            3.083745
          ],
          [
            101.57032,
            3.083556
          ],
          [
            101.570235,
            3.083475
          ],
          [
            101.570085,
            3.083349
          ],
          [
            101.569946,
            3.083312
          ],
          [
            101.56975,
            3.083277
          ],
          [
            101.569263,
            3.083285
          ],
          [
            101.569068,
            3.083272
          ],
          [
            101.568899,
            3.083228
          ],
          [
            101.56874,
            3.083174
          ],
          [
            101.568525,
            3.083026
          ],
          [
            101.568218,
            3.082716
          ],
          [
            101.567984,
            3.082551
          ],
          [
            101.567866,
            3.082467
          ],
          [
            101.567756,
            3.082395
          ],
          [
            101.567507,
            3.082253
          ],
          [
            101.56717,
            3.082138
          ],
          [
            101.56688,
            3.08209
          ],
          [
            101.566614,
            3.082095
          ],
          [
            101.566174,
            3.082149
          ],
          [
            101.565474,
            3.082258
          ],
          [
            101.564473,
            3.08225
          ],
          [
            101.564371,
            3.082249
          ],
          [
            101.564309,
            3.082249
          ],
          [
            101.5642,
            3.082246
          ],
          [
            101.564147,
            3.082247
          ],
          [
            101.563993,
            3.082248
          ],
          [
            101.563819,
            3.082253
          ],
          [
            101.563607,
            3.082253
          ],
          [
            101.563353,
            3.082253
          ],
          [
            101.563248,
            3.082254
          ],
          [
            101.561487,
            3.082254
          ],
          [
            101.561006,
            3.082259
          ],
          [
            101.560426,
            3.082258
          ],
          [
            101.560224,
            3.082258
          ],
          [
            101.560098,
            3.082257
          ],
          [
            101.560022,
            3.082257
          ],
          [
            101.559197,
            3.082256
          ],
          [
            101.558909,
            3.082255
          ],
          [
            101.558304,
            3.082255
          ],
          [
            101.557522,
            3.082253
          ],
          [
            101.555465,
            3.082226
          ],
          [
            101.555329,
            3.08219
          ],
          [
            101.555197,
            3.082083
          ],
          [
            101.55511,
            3.081923
          ],
          [
            101.555093,
            3.081779
          ],
          [
            101.555132,
            3.081084
          ],
          [
            101.555079,
            3.080969
          ],
          [
            101.555027,
            3.080915
          ],
          [
            101.555037,
            3.080794
          ],
          [
            101.555076,
            3.080368
          ],
          [
            101.555246,
            3.078985
          ],
          [
            101.555296,
            3.078318
          ],
          [
            101.555302,
            3.078253
          ],
          [
            101.555362,
            3.077613
          ],
          [
            101.555506,
            3.07631
          ],
          [
            101.555524,
            3.076153
          ],
          [
            101.55559,
            3.075504
          ],
          [
            101.555603,
            3.075375
          ],
          [
            101.555642,
            3.074985
          ],
          [
            101.555655,
            3.074862
          ],
          [
            101.555423,
            3.074826
          ],
          [
            101.554925,
            3.074655
          ],
          [
            101.554787,
            3.074614
          ],
          [
            101.554482,
            3.07453
          ],
          [
            101.554161,
            3.074459
          ],
          [
            101.553808,
            3.074445
          ],
          [
            101.553554,
            3.074422
          ],
          [
            101.553366,
            3.074419
          ],
          [
            101.553133,
            3.074445
          ],
          [
            101.551318,
            3.073961
          ],
          [
            101.550819,
            3.073736
          ],
          [
            101.550546,
            3.073614
          ],
          [
            101.550216,
            3.073459
          ],
          [
            101.549915,
            3.073284
          ],
          [
            101.549692,
            3.073117
          ],
          [
            101.549434,
            3.07292
          ],
          [
            101.54913,
            3.072713
          ],
          [
            101.549098,
            3.072692
          ],
          [
            101.548186,
            3.072102
          ],
          [
            101.547987,
            3.071963
          ],
          [
            101.547637,
            3.071692
          ],
          [
            101.547502,
            3.071518
          ],
          [
            101.547379,
            3.071359
          ],
          [
            101.54728,
            3.071228
          ],
          [
            101.547066,
            3.070897
          ],
          [
            101.547011,
            3.070802
          ],
          [
            101.546112,
            3.069266
          ],
          [
            101.545651,
            3.068519
          ],
          [
            101.545343,
            3.068108
          ],
          [
            101.54504,
            3.06773
          ],
          [
            101.544755,
            3.067397
          ],
          [
            101.544599,
            3.067254
          ],
          [
            101.544373,
            3.067093
          ],
          [
            101.543889,
            3.066747
          ],
          [
            101.543164,
            3.06623
          ],
          [
            101.542393,
            3.065744
          ],
          [
            101.541936,
            3.065518
          ],
          [
            101.541045,
            3.06519
          ],
          [
            101.540878,
            3.065063
          ],
          [
            101.5408,
            3.064988
          ],
          [
            101.540783,
            3.064902
          ],
          [
            101.540749,
            3.064822
          ],
          [
            101.540658,
            3.064594
          ],
          [
            101.540657,
            3.064478
          ],
          [
            101.540674,
            3.064363
          ],
          [
            101.540803,
            3.063992
          ],
          [
            101.540917,
            3.063701
          ],
          [
            101.540967,
            3.063508
          ],
          [
            101.541098,
            3.062623
          ],
          [
            101.541275,
            3.061426
          ],
          [
            101.541334,
            3.060951
          ],
          [
            101.541565,
            3.059642
          ],
          [
            101.541935,
            3.058419
          ],
          [
            101.542067,
            3.058244
          ],
          [
            101.542131,
            3.058202
          ],
          [
            101.54219,
            3.058199
          ],
          [
            101.542264,
            3.05821
          ],
          [
            101.544293,
            3.058933
          ],
          [
            101.544876,
            3.059136
          ],
          [
            101.545017,
            3.059171
          ],
          [
            101.545254,
            3.059203
          ],
          [
            101.545397,
            3.05917
          ],
          [
            101.545512,
            3.059126
          ],
          [
            101.545667,
            3.059009
          ],
          [
            101.545806,
            3.058878
          ],
          [
            101.54589,
            3.058699
          ],
          [
            101.546281,
            3.057596
          ],
          [
            101.546489,
            3.057028
          ],
          [
            101.546988,
            3.055711
          ],
          [
            101.547431,
            3.054445
          ],
          [
            101.547488,
            3.054361
          ],
          [
            101.54752,
            3.054329
          ],
          [
            101.547552,
            3.054314
          ],
          [
            101.547668,
            3.05429
          ],
          [
            101.547921,
            3.054372
          ],
          [
            101.548149,
            3.054536
          ],
          [
            101.548177,
            3.054619
          ],
          [
            101.548151,
            3.054841
          ],
          [
            101.548173,
            3.055003
          ],
          [
            101.548587,
            3.056272
          ],
          [
            101.548693,
            3.056548
          ],
          [
            101.548754,
            3.056647
          ],
          [
            101.54882,
            3.056749
          ],
          [
            101.54896,
            3.056891
          ],
          [
            101.54975,
            3.057489
          ],
          [
            101.55099,
            3.058444
          ],
          [
            101.551314,
            3.058754
          ],
          [
            101.551465,
            3.059009
          ],
          [
            101.551565,
            3.05941
          ],
          [
            101.551555,
            3.05971
          ],
          [
            101.551398,
            3.060294
          ],
          [
            101.550842,
            3.062384
          ],
          [
            101.550849,
            3.062489
          ],
          [
            101.552337,
            3.06288
          ],
          [
            101.552408,
            3.062886
          ],
          [
            101.552588,
            3.062892
          ],
          [
            101.552698,
            3.062811
          ],
          [
            101.552803,
            3.062549
          ],
          [
            101.552848,
            3.061929
          ]
        ]
      }
    },
    {
      "type": "Feature",
      "properties": {
        "policy": "smart",
        "day": 17,
        "trip": 2,
        "distance_km_for_dispatch": 76.064
      },
      "geometry": {
        "type": "LineString",
        "coordinates": [
          [
            101.552848,
            3.061929
          ],
          [
            101.552803,
            3.062549
          ],
          [
            101.552698,
            3.062811
          ],
          [
            101.552588,
            3.062892
          ],
          [
            101.552408,
            3.062886
          ],
          [
            101.552337,
            3.06288
          ],
          [
            101.550849,
            3.062489
          ],
          [
            101.550912,
            3.062408
          ],
          [
            101.550937,
            3.062311
          ],
          [
            101.551199,
            3.061285
          ],
          [
            101.551416,
            3.060437
          ],
          [
            101.551448,
            3.060312
          ],
          [
            101.551606,
            3.05972
          ],
          [
            101.551628,
            3.059402
          ],
          [
            101.551585,
            3.059182
          ],
          [
            101.551483,
            3.058899
          ],
          [
            101.551385,
            3.058729
          ],
          [
            101.551216,
            3.058547
          ],
          [
            101.550914,
            3.058297
          ],
          [
            101.550406,
            3.057899
          ],
          [
            101.54993,
            3.057536
          ],
          [
            101.549789,
            3.057438
          ],
          [
            101.549666,
            3.057343
          ],
          [
            101.549423,
            3.057164
          ],
          [
            101.548999,
            3.05684
          ],
          [
            101.548842,
            3.056679
          ],
          [
            101.548736,
            3.056508
          ],
          [
            101.548657,
            3.056308
          ],
          [
            101.548449,
            3.055609
          ],
          [
            101.548467,
            3.055467
          ],
          [
            101.548514,
            3.055344
          ],
          [
            101.548604,
            3.055197
          ],
          [
            101.548653,
            3.05516
          ],
          [
            101.548729,
            3.05511
          ],
          [
            101.548812,
            3.05507
          ],
          [
            101.549041,
            3.055014
          ],
          [
            101.549226,
            3.054974
          ],
          [
            101.550239,
            3.054826
          ],
          [
            101.550618,
            3.054776
          ],
          [
            101.550917,
            3.054733
          ],
          [
            101.551468,
            3.054734
          ],
          [
            101.551981,
            3.054763
          ],
          [
            101.552204,
            3.054798
          ],
          [
            101.55247,
            3.054849
          ],
          [
            101.552689,
            3.054919
          ],
          [
            101.553038,
            3.055027
          ],
          [
            101.553168,
            3.055077
          ],
          [
            101.553348,
            3.055158
          ],
          [
            101.553622,
            3.055284
          ],
          [
            101.554236,
            3.055634
          ],
          [
            101.554638,
            3.055874
          ],
          [
            101.554963,
            3.056121
          ],
          [
            101.555319,
            3.05648
          ],
          [
            101.555571,
            3.056783
          ],
          [
            101.555768,
            3.057054
          ],
          [
            101.556026,
            3.057484
          ],
          [
            101.556181,
            3.057801
          ],
          [
            101.556241,
            3.057925
          ],
          [
            101.556266,
            3.057994
          ],
          [
            101.556315,
            3.05813
          ],
          [
            101.556464,
            3.058632
          ],
          [
            101.556532,
            3.058941
          ],
          [
            101.556614,
            3.059315
          ],
          [
            101.556655,
            3.059504
          ],
          [
            101.55669,
            3.059668
          ],
          [
            101.55675,
            3.060127
          ],
          [
            101.556774,
            3.06034
          ],
          [
            101.556795,
            3.060757
          ],
          [
            101.556795,
            3.060841
          ],
          [
            101.556795,
            3.061317
          ],
          [
            101.556754,
            3.062018
          ],
          [
            101.556759,
            3.062236
          ],
          [
            101.556733,
            3.062588
          ],
          [
            101.556643,
            3.063143
          ],
          [
            101.556654,
            3.063225
          ],
          [
            101.55668,
            3.063268
          ],
          [
            101.55671,
            3.063304
          ],
          [
            101.556963,
            3.063356
          ],
          [
            101.557377,
            3.063476
          ],
          [
            101.558114,
            3.063707
          ],
          [
            101.558235,
            3.063759
          ],
          [
            101.558301,
            3.063841
          ],
          [
            101.558329,
            3.063917
          ],
          [
            101.558252,
            3.065445
          ],
          [
            101.558295,
            3.065991
          ],
          [
            101.558351,
            3.066739
          ],
          [
            101.558377,
            3.066813
          ],
          [
            101.558408,
            3.066871
          ],
          [
            101.558445,
            3.066919
          ],
          [
            101.558522,
            3.067003
          ],
          [
            101.558588,
            3.067056
          ],
          [
            101.55867,
            3.067103
          ],
          [
            101.558796,
            3.06713
          ],
          [
            101.55897,
            3.067145
          ],
          [
            101.559738,
            3.067091
          ],
          [
            101.560529,
            3.067067
          ],
          [
            101.561386,
            3.066969
          ],
          [
            101.562815,
            3.066866
          ],
          [
            101.562917,
            3.066858
          ],
          [
            101.563031,
            3.066844
          ],
          [
            101.563067,
            3.066791
          ],
          [
            101.56308,
            3.066733
          ],
          [
            101.563091,
            3.066604
          ],
          [
            101.563044,
            3.066076
          ],
          [
            101.562961,
            3.065037
          ],
          [
            101.562953,
            3.064933
          ],
          [
            101.562945,
            3.064821
          ],
          [
            101.562937,
            3.064722
          ],
          [
            101.562843,
            3.063496
          ],
          [
            101.562855,
            3.063315
          ],
          [
            101.56291,
            3.063118
          ],
          [
            101.563003,
            3.062979
          ],
          [
            101.563041,
            3.062942
          ],
          [
            101.563106,
            3.062881
          ],
          [
            101.56323,
            3.0628
          ],
          [
            101.56344,
            3.062737
          ],
          [
            101.564058,
            3.062683
          ],
          [
            101.56544,
            3.062598
          ],
          [
            101.566236,
            3.062555
          ],
          [
            101.566367,
            3.062547
          ],
          [
            101.566476,
            3.062542
          ],
          [
            101.566651,
            3.0625
          ],
          [
            101.566824,
            3.062438
          ],
          [
            101.567002,
            3.062318
          ],
          [
            101.567127,
            3.062238
          ],
          [
            101.567155,
            3.062221
          ],
          [
            101.567231,
            3.062158
          ],
          [
            101.567281,
            3.062117
          ],
          [
            101.567363,
            3.062049
          ],
          [
            101.567499,
            3.061951
          ],
          [
            101.567847,
            3.061677
          ],
          [
            101.568344,
            3.061317
          ],
          [
            101.569588,
            3.060484
          ],
          [
            101.570194,
            3.060069
          ],
          [
            101.570392,
            3.059932
          ],
          [
            101.570584,
            3.059801
          ],
          [
            101.570832,
            3.059627
          ],
          [
            101.571167,
            3.059386
          ],
          [
            101.571367,
            3.059208
          ],
          [
            101.571541,
            3.058969
          ],
          [
            101.571588,
            3.058853
          ],
          [
            101.571624,
            3.058744
          ],
          [
            101.571647,
            3.058633
          ],
          [
            101.571659,
            3.058523
          ],
          [
            101.571659,
            3.058354
          ],
          [
            101.57161,
            3.057427
          ],
          [
            101.571595,
            3.057178
          ],
          [
            101.57157,
            3.056437
          ],
          [
            101.571531,
            3.055638
          ],
          [
            101.571492,
            3.055006
          ],
          [
            101.571447,
            3.05476
          ],
          [
            101.571333,
            3.054488
          ],
          [
            101.571209,
            3.054311
          ],
          [
            101.571045,
            3.054045
          ],
          [
            101.571021,
            3.053966
          ],
          [
            101.570949,
            3.053731
          ],
          [
            101.570805,
            3.05311
          ],
          [
            101.57074,
            3.05274
          ],
          [
            101.570628,
            3.051948
          ],
          [
            101.570598,
            3.051755
          ],
          [
            101.570553,
            3.051553
          ],
          [
            101.570441,
            3.051005
          ],
          [
            101.570325,
            3.050261
          ],
          [
            101.57029,
            3.050041
          ],
          [
            101.570265,
            3.049831
          ],
          [
            101.570167,
            3.04935
          ],
          [
            101.570142,
            3.049245
          ],
          [
            101.570094,
            3.049117
          ],
          [
            101.569981,
            3.048903
          ],
          [
            101.56972,
            3.048616
          ],
          [
            101.569488,
            3.048346
          ],
          [
            101.56937,
            3.048149
          ],
          [
            101.569324,
            3.047955
          ],
          [
            101.569296,
            3.047734
          ],
          [
            101.569357,
            3.047293
          ],
          [
            101.569447,
            3.04684
          ],
          [
            101.569581,
            3.04646
          ],
          [
            101.5697,
            3.046208
          ],
          [
            101.569753,
            3.046134
          ],
          [
            101.569935,
            3.045911
          ],
          [
            101.570163,
            3.045675
          ],
          [
            101.570396,
            3.045511
          ],
          [
            101.570444,
            3.045477
          ],
          [
            101.570619,
            3.045347
          ],
          [
            101.570779,
            3.045246
          ],
          [
            101.570966,
            3.045155
          ],
          [
            101.571204,
            3.045062
          ],
          [
            101.571406,
            3.045009
          ],
          [
            101.571642,
            3.044957
          ],
          [
            101.571847,
            3.044934
          ],
          [
            101.57219,
            3.044926
          ],
          [
            101.573159,
            3.044934
          ],
          [
            101.573911,
            3.04494
          ],
          [
            101.574696,
            3.044947
          ],
          [
            101.575388,
            3.044952
          ],
          [
            101.575778,
            3.044955
          ],
          [
            101.575911,
            3.044956
          ],
          [
            101.57589,
            3.044849
          ],
          [
            101.57565,
            3.043913
          ],
          [
            101.57583,
            3.043914
          ],
          [
            101.577765,
            3.043915
          ],
          [
            101.577922,
            3.043915
          ],
          [
            101.578455,
            3.043915
          ],
          [
            101.579505,
            3.043915
          ],
          [
            101.579509,
            3.045704
          ],
          [
            101.579511,
            3.046922
          ],
          [
            101.579677,
            3.046926
          ],
          [
            101.579675,
            3.046622
          ],
          [
            101.579673,
            3.04635
          ],
          [
            101.580712,
            3.046349
          ],
          [
            101.580711,
            3.046615
          ],
          [
            101.57972,
            3.046621
          ],
          [
            101.580001,
            3.046619
          ],
          [
            101.580711,
            3.046615
          ],
          [
            101.580711,
            3.046923
          ],
          [
            101.58082,
            3.046922
          ],
          [
            101.580998,
            3.04692
          ],
          [
            101.581211,
            3.046918
          ],
          [
            101.581612,
            3.046913
          ],
          [
            101.581693,
            3.046915
          ],
          [
            101.581696,
            3.047173
          ],
          [
            101.581699,
            3.047452
          ],
          [
            101.5817,
            3.047551
          ],
          [
            101.581701,
            3.047706
          ],
          [
            101.581705,
            3.048018
          ],
          [
            101.582618,
            3.048016
          ],
          [
            101.582719,
            3.048014
          ],
          [
            101.58282,
            3.048011
          ],
          [
            101.58282,
            3.048161
          ],
          [
            101.582819,
            3.048289
          ],
          [
            101.582827,
            3.049979
          ],
          [
            101.582832,
            3.050411
          ],
          [
            101.582833,
            3.050528
          ],
          [
            101.582832,
            3.050595
          ],
          [
            101.58283,
            3.050631
          ],
          [
            101.582832,
            3.050705
          ],
          [
            101.582843,
            3.050797
          ],
          [
            101.58286,
            3.05091
          ],
          [
            101.582881,
            3.050997
          ],
          [
            101.582924,
            3.051099
          ],
          [
            101.582984,
            3.051191
          ],
          [
            101.583061,
            3.051294
          ],
          [
            101.583192,
            3.051472
          ],
          [
            101.583414,
            3.051752
          ],
          [
            101.583562,
            3.051932
          ],
          [
            101.583823,
            3.052234
          ],
          [
            101.584085,
            3.052538
          ],
          [
            101.584498,
            3.053031
          ],
          [
            101.584725,
            3.053306
          ],
          [
            101.584822,
            3.053447
          ],
          [
            101.584913,
            3.053601
          ],
          [
            101.584991,
            3.053755
          ],
          [
            101.585047,
            3.053933
          ],
          [
            101.58509,
            3.054108
          ],
          [
            101.585114,
            3.054234
          ],
          [
            101.585126,
            3.054347
          ],
          [
            101.585126,
            3.054485
          ],
          [
            101.585125,
            3.05458
          ],
          [
            101.585085,
            3.056323
          ],
          [
            101.585084,
            3.056715
          ],
          [
            101.585087,
            3.056816
          ],
          [
            101.585188,
            3.056817
          ],
          [
            101.588071,
            3.056815
          ],
          [
            101.589348,
            3.056814
          ],
          [
            101.589348,
            3.056944
          ],
          [
            101.588822,
            3.056944
          ],
          [
            101.588822,
            3.057505
          ],
          [
            101.588822,
            3.057746
          ],
          [
            101.588822,
            3.058051
          ],
          [
            101.588821,
            3.058598
          ],
          [
            101.588821,
            3.058638
          ],
          [
            101.588821,
            3.059093
          ],
          [
            101.5887,
            3.059093
          ],
          [
            101.588318,
            3.059093
          ],
          [
            101.587871,
            3.059093
          ],
          [
            101.587833,
            3.059093
          ],
          [
            101.587328,
            3.059093
          ],
          [
            101.586864,
            3.059093
          ],
          [
            101.586867,
            3.058627
          ],
          [
            101.586215,
            3.058623
          ],
          [
            101.585226,
            3.058618
          ],
          [
            101.585226,
            3.058644
          ],
          [
            101.584956,
            3.058642
          ],
          [
            101.584667,
            3.058641
          ],
          [
            101.584667,
            3.058804
          ],
          [
            101.582535,
            3.058809
          ],
          [
            101.582066,
            3.058811
          ],
          [
            101.581779,
            3.058811
          ],
          [
            101.581487,
            3.058812
          ],
          [
            101.581488,
            3.058282
          ],
          [
            101.581488,
            3.058
          ],
          [
            101.581489,
            3.057617
          ],
          [
            101.58149,
            3.056952
          ],
          [
            101.581491,
            3.056811
          ],
          [
            101.583348,
            3.056809
          ],
          [
            101.585087,
            3.056816
          ],
          [
            101.585188,
            3.056817
          ],
          [
            101.585189,
            3.05672
          ],
          [
            101.585084,
            3.056715
          ],
          [
            101.584809,
            3.056708
          ],
          [
            101.584574,
            3.056706
          ],
          [
            101.581941,
            3.056694
          ],
          [
            101.579952,
            3.056703
          ],
          [
            101.579746,
            3.056707
          ],
          [
            101.579456,
            3.056728
          ],
          [
            101.579161,
            3.056811
          ],
          [
            101.57896,
            3.0569
          ],
          [
            101.578799,
            3.056995
          ],
          [
            101.578239,
            3.057371
          ],
          [
            101.578082,
            3.05747
          ],
          [
            101.578162,
            3.057573
          ],
          [
            101.579163,
            3.058995
          ],
          [
            101.580016,
            3.060216
          ],
          [
            101.580152,
            3.060436
          ],
          [
            101.580213,
            3.060565
          ],
          [
            101.58025,
            3.060672
          ],
          [
            101.580272,
            3.06082
          ],
          [
            101.580289,
            3.061011
          ],
          [
            101.580282,
            3.062759
          ],
          [
            101.580281,
            3.063509
          ],
          [
            101.580195,
            3.065349
          ],
          [
            101.57922,
            3.06535
          ],
          [
            101.578758,
            3.06535
          ],
          [
            101.578676,
            3.06535
          ],
          [
            101.578254,
            3.065351
          ],
          [
            101.577316,
            3.065351
          ],
          [
            101.577113,
            3.065351
          ],
          [
            101.576898,
            3.065352
          ],
          [
            101.57675,
            3.065362
          ],
          [
            101.576611,
            3.065391
          ],
          [
            101.576507,
            3.065415
          ],
          [
            101.576251,
            3.065483
          ],
          [
            101.576022,
            3.065544
          ],
          [
            101.575745,
            3.06562
          ],
          [
            101.575694,
            3.065634
          ],
          [
            101.575689,
            3.065755
          ],
          [
            101.575056,
            3.065767
          ],
          [
            101.574433,
            3.065778
          ],
          [
            101.574432,
            3.066033
          ],
          [
            101.574436,
            3.066052
          ],
          [
            101.574445,
            3.066065
          ],
          [
            101.574445,
            3.066065
          ],
          [
            101.575046,
            3.066054
          ],
          [
            101.575056,
            3.065767
          ],
          [
            101.575689,
            3.065755
          ],
          [
            101.575694,
            3.065634
          ],
          [
            101.575745,
            3.06562
          ],
          [
            101.576022,
            3.065544
          ],
          [
            101.576251,
            3.065483
          ],
          [
            101.576507,
            3.065415
          ],
          [
            101.576611,
            3.065391
          ],
          [
            101.57675,
            3.065362
          ],
          [
            101.576898,
            3.065352
          ],
          [
            101.577113,
            3.065351
          ],
          [
            101.577316,
            3.065351
          ],
          [
            101.578254,
            3.065351
          ],
          [
            101.578676,
            3.06535
          ],
          [
            101.578758,
            3.06535
          ],
          [
            101.57922,
            3.06535
          ],
          [
            101.580195,
            3.065349
          ],
          [
            101.580187,
            3.065452
          ],
          [
            101.580141,
            3.066405
          ],
          [
            101.580106,
            3.067158
          ],
          [
            101.58011,
            3.067368
          ],
          [
            101.580123,
            3.067511
          ],
          [
            101.580144,
            3.067643
          ],
          [
            101.580189,
            3.06784
          ],
          [
            101.58029,
            3.068153
          ],
          [
            101.580402,
            3.06839
          ],
          [
            101.580625,
            3.068699
          ],
          [
            101.580791,
            3.068939
          ],
          [
            101.580895,
            3.069178
          ],
          [
            101.580935,
            3.069342
          ],
          [
            101.580965,
            3.069463
          ],
          [
            101.580974,
            3.069679
          ],
          [
            101.580942,
            3.069921
          ],
          [
            101.580865,
            3.070215
          ],
          [
            101.580795,
            3.070381
          ],
          [
            101.580721,
            3.070503
          ],
          [
            101.58026,
            3.070917
          ],
          [
            101.579594,
            3.071498
          ],
          [
            101.579524,
            3.071595
          ],
          [
            101.579447,
            3.071752
          ],
          [
            101.579391,
            3.071931
          ],
          [
            101.579369,
            3.072032
          ],
          [
            101.579362,
            3.072207
          ],
          [
            101.579378,
            3.072338
          ],
          [
            101.579407,
            3.072483
          ],
          [
            101.579441,
            3.072575
          ],
          [
            101.579481,
            3.072677
          ],
          [
            101.579558,
            3.072803
          ],
          [
            101.579684,
            3.072951
          ],
          [
            101.579778,
            3.073039
          ],
          [
            101.579871,
            3.073111
          ],
          [
            101.580009,
            3.073181
          ],
          [
            101.58017,
            3.073245
          ],
          [
            101.580346,
            3.073276
          ],
          [
            101.580543,
            3.073298
          ],
          [
            101.580823,
            3.073304
          ],
          [
            101.582073,
            3.073314
          ],
          [
            101.583091,
            3.073306
          ],
          [
            101.584275,
            3.073322
          ],
          [
            101.58611,
            3.073326
          ],
          [
            101.587323,
            3.073339
          ],
          [
            101.588705,
            3.073332
          ],
          [
            101.589301,
            3.073328
          ],
          [
            101.589758,
            3.07331
          ],
          [
            101.590364,
            3.073287
          ],
          [
            101.590691,
            3.073283
          ],
          [
            101.590891,
            3.073281
          ],
          [
            101.594598,
            3.073312
          ],
          [
            101.595845,
            3.073336
          ],
          [
            101.597776,
            3.073331
          ],
          [
            101.597912,
            3.073319
          ],
          [
            101.598028,
            3.073309
          ],
          [
            101.598672,
            3.07323
          ],
          [
            101.598867,
            3.073216
          ],
          [
            101.599631,
            3.073232
          ],
          [
            101.600279,
            3.073232
          ],
          [
            101.600704,
            3.073232
          ],
          [
            101.601162,
            3.073242
          ],
          [
            101.601318,
            3.073257
          ],
          [
            101.60241,
            3.073428
          ],
          [
            101.602721,
            3.073481
          ],
          [
            101.603549,
            3.073625
          ],
          [
            101.603687,
            3.073652
          ],
          [
            101.60374,
            3.073663
          ],
          [
            101.604382,
            3.073789
          ],
          [
            101.604625,
            3.073832
          ],
          [
            101.605336,
            3.073943
          ],
          [
            101.606251,
            3.074053
          ],
          [
            101.606831,
            3.074102
          ],
          [
            101.606931,
            3.074108
          ],
          [
            101.608698,
            3.074108
          ],
          [
            101.608745,
            3.074109
          ],
          [
            101.609163,
            3.074105
          ],
          [
            101.609486,
            3.074111
          ],
          [
            101.609817,
            3.074137
          ],
          [
            101.609936,
            3.074204
          ],
          [
            101.609984,
            3.074233
          ],
          [
            101.61004,
            3.074248
          ],
          [
            101.610072,
            3.074254
          ],
          [
            101.610375,
            3.074318
          ],
          [
            101.611916,
            3.074572
          ],
          [
            101.612475,
            3.074658
          ],
          [
            101.61294,
            3.07469
          ],
          [
            101.61319,
            3.074707
          ],
          [
            101.613246,
            3.074685
          ],
          [
            101.613279,
            3.07465
          ],
          [
            101.613296,
            3.074608
          ],
          [
            101.613302,
            3.074553
          ],
          [
            101.613295,
            3.074502
          ],
          [
            101.613272,
            3.074455
          ],
          [
            101.613244,
            3.074424
          ],
          [
            101.61321,
            3.074393
          ],
          [
            101.612851,
            3.074392
          ],
          [
            101.61255,
            3.074358
          ],
          [
            101.610929,
            3.074103
          ],
          [
            101.610182,
            3.073964
          ],
          [
            101.609917,
            3.073917
          ],
          [
            101.609691,
            3.073892
          ],
          [
            101.60954,
            3.073883
          ],
          [
            101.609234,
            3.073873
          ],
          [
            101.609143,
            3.07387
          ],
          [
            101.608705,
            3.073866
          ],
          [
            101.608523,
            3.073863
          ],
          [
            101.608206,
            3.073869
          ],
          [
            101.607787,
            3.073872
          ],
          [
            101.6073,
            3.073879
          ],
          [
            101.607153,
            3.073881
          ],
          [
            101.606947,
            3.073875
          ],
          [
            101.60673,
            3.073855
          ],
          [
            101.606657,
            3.073849
          ],
          [
            101.606356,
            3.073804
          ],
          [
            101.606118,
            3.073764
          ],
          [
            101.605893,
            3.073723
          ],
          [
            101.605386,
            3.073736
          ],
          [
            101.604654,
            3.073624
          ],
          [
            101.604418,
            3.073583
          ],
          [
            101.603903,
            3.073484
          ],
          [
            101.603508,
            3.073388
          ],
          [
            101.603002,
            3.073277
          ],
          [
            101.602716,
            3.073217
          ],
          [
            101.602444,
            3.073181
          ],
          [
            101.60166,
            3.073127
          ],
          [
            101.600862,
            3.073116
          ],
          [
            101.60076,
            3.073116
          ],
          [
            101.598828,
            3.0731
          ],
          [
            101.598055,
            3.073093
          ],
          [
            101.597831,
            3.073091
          ],
          [
            101.597803,
            3.073091
          ],
          [
            101.59754,
            3.072993
          ],
          [
            101.597275,
            3.072977
          ],
          [
            101.597028,
            3.072978
          ],
          [
            101.596592,
            3.072982
          ],
          [
            101.595521,
            3.072992
          ],
          [
            101.593884,
            3.073009
          ],
          [
            101.593705,
            3.073012
          ],
          [
            101.593498,
            3.073015
          ],
          [
            101.593391,
            3.073001
          ],
          [
            101.593282,
            3.072944
          ],
          [
            101.593252,
            3.072911
          ],
          [
            101.593225,
            3.072891
          ],
          [
            101.593188,
            3.072871
          ],
          [
            101.593112,
            3.07285
          ],
          [
            101.593039,
            3.072847
          ],
          [
            101.592928,
            3.07286
          ],
          [
            101.592896,
            3.072875
          ],
          [
            101.592842,
            3.072907
          ],
          [
            101.592808,
            3.072945
          ],
          [
            101.592782,
            3.072983
          ],
          [
            101.592766,
            3.073033
          ],
          [
            101.592754,
            3.073093
          ],
          [
            101.592745,
            3.073183
          ],
          [
            101.592747,
            3.07328
          ],
          [
            101.592758,
            3.073345
          ],
          [
            101.592767,
            3.073386
          ],
          [
            101.592784,
            3.073428
          ],
          [
            101.592807,
            3.073474
          ],
          [
            101.592823,
            3.0735
          ],
          [
            101.592845,
            3.073526
          ],
          [
            101.592869,
            3.073546
          ],
          [
            101.592897,
            3.073562
          ],
          [
            101.592929,
            3.073582
          ],
          [
            101.592945,
            3.073603
          ],
          [
            101.592965,
            3.073625
          ],
          [
            101.592975,
            3.07366
          ],
          [
            101.592977,
            3.073759
          ],
          [
            101.592975,
            3.073858
          ],
          [
            101.592979,
            3.074355
          ],
          [
            101.59298,
            3.074583
          ],
          [
            101.592974,
            3.075484
          ],
          [
            101.592976,
            3.075708
          ],
          [
            101.593001,
            3.078303
          ],
          [
            101.593003,
            3.078471
          ],
          [
            101.592959,
            3.078547
          ],
          [
            101.592921,
            3.078599
          ],
          [
            101.592865,
            3.078645
          ],
          [
            101.592789,
            3.078645
          ],
          [
            101.592468,
            3.078644
          ],
          [
            101.592147,
            3.078644
          ],
          [
            101.591641,
            3.078643
          ],
          [
            101.591385,
            3.078642
          ],
          [
            101.591157,
            3.078642
          ],
          [
            101.590169,
            3.078636
          ],
          [
            101.590072,
            3.078636
          ],
          [
            101.589793,
            3.078635
          ],
          [
            101.589766,
            3.078635
          ],
          [
            101.589139,
            3.078634
          ],
          [
            101.589139,
            3.078415
          ],
          [
            101.589138,
            3.077432
          ],
          [
            101.589138,
            3.077372
          ],
          [
            101.589138,
            3.077027
          ],
          [
            101.589138,
            3.076768
          ],
          [
            101.588903,
            3.076529
          ],
          [
            101.58874,
            3.076363
          ],
          [
            101.588738,
            3.076361
          ],
          [
            101.588498,
            3.076117
          ],
          [
            101.58826,
            3.075876
          ],
          [
            101.588182,
            3.075876
          ],
          [
            101.587433,
            3.075876
          ],
          [
            101.587381,
            3.075876
          ],
          [
            101.586395,
            3.075876
          ],
          [
            101.586396,
            3.075831
          ],
          [
            101.586399,
            3.075528
          ],
          [
            101.58641,
            3.075218
          ],
          [
            101.586412,
            3.075197
          ],
          [
            101.586411,
            3.075113
          ],
          [
            101.586267,
            3.075112
          ],
          [
            101.586176,
            3.075112
          ],
          [
            101.586179,
            3.074203
          ],
          [
            101.586175,
            3.073921
          ],
          [
            101.586174,
            3.073793
          ],
          [
            101.586172,
            3.073466
          ],
          [
            101.586172,
            3.073424
          ],
          [
            101.586173,
            3.073011
          ],
          [
            101.586173,
            3.072982
          ],
          [
            101.586177,
            3.072678
          ],
          [
            101.58619,
            3.071798
          ],
          [
            101.586358,
            3.071805
          ],
          [
            101.586746,
            3.071805
          ],
          [
            101.588739,
            3.071805
          ],
          [
            101.588805,
            3.071805
          ],
          [
            101.588853,
            3.071794
          ],
          [
            101.588894,
            3.071774
          ],
          [
            101.588913,
            3.07174
          ],
          [
            101.588924,
            3.071694
          ],
          [
            101.588931,
            3.071486
          ],
          [
            101.588928,
            3.071247
          ],
          [
            101.588896,
            3.07116
          ],
          [
            101.588788,
            3.071131
          ],
          [
            101.5877,
            3.071135
          ],
          [
            101.586421,
            3.071139
          ],
          [
            101.586358,
            3.07114
          ],
          [
            101.586358,
            3.071805
          ],
          [
            101.586359,
            3.071878
          ],
          [
            101.586359,
            3.072464
          ],
          [
            101.586356,
            3.072561
          ],
          [
            101.586357,
            3.072677
          ],
          [
            101.586416,
            3.072791
          ],
          [
            101.586505,
            3.072876
          ],
          [
            101.586649,
            3.072907
          ],
          [
            101.587103,
            3.072907
          ],
          [
            101.587271,
            3.072908
          ],
          [
            101.587277,
            3.073011
          ],
          [
            101.58649,
            3.073015
          ],
          [
            101.586447,
            3.073015
          ],
          [
            101.586173,
            3.073011
          ],
          [
            101.586063,
            3.07301
          ],
          [
            101.58607,
            3.073424
          ],
          [
            101.58607,
            3.073465
          ],
          [
            101.586067,
            3.073806
          ],
          [
            101.586063,
            3.07417
          ],
          [
            101.586057,
            3.074498
          ],
          [
            101.585873,
            3.074497
          ],
          [
            101.585862,
            3.074884
          ],
          [
            101.585858,
            3.075019
          ],
          [
            101.585866,
            3.075553
          ],
          [
            101.585859,
            3.076116
          ],
          [
            101.58434,
            3.076131
          ],
          [
            101.584349,
            3.076501
          ],
          [
            101.584354,
            3.076737
          ],
          [
            101.584366,
            3.077301
          ],
          [
            101.584694,
            3.077298
          ],
          [
            101.585005,
            3.077296
          ],
          [
            101.585859,
            3.077311
          ],
          [
            101.586013,
            3.077359
          ],
          [
            101.586009,
            3.077583
          ],
          [
            101.585963,
            3.077828
          ],
          [
            101.585872,
            3.078149
          ],
          [
            101.585747,
            3.078451
          ],
          [
            101.585525,
            3.078858
          ],
          [
            101.585396,
            3.079063
          ],
          [
            101.584911,
            3.079861
          ],
          [
            101.58469,
            3.08022
          ],
          [
            101.58444,
            3.080464
          ],
          [
            101.584327,
            3.080536
          ],
          [
            101.584171,
            3.080567
          ],
          [
            101.584034,
            3.080545
          ],
          [
            101.583397,
            3.080244
          ],
          [
            101.582553,
            3.079868
          ],
          [
            101.582034,
            3.079655
          ],
          [
            101.581874,
            3.079596
          ],
          [
            101.58154,
            3.079505
          ],
          [
            101.581387,
            3.079472
          ],
          [
            101.581247,
            3.07945
          ],
          [
            101.58027,
            3.079317
          ],
          [
            101.579843,
            3.079276
          ],
          [
            101.579402,
            3.079224
          ],
          [
            101.578816,
            3.079152
          ],
          [
            101.577192,
            3.078942
          ],
          [
            101.574907,
            3.078691
          ],
          [
            101.574848,
            3.078654
          ],
          [
            101.574808,
            3.078611
          ],
          [
            101.574776,
            3.078581
          ],
          [
            101.574728,
            3.078517
          ],
          [
            101.574703,
            3.078473
          ],
          [
            101.574664,
            3.078401
          ],
          [
            101.57453,
            3.078086
          ],
          [
            101.57451,
            3.078038
          ],
          [
            101.574482,
            3.077971
          ],
          [
            101.574325,
            3.077601
          ],
          [
            101.573863,
            3.076515
          ],
          [
            101.573848,
            3.076469
          ],
          [
            101.573823,
            3.076399
          ],
          [
            101.573816,
            3.076294
          ],
          [
            101.573842,
            3.076197
          ],
          [
            101.573878,
            3.076131
          ],
          [
            101.573926,
            3.076063
          ],
          [
            101.574178,
            3.075714
          ],
          [
            101.574374,
            3.075447
          ],
          [
            101.574446,
            3.075353
          ],
          [
            101.574575,
            3.075186
          ],
          [
            101.574665,
            3.075078
          ],
          [
            101.575087,
            3.075413
          ],
          [
            101.575182,
            3.075489
          ],
          [
            101.575341,
            3.07528
          ],
          [
            101.575562,
            3.074988
          ],
          [
            101.575651,
            3.074875
          ],
          [
            101.57574,
            3.074763
          ],
          [
            101.57578,
            3.07474
          ],
          [
            101.575836,
            3.07473
          ],
          [
            101.576472,
            3.074824
          ],
          [
            101.577234,
            3.074929
          ],
          [
            101.577257,
            3.074754
          ],
          [
            101.577266,
            3.07468
          ],
          [
            101.577288,
            3.07451
          ],
          [
            101.578209,
            3.074595
          ],
          [
            101.578273,
            3.074595
          ],
          [
            101.578341,
            3.07458
          ],
          [
            101.578535,
            3.074533
          ],
          [
            101.578658,
            3.074506
          ],
          [
            101.579258,
            3.076401
          ],
          [
            101.579465,
            3.0771
          ],
          [
            101.579488,
            3.077203
          ],
          [
            101.579536,
            3.077404
          ],
          [
            101.579573,
            3.077692
          ],
          [
            101.579583,
            3.077848
          ],
          [
            101.579593,
            3.078016
          ],
          [
            101.579594,
            3.078077
          ],
          [
            101.579629,
            3.078174
          ],
          [
            101.579497,
            3.080071
          ],
          [
            101.579434,
            3.080607
          ],
          [
            101.579346,
            3.081268
          ],
          [
            101.579309,
            3.081671
          ],
          [
            101.579284,
            3.081999
          ],
          [
            101.579231,
            3.082692
          ],
          [
            101.57923,
            3.082847
          ],
          [
            101.579242,
            3.08297
          ],
          [
            101.57927,
            3.083165
          ],
          [
            101.579284,
            3.083441
          ],
          [
            101.57927,
            3.083729
          ],
          [
            101.579241,
            3.084068
          ],
          [
            101.579225,
            3.08424
          ],
          [
            101.579185,
            3.08442
          ],
          [
            101.579061,
            3.084787
          ],
          [
            101.579005,
            3.084953
          ],
          [
            101.578647,
            3.085968
          ],
          [
            101.578312,
            3.086765
          ],
          [
            101.578182,
            3.087089
          ],
          [
            101.577442,
            3.089053
          ],
          [
            101.577037,
            3.090072
          ],
          [
            101.576922,
            3.090146
          ],
          [
            101.576847,
            3.090172
          ],
          [
            101.576751,
            3.090169
          ],
          [
            101.576516,
            3.090049
          ],
          [
            101.576172,
            3.089842
          ],
          [
            101.575935,
            3.0897
          ],
          [
            101.575277,
            3.089308
          ],
          [
            101.574205,
            3.088636
          ],
          [
            101.573458,
            3.088218
          ],
          [
            101.572652,
            3.087685
          ],
          [
            101.572398,
            3.087416
          ],
          [
            101.572233,
            3.087199
          ],
          [
            101.571779,
            3.086577
          ],
          [
            101.571682,
            3.086443
          ],
          [
            101.571553,
            3.086218
          ],
          [
            101.571467,
            3.086004
          ],
          [
            101.571443,
            3.085941
          ],
          [
            101.57106,
            3.084927
          ],
          [
            101.570802,
            3.084311
          ],
          [
            101.570727,
            3.084186
          ],
          [
            101.570572,
            3.083919
          ],
          [
            101.570475,
            3.083745
          ],
          [
            101.57032,
            3.083556
          ],
          [
            101.570235,
            3.083475
          ],
          [
            101.570085,
            3.083349
          ],
          [
            101.569946,
            3.083312
          ],
          [
            101.56975,
            3.083277
          ],
          [
            101.569263,
            3.083285
          ],
          [
            101.569068,
            3.083272
          ],
          [
            101.568899,
            3.083228
          ],
          [
            101.56874,
            3.083174
          ],
          [
            101.568525,
            3.083026
          ],
          [
            101.568218,
            3.082716
          ],
          [
            101.567984,
            3.082551
          ],
          [
            101.567866,
            3.082467
          ],
          [
            101.567756,
            3.082395
          ],
          [
            101.567507,
            3.082253
          ],
          [
            101.56717,
            3.082138
          ],
          [
            101.56688,
            3.08209
          ],
          [
            101.566614,
            3.082095
          ],
          [
            101.566174,
            3.082149
          ],
          [
            101.565474,
            3.082258
          ],
          [
            101.564473,
            3.08225
          ],
          [
            101.564371,
            3.082249
          ],
          [
            101.564309,
            3.082249
          ],
          [
            101.5642,
            3.082246
          ],
          [
            101.564147,
            3.082247
          ],
          [
            101.563993,
            3.082248
          ],
          [
            101.563819,
            3.082253
          ],
          [
            101.563607,
            3.082253
          ],
          [
            101.563353,
            3.082253
          ],
          [
            101.563248,
            3.082254
          ],
          [
            101.561487,
            3.082254
          ],
          [
            101.561006,
            3.082259
          ],
          [
            101.560426,
            3.082258
          ],
          [
            101.560224,
            3.082258
          ],
          [
            101.560098,
            3.082257
          ],
          [
            101.560022,
            3.082257
          ],
          [
            101.559197,
            3.082256
          ],
          [
            101.558909,
            3.082255
          ],
          [
            101.558304,
            3.082255
          ],
          [
            101.557522,
            3.082253
          ],
          [
            101.555465,
            3.082226
          ],
          [
            101.555329,
            3.08219
          ],
          [
            101.555197,
            3.082083
          ],
          [
            101.55511,
            3.081923
          ],
          [
            101.555093,
            3.081779
          ],
          [
            101.555132,
            3.081084
          ],
          [
            101.555079,
            3.080969
          ],
          [
            101.555027,
            3.080915
          ],
          [
            101.555037,
            3.080794
          ],
          [
            101.555076,
            3.080368
          ],
          [
            101.555246,
            3.078985
          ],
          [
            101.555296,
            3.078318
          ],
          [
            101.555302,
            3.078253
          ],
          [
            101.555362,
            3.077613
          ],
          [
            101.555506,
            3.07631
          ],
          [
            101.555524,
            3.076153
          ],
          [
            101.55559,
            3.075504
          ],
          [
            101.555603,
            3.075375
          ],
          [
            101.555642,
            3.074985
          ],
          [
            101.555655,
            3.074862
          ],
          [
            101.555423,
            3.074826
          ],
          [
            101.554925,
            3.074655
          ],
          [
            101.554787,
            3.074614
          ],
          [
            101.554482,
            3.07453
          ],
          [
            101.554161,
            3.074459
          ],
          [
            101.553808,
            3.074445
          ],
          [
            101.553554,
            3.074422
          ],
          [
            101.553366,
            3.074419
          ],
          [
            101.553133,
            3.074445
          ],
          [
            101.551318,
            3.073961
          ],
          [
            101.550819,
            3.073736
          ],
          [
            101.550546,
            3.073614
          ],
          [
            101.550216,
            3.073459
          ],
          [
            101.549915,
            3.073284
          ],
          [
            101.549692,
            3.073117
          ],
          [
            101.549434,
            3.07292
          ],
          [
            101.54913,
            3.072713
          ],
          [
            101.549098,
            3.072692
          ],
          [
            101.548186,
            3.072102
          ],
          [
            101.547987,
            3.071963
          ],
          [
            101.547637,
            3.071692
          ],
          [
            101.547502,
            3.071518
          ],
          [
            101.547379,
            3.071359
          ],
          [
            101.54728,
            3.071228
          ],
          [
            101.547066,
            3.070897
          ],
          [
            101.547011,
            3.070802
          ],
          [
            101.546112,
            3.069266
          ],
          [
            101.545651,
            3.068519
          ],
          [
            101.545343,
            3.068108
          ],
          [
            101.54504,
            3.06773
          ],
          [
            101.544755,
            3.067397
          ],
          [
            101.544599,
            3.067254
          ],
          [
            101.544373,
            3.067093
          ],
          [
            101.543889,
            3.066747
          ],
          [
            101.543164,
            3.06623
          ],
          [
            101.542393,
            3.065744
          ],
          [
            101.541936,
            3.065518
          ],
          [
            101.541045,
            3.06519
          ],
          [
            101.540878,
            3.065063
          ],
          [
            101.5408,
            3.064988
          ],
          [
            101.540783,
            3.064902
          ],
          [
            101.540749,
            3.064822
          ],
          [
            101.540658,
            3.064594
          ],
          [
            101.540657,
            3.064478
          ],
          [
            101.540674,
            3.064363
          ],
          [
            101.540803,
            3.063992
          ],
          [
            101.540917,
            3.063701
          ],
          [
            101.540967,
            3.063508
          ],
          [
            101.541098,
            3.062623
          ],
          [
            101.541275,
            3.061426
          ],
          [
            101.541334,
            3.060951
          ],
          [
            101.541565,
            3.059642
          ],
          [
            101.541935,
            3.058419
          ],
          [
            101.542067,
            3.058244
          ],
          [
            101.542131,
            3.058202
          ],
          [
            101.54219,
            3.058199
          ],
          [
            101.542264,
            3.05821
          ],
          [
            101.544293,
            3.058933
          ],
          [
            101.544876,
            3.059136
          ],
          [
            101.545017,
            3.059171
          ],
          [
            101.545254,
            3.059203
          ],
          [
            101.545397,
            3.05917
          ],
          [
            101.545512,
            3.059126
          ],
          [
            101.545667,
            3.059009
          ],
          [
            101.545806,
            3.058878
          ],
          [
            101.54589,
            3.058699
          ],
          [
            101.546281,
            3.057596
          ],
          [
            101.546489,
            3.057028
          ],
          [
            101.546988,
            3.055711
          ],
          [
            101.547431,
            3.054445
          ],
          [
            101.547488,
            3.054361
          ],
          [
            101.54752,
            3.054329
          ],
          [
            101.547552,
            3.054314
          ],
          [
            101.547668,
            3.05429
          ],
          [
            101.547921,
            3.054372
          ],
          [
            101.548149,
            3.054536
          ],
          [
            101.548177,
            3.054619
          ],
          [
            101.548151,
            3.054841
          ],
          [
            101.548173,
            3.055003
          ],
          [
            101.548587,
            3.056272
          ],
          [
            101.548693,
            3.056548
          ],
          [
            101.548754,
            3.056647
          ],
          [
            101.54882,
            3.056749
          ],
          [
            101.54896,
            3.056891
          ],
          [
            101.54975,
            3.057489
          ],
          [
            101.55099,
            3.058444
          ],
          [
            101.551314,
            3.058754
          ],
          [
            101.551465,
            3.059009
          ],
          [
            101.551565,
            3.05941
          ],
          [
            101.551555,
            3.05971
          ],
          [
            101.551398,
            3.060294
          ],
          [
            101.550842,
            3.062384
          ],
          [
            101.550849,
            3.062489
          ],
          [
            101.552337,
            3.06288
          ],
          [
            101.552408,
            3.062886
          ],
          [
            101.552588,
            3.062892
          ],
          [
            101.552698,
            3.062811
          ],
          [
            101.552803,
            3.062549
          ],
          [
            101.552848,
            3.061929
          ]
        ]
      }
    }
  ]
}